<?xml version="1.0" encoding="UTF-8" standalone="no" ?>
<COLLADA version="1.4.1" xmlns="http://www.collada.org/2005/11/COLLADASchema">

  <asset>
    <contributor>
      <authoring_tool>ONSHAPE BY PTC INC, 1.204</authoring_tool>
    </contributor>
    <created>2025-09-26T02:41:08</created>
    <modified>2025-09-26T02:41:08</modified>
    <unit meter="1" name="meters"/>
    <up_axis>Z_UP</up_axis>
  </asset>

  <library_materials>
    <material id="ID10" name="ID10">
      <instance_effect url="#ID10-fx"/>
    </material>
    <material id="ID18" name="ID18">
      <instance_effect url="#ID18-fx"/>
    </material>
  </library_materials>

  <library_effects>
    <effect id="ID10-fx" name="ID10">
      <profile_COMMON>
        <technique sid="COMMON">
          <lambert>
            <diffuse>
              <color sid="diffuse">0 0 0 1</color>
            </diffuse>
            <transparent opaque="A_ONE">
              <color sid="transparent">1 1 1 1</color>
            </transparent>
            <transparency>
              <float sid="transparency">1</float>
            </transparency>
          </lambert>
        </technique>
        <extra>
          <technique profile="OTHER">
            <double_sided>1</double_sided>
          </technique>
        </extra>
      </profile_COMMON>
    </effect>
    <effect id="ID18-fx" name="ID18">
      <profile_COMMON>
        <technique sid="COMMON">
          <lambert>
            <diffuse>
              <color sid="diffuse">1 0 0 1</color>
            </diffuse>
            <transparent opaque="A_ONE">
              <color sid="transparent">1 1 1 1</color>
            </transparent>
            <transparency>
              <float sid="transparency">1</float>
            </transparency>
          </lambert>
        </technique>
        <extra>
          <technique profile="OTHER">
            <double_sided>1</double_sided>
          </technique>
        </extra>
      </profile_COMMON>
    </effect>
  </library_effects>

  <library_geometries>
    <geometry id="ID4">
      <mesh>
        <source id="ID5">
          <float_array count="11442" id="ID6">-0.0922215 -0.0122677 0.016 -0.0922215 -0.0122677 0.019175 -0.0444356 0.0705 0.019175 -0.0444356 0.0705 0.016 -0.0228145 0.0705 0.019175 -0.0228145 0.055 0.019175 -0.0228145 0.055 0.016 -0.0228145 0.0705 0.016 -0.0228145 0.055 0.016 -0.034337 0.064107 0.016 -0.034088 0.0643262 0.016 -0.0374277 0.065349 0.016 -0.0444356 0.0705 0.016 -0.0374558 0.0656795 0.016 0.0760471 -0.00273988 0.016 0.036912 0.0643262 0.016 0.0444356 0.0705 0.016 0.0479917 -0.00818733 0.016 0.0176677 -0.0365622 0.016 0.047806 -0.00791249 0.016 0.0746084 -0.00592259 0.016 0.074838 -0.00616209 0.016 0.0590387 -0.00774204 0.016 0.0179755 -0.0501208 0.016 0.0422024 -0.0632531 0.016 0.0176677 -0.0502445 0.016 0.0741743 -0.00469392 0.016 0.0742024 -0.00502445 0.016 0.017012 -0.0464204 0.016 0.016683 -0.0464625 0.016 0.017012 -0.0403863 0.016 0.047806 -0.00600482 0.016 0.0183183 0.0444473 0.016 0.0479917 -0.00572998 0.016 0.0567349 -0.0737323 0.016 -0.0567349 -0.0737323 0.016 0.0434009 -0.0653984 0.016 0.0362241 -0.047258 0.016 0.0190438 -0.0485403 0.016 0.0190438 -0.0482086 0.016 -0.0429671 -0.0620112 0.016 -0.0432496 -0.0618373 0.016 -0.0362241 -0.047258 0.016 -0.0780578 -0.00502445 0.016 -0.0922215 -0.0122677 0.016 -0.0780859 -0.00469392 0.016 -0.0858855 -0.023242 0.016 -0.0758817 -0.00663388 0.016 -0.0755574 -0.00656399 0.016 0.0476693 -0.00761021 0.016 0.017012 -0.0364782 0.016 0.0475857 -0.00728919 0.016 -0.0228145 0.0705 0.016 -0.0335512 0.0655136 0.016 -0.0335512 0.0658454 0.016 -0.0742374 -0.00518674 0.016 -0.0590387 -0.00774204 0.016 -0.0743479 -0.00549952 0.016 -0.0373441 0.0650279 0.016 -0.0372074 0.0647257 0.016 -0.0643178 0.00981825 0.016 -0.020252 0.0451305 0.016 -0.0641726 0.00973964 0.016 -0.0370217 0.0644508 0.016 -0.0651212 0.0079867 0.016 -0.0749671 -0.00312146 0.016 -0.0752496 -0.00294754 0.016 -0.0741813 -0.00485978 0.016 -0.0741813 -0.00452806 0.016 -0.0742374 -0.0042011 0.016 -0.035583 0.0637254 0.016 -0.035912 0.0637676 0.016 -0.0206861 0.0463592 0.016 -0.0349273 0.0638094 0.016 -0.0352516 0.0637395 0.016 -0.0346195 0.0639331 0.016 -0.0338796 0.0645843 0.016 -0.0337178 0.0648739 0.016 -0.0336073 0.0651867 0.016 -0.0352516 0.0676195 0.016 -0.0337178 0.0664851 0.016 -0.0336073 0.0661723 0.016 -0.034088 0.0670328 0.016 -0.0338796 0.0667747 0.016 -0.0346195 0.0674259 0.016 -0.034337 0.067252 0.016 -0.0349273 0.0675496 0.016 -0.035912 0.0675914 0.016 -0.035583 0.0676335 0.016 -0.0365254 0.0673449 0.016 -0.0362292 0.0674943 0.016 -0.0370217 0.0669082 0.016 -0.0367921 0.0671477 0.016 -0.0373441 0.066331 0.016 -0.0372074 0.0666333 0.016 -0.0374277 0.06601 0.016 -0.0154746 -0.0395274 0.016 -0.0154746 -0.0472792 0.016 -0.015683 -0.0470211 0.016 0.0160696 -0.0400977 0.016 0.0163658 -0.040247 0.016 0.0160696 -0.046709 0.016 -0.015932 -0.046802 0.016 -0.015683 -0.0397855 0.016 -0.0162145 -0.0501208 0.016 0.0163658 -0.0501892 0.016 -0.0165223 -0.0502445 0.016 -0.017507 -0.0403441 0.016 -0.0178242 -0.0465597 0.016 -0.0178242 -0.040247 0.016 -0.0153128 -0.0392378 0.016 -0.0152023 -0.0389251 0.016 0.0152509 -0.0390838 0.016 0.0426084 -0.0648123 0.016 0.017012 -0.0503285 0.016 0.0424227 -0.0645375 0.016 0.016683 -0.0502863 0.016 -0.0162145 -0.0466281 0.016 -0.015932 -0.0400047 0.016 0.0173434 -0.0503144 0.016 0.0422024 -0.0639142 0.016 0.042286 -0.0642352 0.016 -0.0421814 -0.0634178 0.016 -0.0422374 -0.0630908 0.016 -0.0178242 -0.0501892 0.016 0.0421743 -0.0635836 0.016 0.042838 -0.0621155 0.016 0.0431047 -0.0619182 0.016 0.0450106 -0.06533 0.016 0.0447028 -0.0654537 0.016 0.0187154 -0.0494696 0.016 0.018507 -0.0497277 0.016 0.018258 -0.0499469 0.016 0.0189877 -0.0488673 0.016 0.0188772 -0.04918 0.016 0.0189877 -0.0478816 0.016 0.0188772 -0.0475688 0.016 0.0187154 -0.0472792 0.016 0.0153876 -0.0474206 0.016 0.0155733 -0.0396609 0.016 0.0155733 -0.0471458 0.016 0.018258 -0.046802 0.016 0.0179755 -0.0466281 0.016 0.018258 -0.0400047 0.016 0.0163658 -0.0465597 0.016 0.016683 -0.0403441 0.016 0.0158029 -0.0399004 0.016 0.0158029 -0.0469063 0.016 0.0179755 -0.0401786 0.016 0.0176677 -0.0465044 0.016 0.0176677 -0.0403023 0.016 -0.0162145 -0.0366859 0.016 0.0160696 -0.0367668 0.016 -0.015932 -0.0368598 0.016 -0.015932 -0.0499469 0.016 0.0160696 -0.0500399 0.016 0.0153876 -0.0393861 0.016 0.0152509 -0.0477229 0.016 0.0158029 -0.0498426 0.016 -0.015683 -0.0497277 0.016 0.0155733 -0.0496031 0.016 -0.0153128 -0.0475688 0.016 0.0173434 -0.0364923 0.016 0.0173434 -0.0403722 0.016 0.0173434 -0.0464345 0.016 0.0187154 -0.0395274 0.016 0.018507 -0.0397855 0.016 0.018507 -0.0470211 0.016 0.0188772 -0.0392378 0.016 0.0189877 -0.0389251 0.016 0.0190438 -0.0385981 0.016 0.0190438 -0.0382664 0.016 0.0189877 -0.0379394 0.016 0.0188772 -0.0376266 0.016 0.0482213 -0.00842682 0.016 0.0187154 -0.037337 0.016 -0.0181576 0.0444891 0.016 -0.0178498 0.0446128 0.016 0.0180011 0.0445444 0.016 0.0475576 -0.00695866 0.016 -0.0489407 -0.00882873 0.016 -0.0486329 -0.00870504 0.016 -0.0183871 -0.0369641 0.016 -0.0152023 -0.0379394 0.016 0.0152509 -0.0377807 0.016 0.0151673 -0.0381017 0.016 0.0163658 -0.0366175 0.016 0.0153876 -0.0374784 0.016 -0.0154746 -0.037337 0.016 0.0155733 -0.0372036 0.016 0.0151673 -0.0387628 0.016 -0.0151462 -0.0385981 0.016 -0.0151462 -0.0382664 0.016 0.0151392 -0.0384322 0.016 0.0151673 -0.0480439 0.016 -0.0152023 -0.0478816 0.016 -0.0154746 -0.0494696 0.016 0.0153876 -0.0493283 0.016 -0.0153128 -0.04918 0.016 0.0152509 -0.049026 0.016 -0.0153128 -0.0376266 0.016 -0.0189391 -0.0390838 0.016 -0.0190227 -0.0387628 0.016 -0.0190508 -0.0384322 0.016 -0.0186167 -0.0396609 0.016 -0.0188024 -0.0393861 0.016 -0.0181204 -0.0400977 0.016 -0.0181204 -0.046709 0.016 -0.0168466 -0.0403722 0.016 -0.0165223 -0.0403023 0.016 -0.0168466 -0.0464345 0.016 -0.017178 -0.0403863 0.016 -0.017178 -0.0464204 0.016 -0.017507 -0.0464625 0.016 -0.0162145 -0.0401786 0.016 -0.0175673 0.0447867 0.016 0.0177049 0.0446938 0.016 -0.015683 -0.0370789 0.016 0.0158029 -0.0369641 0.016 -0.0165223 -0.0365622 0.016 0.016683 -0.0365203 0.016 0.0172086 0.0451305 0.016 0.0174382 0.044891 0.016 -0.0173183 0.0450059 0.016 0.0767028 -0.00282385 0.016 0.0763785 -0.00275396 0.016 -0.049265 -0.00889861 0.016 -0.0495964 -0.00891269 0.016 -0.0510351 -0.00818733 0.016 -0.0512208 -0.00791249 0.016 -0.0499255 -0.00887056 0.016 -0.0502426 -0.00877342 0.016 -0.0188024 -0.0374784 0.016 -0.0186167 -0.0372036 0.016 -0.0477312 -0.00615306 0.016 -0.0190227 -0.0381017 0.016 -0.0189391 -0.0377807 0.016 0.0186473 0.0483132 0.016 0.0183183 0.0482711 0.016 0.0228145 0.055 0.016 0.0336559 0.0650279 0.016 0.0228145 0.0705 0.016 0.0335723 0.065349 0.016 -0.0476207 -0.00646584 0.016 0.0475857 -0.00662812 0.016 -0.0475646 -0.00679279 0.016 -0.0168466 -0.0364923 0.016 -0.017178 -0.0364782 0.016 -0.0476207 -0.00745147 0.016 0.0487842 -0.00514389 0.016 0.0196108 0.0446128 0.016 0.0491014 -0.00504675 0.016 0.0500861 -0.00882873 0.016 0.0754009 -0.00287915 0.016 0.0497618 -0.0050187 0.016 0.0203507 0.045264 0.016 0.0201423 0.0450059 0.016 0.0494304 -0.00500462 0.016 0.0198933 0.0447867 0.016 0.0751047 -0.0030285 0.016 0.0503939 -0.00521227 0.016 0.0500861 -0.00508858 0.016 0.0512956 -0.00615306 0.016 0.0514061 -0.00646584 0.016 0.0922215 -0.0122677 0.016 0.0777505 -0.00359872 0.016 0.0775421 -0.00334063 0.016 0.0770106 -0.00294754 0.016 0.0342079 0.0642113 0.016 0.0339783 0.0644508 0.016 0.020623 0.046852 0.016 0.0206791 0.0465251 0.016 0.0203507 0.0474544 0.016 0.0205125 0.0471648 0.016 0.0198933 0.0479317 0.016 0.0201423 0.0477125 0.016 0.019303 0.0482293 0.016 0.0196108 0.0481056 0.016 0.0189788 0.0482992 0.016 0.0180011 0.048174 0.016 0.0177049 0.0480246 0.016 0.0174382 0.0478274 0.016 -0.0168376 0.046852 0.016 0.0168862 0.0470107 0.016 0.0168027 0.0466897 0.016 -0.0173183 0.0477125 0.016 0.0172086 0.0475879 0.016 -0.0169481 0.0455536 0.016 0.0170229 0.0454054 0.016 -0.0171099 0.045264 0.016 -0.0168376 0.0458664 0.016 0.0168027 0.0460287 0.016 0.0168862 0.0457076 0.016 -0.0190508 -0.0483744 0.016 -0.0190227 -0.048705 0.016 -0.0183871 -0.0469063 0.016 -0.0183871 -0.0399004 0.016 -0.0189391 -0.049026 0.016 -0.0188024 -0.0493283 0.016 -0.0435574 -0.0654537 0.016 -0.0438817 -0.0655236 0.016 -0.0186167 -0.0496031 0.016 -0.0183871 -0.0498426 0.016 -0.0423479 -0.0643892 0.016 -0.0168466 -0.0503144 0.016 -0.0425097 -0.0646788 0.016 -0.017178 -0.0503285 0.016 -0.0427181 -0.0649369 0.016 -0.0152023 -0.0488673 0.016 -0.0151462 -0.0485403 0.016 0.0151673 -0.048705 0.016 -0.0151462 -0.0482086 0.016 0.0151392 -0.0483744 0.016 -0.0165223 -0.0465044 0.016 -0.0186167 -0.0471458 0.016 -0.0189391 -0.0477229 0.016 -0.0188024 -0.0474206 0.016 -0.0190227 -0.0480439 0.016 -0.0657059 0.00873788 0.016 -0.0765422 -0.00278202 0.016 -0.0657195 0.00890247 0.016 -0.020658 0.0460287 0.016 -0.0205744 0.0457076 0.016 -0.0365254 0.0640141 0.016 -0.0779742 -0.00534548 0.016 -0.0778375 -0.00564775 0.016 -0.0776518 -0.00592259 0.016 -0.0774223 -0.00616209 0.016 -0.0771555 -0.00635934 0.016 -0.0768593 -0.00650869 0.016 -0.0765422 -0.00660582 0.016 -0.0762131 -0.00664796 0.016 -0.0752496 -0.0064403 0.016 -0.0747181 -0.00604721 0.016 -0.0749671 -0.00626638 0.016 -0.0745097 -0.00578912 0.016 -0.0743479 -0.00388832 0.016 -0.0655087 0.00828826 0.016 -0.0755574 -0.00282385 0.016 -0.0758817 -0.00275396 0.016 -0.064637 0.00790589 0.016 -0.065599 0.00842653 0.016 -0.0362292 0.0638647 0.016 -0.0655087 0.00951669 0.016 -0.0200225 0.044891 0.016 -0.0640423 0.0096382 0.016 -0.0768593 -0.00287915 0.016 -0.0204378 0.0454054 0.016 -0.0774223 -0.00322576 0.016 -0.065599 0.00937842 0.016 -0.0771555 -0.0030285 0.016 -0.0778375 -0.00374009 0.016 -0.0776518 -0.00346525 0.016 -0.0780578 -0.00436339 0.016 -0.0779742 -0.00404237 0.016 -0.0460859 -0.0635836 0.016 -0.0460578 -0.0639142 0.016 -0.0630709 -0.062758 0.016 -0.0422374 -0.0640765 0.016 -0.017507 -0.0502863 0.016 -0.0459742 -0.0642352 0.016 -0.0456518 -0.0648123 0.016 -0.0458376 -0.0645375 0.016 -0.0451555 -0.0652491 0.016 -0.0454223 -0.0650518 0.016 -0.0445422 -0.0654956 0.016 -0.0448593 -0.0653984 0.016 -0.0442131 -0.0655377 0.016 0.0431047 -0.0652491 0.016 -0.0432496 -0.06533 0.016 -0.0429671 -0.0651561 0.016 -0.0421814 -0.0637495 0.016 -0.0423479 -0.062778 0.016 -0.0181204 -0.0500399 0.016 -0.0425097 -0.0624884 0.016 -0.0427181 -0.0622304 0.016 -0.0448593 -0.0617689 0.016 -0.0445422 -0.0616717 0.016 -0.0438817 -0.0616437 0.016 -0.0435574 -0.0617136 0.016 -0.0442131 -0.0616296 0.016 -0.0451555 -0.0619182 0.016 -0.0456518 -0.062355 0.016 -0.0454223 -0.0621155 0.016 -0.0459742 -0.0629321 0.016 -0.0458376 -0.0626298 0.016 -0.0460578 -0.0632531 0.016 0.0424227 -0.0626298 0.016 0.0459123 -0.0643892 0.016 0.0457505 -0.0646788 0.016 0.042838 -0.0650518 0.016 0.0440471 -0.0655377 0.016 0.0437181 -0.0654956 0.016 0.0443785 -0.0655236 0.016 0.0452931 -0.0651561 0.016 0.0455421 -0.0649369 0.016 0.0630709 -0.062758 0.016 0.0455421 -0.0622304 0.016 0.0452931 -0.0620112 0.016 0.0460228 -0.0640765 0.016 0.0460789 -0.0634178 0.016 0.0460789 -0.0637495 0.016 0.0459123 -0.062778 0.016 0.0460228 -0.0630908 0.016 0.0457505 -0.0624884 0.016 0.0450106 -0.0618373 0.016 0.0443785 -0.0616437 0.016 0.0447028 -0.0617136 0.016 0.0437181 -0.0616717 0.016 0.0440471 -0.0616296 0.016 0.0434009 -0.0617689 0.016 0.0426084 -0.062355 0.016 0.042286 -0.0629321 0.016 0.035088 0.0637676 0.016 0.035417 0.0637254 0.016 0.0772931 -0.00626638 0.016 0.0775421 -0.00604721 0.016 0.0757181 -0.00660582 0.016 0.0760471 -0.00664796 0.016 0.0858855 -0.023242 0.016 0.0744227 -0.00564775 0.016 0.074286 -0.00534548 0.016 0.0751047 -0.00635934 0.016 0.0754009 -0.00650869 0.016 0.0763785 -0.00663388 0.016 0.0767028 -0.00656399 0.016 0.0770106 -0.0064403 0.016 0.0514622 -0.00679279 0.016 0.0779123 -0.00549952 0.016 0.0777505 -0.00578912 0.016 0.0780789 -0.00485978 0.016 0.0780228 -0.00518674 0.016 0.0780228 -0.0042011 0.016 0.0780789 -0.00452806 0.016 0.0779123 -0.00388832 0.016 0.0772931 -0.00312146 0.016 0.0360727 0.0638094 0.016 0.0357484 0.0637395 0.016 0.0757181 -0.00278202 0.016 0.0205125 0.0455536 0.016 0.0511338 -0.00586346 0.016 0.0514061 -0.00745147 0.016 0.0514622 -0.00712452 0.016 0.0744227 -0.00374009 0.016 0.0746084 -0.00346525 0.016 0.074838 -0.00322576 0.016 0.0742024 -0.00436339 0.016 0.074286 -0.00404237 0.016 0.0189788 0.0444192 0.016 0.048488 -0.00529323 0.016 0.0482213 -0.00549049 0.016 0.0179755 -0.0366859 0.016 0.048488 -0.00862408 0.016 0.0487842 -0.00877342 0.016 0.018258 -0.0368598 0.016 0.018507 -0.0370789 0.016 0.0491014 -0.00887056 0.016 0.0497618 -0.00889861 0.016 0.0494304 -0.00891269 0.016 0.0506764 -0.00853111 0.016 0.0503939 -0.00870504 0.016 0.0511338 -0.00805385 0.016 0.0509254 -0.00831195 0.016 0.0512956 -0.00776425 0.016 0.0506764 -0.0053862 0.016 0.0509254 -0.00560536 0.016 0.019303 0.0444891 0.016 0.0186473 0.0444052 0.016 -0.017507 -0.0365203 0.016 -0.0477312 -0.00776425 0.016 -0.0762131 -0.00273988 0.016 -0.0656653 0.00857777 0.016 -0.0178242 -0.0366175 0.016 -0.047893 -0.00805385 0.016 -0.0513575 -0.00761021 0.016 -0.0514411 -0.00728919 0.016 -0.0514692 -0.00695866 0.016 -0.0508056 -0.00842682 0.016 -0.0505388 -0.00862408 0.016 -0.0483504 -0.00853111 0.016 -0.0181204 -0.0367668 0.016 -0.0481014 -0.00831195 0.016 -0.0475646 -0.00712452 0.016 0.0476693 -0.0063071 0.016 -0.047893 -0.00586346 0.016 -0.0652665 0.00806531 0.016 -0.0175673 0.0479317 0.016 -0.0194596 0.0445444 0.016 -0.0191424 0.0444473 0.016 -0.0638401 0.00937842 0.016 -0.0637195 0.00890247 0.016 -0.0637332 0.00906707 0.016 -0.049265 -0.0050187 0.016 -0.0745097 -0.00359872 0.016 -0.0648021 0.00790589 0.016 -0.0489407 -0.00508858 0.016 -0.0637737 0.00922717 0.016 -0.0486329 -0.00521227 0.016 -0.0747181 -0.00334063 0.016 -0.0508056 -0.00549049 0.016 -0.0505388 -0.00529323 0.016 -0.0643178 0.0079867 0.016 -0.0644741 0.00793307 0.016 -0.0512208 -0.00600482 0.016 -0.0510351 -0.00572998 0.016 -0.0514411 -0.00662812 0.016 -0.0513575 -0.0063071 0.016 0.0335442 0.0656795 0.016 0.0337926 0.0647257 0.016 0.0344746 0.0640141 0.016 0.0347708 0.0638647 0.016 0.0206791 0.0461933 0.016 0.0363805 0.0639331 0.016 0.020623 0.0458664 0.016 0.036663 0.064107 0.016 0.0372822 0.0648739 0.016 0.0371204 0.0645843 0.016 0.0374488 0.0655136 0.016 0.0373927 0.0651867 0.016 0.0373927 0.0661723 0.016 0.0374488 0.0658454 0.016 0.0357484 0.0676195 0.016 0.035417 0.0676335 0.016 0.0371204 0.0667747 0.016 0.0372822 0.0664851 0.016 0.036663 0.067252 0.016 0.036912 0.0670328 0.016 0.0360727 0.0675496 0.016 0.0363805 0.0674259 0.016 0.035088 0.0675914 0.016 0.0344746 0.0673449 0.016 0.0347708 0.0674943 0.016 0.0339783 0.0669082 0.016 0.0342079 0.0671477 0.016 0.0336559 0.066331 0.016 0.0337926 0.0666333 0.016 0.0335723 0.06601 0.016 -0.0637332 0.00873788 0.016 -0.0639304 0.00828826 0.016 -0.0499255 -0.00504675 0.016 -0.0502426 -0.00514389 0.016 -0.0641726 0.00806531 0.016 -0.0483504 -0.0053862 0.016 -0.0188133 0.0444052 0.016 -0.0481014 -0.00560536 0.016 -0.0184819 0.0444192 0.016 -0.0167816 0.0461933 0.016 0.0167745 0.0463592 0.016 -0.0167816 0.0465251 0.016 -0.0169481 0.0471648 0.016 -0.0171099 0.0474544 0.016 0.0170229 0.047313 0.016 -0.0178498 0.0481056 0.016 -0.0184819 0.0482992 0.016 -0.0181576 0.0482293 0.016 -0.0191424 0.0482711 0.016 -0.0188133 0.0483132 0.016 -0.0197558 0.0480246 0.016 -0.0194596 0.048174 0.016 -0.020252 0.0475879 0.016 -0.0200225 0.0478274 0.016 -0.0205744 0.0470107 0.016 -0.0204378 0.047313 0.016 -0.020658 0.0466897 0.016 -0.0197558 0.0446938 0.016 -0.0639304 0.00951669 0.016 -0.0653968 0.00816675 0.016 -0.064965 0.00793307 0.016 -0.0640423 0.00816675 0.016 -0.0638401 0.00842653 0.016 -0.0495964 -0.00500462 0.016 -0.0637737 0.00857777 0.016 -0.0644741 0.00987187 0.016 -0.064637 0.00989906 0.016 -0.0648021 0.00989906 0.016 -0.0367921 0.0642113 0.016 -0.064965 0.00987187 0.016 -0.0652665 0.00973964 0.016 -0.0651212 0.00981825 0.016 -0.0653968 0.0096382 0.016 -0.0656653 0.00922717 0.016 -0.0657059 0.00906707 0.016 0.0136426 -0.0366207 0.019175 0.0138857 -0.0362184 0.019175 -0.0138868 -0.0362167 0.019175 0.0193104 -0.0515827 0.019175 0.0404844 -0.0622016 0.019175 0.0406777 -0.0617721 0.019175 0.0412111 -0.0609989 0.019175 0.020014 -0.0509591 0.019175 0.0409208 -0.0613698 0.019175 0.0747468 -0.0010487 0.019175 0.0499827 -0.00308812 0.019175 0.0504463 -0.00317302 0.019175 0.0799154 -0.00375978 0.019175 0.0800005 -0.00422324 0.019175 0.0922215 -0.0122677 0.019175 -0.0226292 0.0463592 0.019175 -0.0364329 0.0618939 0.019175 -0.0368816 0.0620337 0.019175 0.0228145 0.055 0.019175 0.0322918 0.0634639 0.019175 0.0320478 0.0638674 0.019175 -0.0148805 -0.0352233 0.019175 0.0145093 -0.0355141 0.019175 0.0148796 -0.035224 0.019175 0.0196632 0.0501448 0.019175 0.0201119 0.050005 0.019175 -0.0318548 0.0670628 0.019175 -0.0228145 0.0705 0.019175 -0.0320478 0.0674916 0.019175 0.0196807 -0.0413504 0.019175 0.0200126 -0.0457882 0.019175 0.020014 -0.0410169 0.019175 -0.01451 -0.0355135 0.019175 0.014176 -0.0358475 0.019175 -0.0567349 -0.0737323 0.019175 -0.0470477 -0.0661699 0.019175 -0.0473383 -0.0657992 0.019175 0.0132246 -0.0379616 0.019175 -0.0133097 -0.0374981 0.019175 -0.0132246 -0.0379616 0.019175 -0.0332846 0.0624712 0.019175 -0.0336871 0.0622278 0.019175 -0.0228145 0.055 0.019175 -0.0355011 0.0695783 0.019175 -0.0444356 0.0705 0.019175 -0.0392858 0.0666115 0.019175 -0.0393704 0.0661502 0.019175 -0.0393989 0.0656795 0.019175 -0.0389525 0.067491 0.019175 -0.0391457 0.0670615 0.019175 -0.038419 0.0682642 0.019175 -0.0387093 0.0678934 0.019175 -0.0377154 0.0688878 0.019175 -0.0380857 0.0685976 0.019175 -0.0368833 0.0693247 0.019175 -0.0373129 0.0691312 0.019175 -0.0359709 0.0695498 0.019175 -0.0364332 0.0694651 0.019175 -0.0345671 0.0694651 0.019175 -0.0350307 0.06955 0.019175 -0.033689 0.0691322 0.019175 -0.0341184 0.0693253 0.019175 -0.032915 0.0685982 0.019175 -0.0332855 0.0688885 0.019175 -0.0322918 0.067895 0.019175 -0.0325824 0.0682657 0.019175 -0.0317147 0.0666136 0.019175 -0.0316296 0.0661502 0.019175 -0.0316011 0.0656795 0.019175 -0.0316296 0.0652088 0.019175 -0.0317142 0.0647475 0.019175 -0.0318543 0.0642974 0.019175 -0.0322907 0.0634656 0.019175 -0.0320476 0.063868 0.019175 -0.0329143 0.0627614 0.019175 -0.032581 0.0630948 0.019175 -0.0341167 0.0620343 0.019175 -0.0345668 0.0618939 0.019175 -0.0350291 0.0618092 0.019175 -0.0226007 0.0468299 0.019175 -0.0359693 0.061809 0.019175 -0.0354989 0.0617807 0.019175 -0.0656308 0.00849057 0.019175 -0.0656873 0.0086505 0.019175 -0.0756608 -0.000823389 0.019175 -0.0590387 -0.00774204 0.019175 -0.0529658 -0.00514712 0.019175 -0.0527227 -0.00474478 0.019175 -0.0751972 -0.000908289 0.019175 -0.0654415 0.00821054 0.019175 -0.065548 0.0083425 0.019175 -0.0653142 0.00809848 0.019175 -0.0747486 -0.0010481 0.019175 -0.0743191 -0.00124119 0.019175 -0.0787158 -0.00177578 0.019175 -0.0783455 -0.00148565 0.019175 -0.0657159 0.00881767 0.019175 -0.0761312 -0.000795088 0.019175 -0.0793394 -0.00248004 0.019175 -0.0790491 -0.00210922 0.019175 -0.0922215 -0.0122677 0.019175 -0.0391452 0.0642962 0.019175 -0.0389522 0.0638674 0.019175 -0.0387082 0.0634639 0.019175 -0.0393704 0.0652088 0.019175 -0.0392853 0.0647454 0.019175 -0.0412111 -0.0661684 0.019175 0.0412125 -0.0661699 0.019175 -0.0161618 -0.05216 0.019175 0.0205472 -0.0465623 0.019175 0.0207402 -0.0469911 0.019175 0.0362241 -0.047258 0.019175 0.0134498 -0.0398155 0.019175 0.0134493 -0.0469924 0.019175 0.0136426 -0.0465629 0.019175 -0.0134498 -0.0370489 0.019175 0.0133092 -0.0375002 0.019175 0.0138868 -0.0406478 0.019175 0.014176 -0.0457897 0.019175 0.0141774 -0.0410185 0.019175 0.0138857 -0.0461606 0.019175 0.0136428 -0.0402443 0.019175 0.01451 -0.0413509 0.019175 0.0148796 -0.0451662 0.019175 0.0148805 -0.0416412 0.019175 0.0145093 -0.0454563 0.019175 0.0161618 -0.0445889 0.019175 0.0157134 -0.0420781 0.019175 0.0157117 -0.0447292 0.019175 0.015284 -0.041885 0.019175 0.0152821 -0.0449227 0.019175 0.0175643 -0.0445039 0.019175 0.0170961 -0.0423311 0.019175 0.0170939 -0.0444756 0.019175 0.0166257 -0.0423028 0.019175 0.0161621 -0.0422179 0.019175 0.0166241 -0.0445042 0.019175 0.018906 -0.0449217 0.019175 0.0184783 -0.0420775 0.019175 0.0184766 -0.0447286 0.019175 -0.0141774 -0.035846 0.019175 0.0193095 -0.0451655 0.019175 0.01968 -0.0454557 0.019175 0.0193104 -0.0416405 0.019175 0.0189079 -0.0418839 0.019175 0.0203032 -0.0461589 0.019175 0.0203043 -0.0406461 0.019175 -0.0456145 -0.00695866 0.019175 -0.0166257 -0.0345617 0.019175 -0.0161621 -0.0346466 0.019175 0.0205474 -0.0402438 0.019175 0.0513263 -0.0104104 0.019175 0.0508967 -0.0106039 0.019175 0.0208803 -0.0474403 0.019175 0.0207407 -0.0398143 0.019175 0.0209654 -0.0479038 0.019175 0.0209939 -0.0483744 0.019175 0.0209654 -0.0488451 0.019175 0.0208808 -0.0493065 0.019175 0.0207407 -0.0497565 0.019175 0.0205474 -0.050186 0.019175 0.0141774 -0.0509607 0.019175 -0.014176 -0.0509591 0.019175 0.01451 -0.0512931 0.019175 0.0203043 -0.0505883 0.019175 0.0402597 -0.063113 0.019175 0.0403443 -0.0626516 0.019175 0.0189079 -0.0518261 0.019175 0.0184783 -0.0520197 0.019175 0.0402312 -0.0635836 0.019175 0.0175659 -0.0522447 0.019175 0.0404849 -0.064967 0.019175 0.0403448 -0.0645178 0.019175 0.0180282 -0.05216 0.019175 0.0406779 -0.0653958 0.019175 0.0166257 -0.052245 0.019175 0.0409219 -0.0657992 0.019175 -0.0403443 -0.0645157 0.019175 -0.0404844 -0.0649657 0.019175 -0.0175643 -0.052245 0.019175 0.0415451 -0.0665023 0.019175 -0.0157117 -0.0520197 0.019175 0.0161621 -0.0521601 0.019175 0.0133097 -0.0493086 0.019175 -0.0133092 -0.0493065 0.019175 0.0134498 -0.0497577 0.019175 -0.0134493 -0.0497565 0.019175 -0.0136426 -0.050186 0.019175 0.0136428 -0.0501865 0.019175 0.0133092 -0.0474424 0.019175 -0.0133097 -0.0474403 0.019175 0.0132246 -0.0479038 0.019175 0.0138868 -0.05059 0.019175 -0.0148805 -0.0451655 0.019175 -0.0152821 -0.0418839 0.019175 -0.015284 -0.0449217 0.019175 -0.0166257 -0.0445039 0.019175 -0.0166241 -0.0423025 0.019175 -0.0170939 -0.0423311 0.019175 -0.0138857 -0.0406461 0.019175 -0.0136428 -0.0465623 0.019175 -0.0136426 -0.0402438 0.019175 -0.014176 -0.0410169 0.019175 -0.0145093 -0.0413504 0.019175 -0.0141774 -0.0457882 0.019175 0.0132246 -0.0389029 0.019175 -0.0132246 -0.0389029 0.019175 0.0133097 -0.0393664 0.019175 -0.0133092 -0.0393643 0.019175 -0.0131961 -0.0384322 0.019175 0.0131961 -0.0384322 0.019175 0.0175659 -0.0423025 0.019175 0.0180279 -0.0445888 0.019175 0.0180282 -0.0422178 0.019175 0.0152821 -0.0349805 0.019175 -0.015284 -0.0349795 0.019175 -0.0209654 -0.0379616 0.019175 -0.0362241 -0.047258 0.019175 -0.0209939 -0.0384322 0.019175 -0.0157134 -0.0347864 0.019175 0.0161618 -0.0346467 0.019175 0.0157117 -0.034787 0.019175 0.0743172 -0.00124221 0.019175 0.050895 -0.00331283 0.019175 0.0724844 -0.00331186 0.019175 0.0726777 -0.00288238 0.019175 0.0590387 -0.00774204 0.019175 0.016515 0.0495675 0.019175 0.0180279 -0.0346466 0.019175 0.0460612 -0.00877076 0.019175 0.0175643 -0.0345617 0.019175 0.0182595 0.0502295 0.019175 0.0177972 0.0501448 0.019175 0.0472989 -0.0101676 0.019175 0.018906 -0.0349795 0.019175 0.0193095 -0.0352233 0.019175 0.0463052 -0.0091742 0.019175 0.0184766 -0.0347864 0.019175 0.0465958 -0.00954488 0.019175 0.0205472 -0.0366201 0.019175 0.0485805 -0.0107443 0.019175 0.0203032 -0.0362167 0.019175 0.0200126 -0.035846 0.019175 0.0477024 -0.0104114 0.019175 0.01968 -0.0355135 0.019175 0.0504466 -0.0107442 0.019175 0.0490441 -0.0108292 0.019175 0.0495145 -0.0108575 0.019175 0.0534123 -0.00695866 0.019175 0.0533838 -0.00742934 0.019175 0.0527227 -0.00917253 0.019175 0.0529658 -0.00877019 0.019175 0.0207402 -0.0370489 0.019175 0.0520991 -0.0098768 0.019175 0.0524324 -0.00954335 0.019175 0.0208808 -0.0393643 0.019175 0.0209654 -0.0379616 0.019175 0.0208803 -0.0374981 0.019175 0.0209654 -0.0389029 0.019175 0.0209939 -0.0384322 0.019175 -0.0136428 -0.0366201 0.019175 0.0134493 -0.0370502 0.019175 -0.01451 -0.0454557 0.019175 -0.0208808 -0.0375002 0.019175 -0.0207407 -0.0370502 0.019175 -0.0184783 -0.034787 0.019175 -0.0180282 -0.0346467 0.019175 -0.0463041 -0.00917253 0.019175 -0.0205474 -0.0366207 0.019175 -0.0175659 -0.034562 0.019175 -0.0458677 -0.00834071 0.019175 -0.046061 -0.00877019 0.019175 0.018261 0.0424887 0.019175 0.0177975 0.0425736 0.019175 0.0463041 -0.00474478 0.019175 -0.045643 -0.00742934 0.019175 -0.0457276 -0.00789068 0.019175 -0.0170961 -0.0345334 0.019175 -0.045643 -0.00648797 0.019175 -0.0457281 -0.00602452 0.019175 0.0457276 -0.00602663 0.019175 -0.0458682 -0.00557535 0.019175 -0.0134493 -0.0398143 0.019175 -0.0138868 -0.0461589 0.019175 -0.018906 -0.041885 0.019175 -0.0184783 -0.0447292 0.019175 -0.0184766 -0.0420781 0.019175 -0.0148796 -0.0416405 0.019175 -0.0157134 -0.0447286 0.019175 -0.0157117 -0.0420775 0.019175 -0.0161618 -0.0422178 0.019175 -0.0161621 -0.0445888 0.019175 -0.0134498 -0.0469911 0.019175 -0.0175643 -0.0423028 0.019175 -0.0180279 -0.0422179 0.019175 -0.0175659 -0.0445042 0.019175 -0.0180282 -0.0445889 0.019175 -0.0132246 -0.0479038 0.019175 -0.0131961 -0.0483744 0.019175 0.0131961 -0.0483744 0.019175 -0.0193095 -0.0416412 0.019175 -0.01968 -0.0413509 0.019175 -0.0193104 -0.0451662 0.019175 -0.0189079 -0.0449227 0.019175 -0.020014 -0.0457897 0.019175 -0.0196807 -0.0454563 0.019175 -0.0200126 -0.0410185 0.019175 -0.0205472 -0.0402443 0.019175 -0.0203043 -0.0461606 0.019175 -0.0203032 -0.0406478 0.019175 -0.0208808 -0.0474424 0.019175 -0.0207407 -0.0469924 0.019175 -0.0205474 -0.0465629 0.019175 -0.0170961 -0.0444756 0.019175 -0.0208803 -0.0393664 0.019175 -0.0207402 -0.0398155 0.019175 -0.0209654 -0.0389029 0.019175 0.0722598 -0.00422324 0.019175 0.0722312 -0.00469392 0.019175 -0.0150852 0.0477425 0.019175 0.0150846 0.0477412 0.019175 -0.0152781 0.0481713 0.019175 0.0161446 0.0492773 0.019175 -0.0161453 0.0492779 0.019175 0.0158114 0.0489439 0.019175 -0.0219396 0.0485731 0.019175 -0.0216493 0.0489439 0.019175 -0.0205432 0.0498109 0.019175 -0.0201137 0.0500044 0.019175 -0.018261 0.0502297 0.019175 -0.0187314 0.050258 0.019175 -0.0196635 0.0501448 0.019175 -0.0192012 0.0502295 0.019175 0.017347 0.0500044 0.019175 0.0169175 0.0498109 0.019175 0.0226292 0.0463592 0.019175 0.0226007 0.0458885 0.019175 0.0368833 0.0620343 0.019175 0.0191997 0.0502297 0.019175 0.0187292 0.050258 0.019175 0.0205413 0.0498119 0.019175 0.0209448 0.0495682 0.019175 0.0213153 0.0492779 0.019175 0.0216479 0.0489454 0.019175 0.0219385 0.0485747 0.019175 0.0221825 0.0481713 0.019175 0.0223755 0.0477425 0.019175 0.0225161 0.0454272 0.019175 0.0373129 0.0622278 0.019175 0.0387082 0.067895 0.019175 0.0444356 0.0705 0.019175 0.0384176 0.0682657 0.019175 0.0389522 0.0674916 0.019175 0.0391452 0.0670628 0.019175 0.0520984 -0.00403996 0.019175 0.052431 -0.00437243 0.019175 0.0729208 -0.00248004 0.019175 0.0739148 -0.00148565 0.019175 0.0723443 -0.0037619 0.019175 0.0465944 -0.00437396 0.019175 0.046061 -0.00514712 0.019175 -0.0223755 0.0449759 0.019175 -0.0225156 0.0454251 0.019175 -0.037311 0.0622268 0.019175 0.0173488 0.0427134 0.019175 0.0169193 0.0429065 0.019175 -0.0169175 0.0429075 0.019175 -0.017347 0.042714 0.019175 -0.0177972 0.0425736 0.019175 -0.0225161 0.0472912 0.019175 -0.0637339 0.00907147 0.019175 -0.0485805 -0.00317302 0.019175 -0.0637767 0.00923561 0.019175 0.0456145 -0.00695866 0.019175 0.045643 -0.00648797 0.019175 0.0166241 -0.034562 0.019175 -0.0643467 0.00983036 0.019175 -0.0641952 0.009754 0.019175 -0.0216479 0.043773 0.019175 -0.0524324 -0.00437396 0.019175 -0.0645089 0.00792492 0.019175 -0.0495145 -0.00305982 0.019175 -0.0637339 0.00873347 0.019175 -0.0499843 -0.00308838 0.019175 0.0149445 0.0472912 0.019175 -0.0149451 0.0472933 0.019175 0.01486 0.0468299 0.019175 0.0152779 0.0481707 0.019175 -0.0155221 0.0485747 0.019175 0.015521 0.0485731 0.019175 -0.0158128 0.0489454 0.019175 -0.0402312 -0.0635836 0.019175 -0.0180279 -0.0521601 0.019175 -0.0184766 -0.0520203 0.019175 0.0132246 -0.0488451 0.019175 -0.0132246 -0.0488451 0.019175 -0.0209654 -0.0479038 0.019175 -0.0209939 -0.0483744 0.019175 -0.0427486 -0.0599378 0.019175 -0.0431973 -0.059798 0.019175 -0.0138857 -0.0505883 0.019175 -0.0145093 -0.0512926 0.019175 -0.0148796 -0.0515827 0.019175 0.0148805 -0.0515834 0.019175 -0.0152821 -0.0518261 0.019175 0.015284 -0.0518272 0.019175 0.0157134 -0.0520203 0.019175 -0.0402597 -0.063113 0.019175 -0.0402597 -0.0640543 0.019175 -0.0200126 -0.0509607 0.019175 -0.0412125 -0.0609974 0.019175 -0.0409219 -0.0613681 0.019175 -0.0404849 -0.0622003 0.019175 -0.0193095 -0.0515834 0.019175 -0.0406779 -0.0617715 0.019175 -0.0423191 -0.0601309 0.019175 -0.0419156 -0.0603747 0.019175 -0.0415451 -0.060665 0.019175 -0.0441312 -0.0596848 0.019175 -0.0436608 -0.0597131 0.019175 -0.0455134 -0.0599384 0.019175 -0.0450633 -0.0597981 0.019175 -0.0463455 -0.0603754 0.019175 -0.0630709 -0.062758 0.019175 -0.0467158 -0.0606655 0.019175 -0.0205472 -0.0501865 0.019175 -0.0203032 -0.05059 0.019175 -0.0208803 -0.0493086 0.019175 -0.0207402 -0.0497577 0.019175 -0.0209654 -0.0488451 0.019175 -0.0735444 -0.00761206 0.019175 -0.0739148 -0.00790219 0.019175 -0.0739157 -0.00148495 0.019175 -0.0651697 0.00800955 0.019175 -0.0799159 -0.0037619 0.019175 -0.0800005 -0.00422324 0.019175 -0.080029 -0.00469392 0.019175 -0.0795826 -0.00288238 0.019175 -0.0797758 -0.00331186 0.019175 -0.065548 0.00946245 0.019175 -0.077943 -0.00124221 0.019175 -0.0654415 0.00959441 0.019175 -0.0650124 0.00794631 0.019175 -0.0735451 -0.00177523 0.019175 -0.0653142 0.00970647 0.019175 -0.0732125 -0.00210769 0.019175 -0.0646771 0.00990157 0.019175 -0.038085 0.0627608 0.019175 -0.0648466 0.00989437 0.019175 -0.0648466 0.00791057 0.019175 -0.0729219 -0.00247838 0.019175 -0.0646771 0.00790337 0.019175 -0.0645089 0.00988003 0.019175 -0.0650124 0.00985864 0.019175 -0.0643467 0.00797458 0.019175 -0.0520991 -0.00404051 0.019175 -0.0533838 -0.00648797 0.019175 -0.0532992 -0.00602663 0.019175 -0.0531591 -0.0055766 0.019175 -0.0534123 -0.00695866 0.019175 -0.0724849 -0.00331061 0.019175 -0.0726779 -0.00288181 0.019175 -0.0513263 -0.00350695 0.019175 -0.0508967 -0.00331344 0.019175 -0.0640589 0.0081518 0.019175 -0.0756592 -0.0085642 0.019175 -0.076129 -0.00859275 0.019175 -0.0858855 -0.023242 0.019175 -0.0722598 -0.00422324 0.019175 -0.0723448 -0.00375978 0.019175 -0.0722598 -0.0051646 0.019175 -0.0722312 -0.00469392 0.019175 -0.0724844 -0.00607598 0.019175 -0.0723443 -0.00562594 0.019175 -0.0729208 -0.0069078 0.019175 -0.0726777 -0.00650546 0.019175 -0.0732111 -0.00727862 0.019175 -0.0743172 -0.00814563 0.019175 -0.0747468 -0.00833914 0.019175 -0.0751969 -0.0084795 0.019175 -0.0765994 -0.00856445 0.019175 -0.077063 -0.00847955 0.019175 -0.0775117 -0.00833974 0.019175 -0.0783446 -0.0079029 0.019175 -0.0779411 -0.00814665 0.019175 -0.0790477 -0.00728015 0.019175 -0.0787151 -0.00761261 0.019175 -0.0795823 -0.00650603 0.019175 -0.0793383 -0.00690946 0.019175 -0.0799154 -0.00562806 0.019175 -0.0797753 -0.00607723 0.019175 -0.0800005 -0.0051646 0.019175 -0.01968 -0.0512931 0.019175 -0.044601 -0.0597134 0.019175 -0.0479159 -0.0626516 0.019175 -0.0480005 -0.063113 0.019175 -0.048029 -0.0635836 0.019175 -0.0475826 -0.0617721 0.019175 -0.0477758 -0.0622016 0.019175 -0.0470491 -0.0609989 0.019175 -0.0473394 -0.0613698 0.019175 -0.045943 -0.0601319 0.019175 -0.0427468 -0.0672289 0.019175 0.0567349 -0.0737323 0.019175 -0.0403448 -0.0626495 0.019175 -0.018906 -0.0518272 0.019175 -0.0170939 -0.0522733 0.019175 -0.0406777 -0.0653952 0.019175 -0.0166241 -0.0522447 0.019175 -0.0409208 -0.0657975 0.019175 0.0427486 -0.0672295 0.019175 -0.0423172 -0.0670354 0.019175 0.0419156 -0.0667926 0.019175 -0.0415444 -0.0665018 0.019175 0.0423191 -0.0670364 0.019175 0.0463455 -0.0667919 0.019175 0.045943 -0.0670354 0.019175 0.0431973 -0.0673693 0.019175 0.044601 -0.0674539 0.019175 0.0441312 -0.0674825 0.019175 -0.0436592 -0.0674539 0.019175 -0.0431969 -0.0673692 0.019175 -0.0445994 -0.0674542 0.019175 -0.044129 -0.0674825 0.019175 -0.0455117 -0.0672295 0.019175 -0.045063 -0.0673693 0.019175 -0.0463446 -0.0667926 0.019175 -0.0459411 -0.0670364 0.019175 -0.0467151 -0.0665023 0.019175 -0.0475823 -0.0653958 0.019175 -0.0477753 -0.064967 0.019175 -0.0480005 -0.0640543 0.019175 -0.0479154 -0.0645178 0.019175 0.0455117 -0.0599378 0.019175 0.045063 -0.059798 0.019175 0.0630709 -0.062758 0.019175 0.0475823 -0.0617715 0.019175 0.0477753 -0.0622003 0.019175 0.0196807 -0.0512926 0.019175 0.0415444 -0.0606655 0.019175 0.0423172 -0.0601319 0.019175 0.0419147 -0.0603754 0.019175 0.0431969 -0.0597981 0.019175 0.0427468 -0.0599384 0.019175 0.044129 -0.0596848 0.019175 0.0436592 -0.0597134 0.019175 0.0445994 -0.0597131 0.019175 0.0459411 -0.0601309 0.019175 0.0467151 -0.060665 0.019175 0.0463446 -0.0603747 0.019175 0.0473383 -0.0613681 0.019175 0.0470477 -0.0609974 0.019175 0.0479154 -0.0626495 0.019175 0.0480005 -0.063113 0.019175 0.048029 -0.0635836 0.019175 0.0480005 -0.0640543 0.019175 0.0479159 -0.0645157 0.019175 0.0477758 -0.0649657 0.019175 0.0473394 -0.0657975 0.019175 0.0475826 -0.0653952 0.019175 0.0467158 -0.0665018 0.019175 0.0470491 -0.0661684 0.019175 0.0450633 -0.0673692 0.019175 0.0455134 -0.0672289 0.019175 0.0436608 -0.0674542 0.019175 -0.0419147 -0.0667919 0.019175 0.0170961 -0.0522733 0.019175 0.0402597 -0.0640543 0.019175 0.0787151 -0.00177523 0.019175 0.0187314 0.0424604 0.019175 0.0219396 0.0441453 0.019175 0.0477005 -0.00350695 0.019175 0.0192012 0.0424889 0.019175 0.047298 -0.00375038 0.019175 0.0469277 -0.00404051 0.019175 0.0490425 -0.00308838 0.019175 0.0209457 0.0431509 0.019175 0.0205432 0.0429075 0.019175 0.0221828 0.0445477 0.019175 0.0751969 -0.000908343 0.019175 0.0756592 -0.000823645 0.019175 0.022376 0.0449771 0.019175 0.0392853 0.0666136 0.019175 0.0393704 0.0661502 0.019175 0.0393989 0.0656795 0.019175 0.0775117 -0.0010481 0.019175 0.077063 -0.000908289 0.019175 0.0387093 0.0634656 0.019175 0.0389525 0.063868 0.019175 0.0783446 -0.00148495 0.019175 0.0779411 -0.00124119 0.019175 0.0793383 -0.00247838 0.019175 0.0790477 -0.00210769 0.019175 0.0797753 -0.00331061 0.019175 0.0795823 -0.00288181 0.019175 0.080029 -0.00469392 0.019175 0.0800005 -0.0051646 0.019175 0.0799159 -0.00562594 0.019175 0.0797758 -0.00607598 0.019175 0.0795826 -0.00650546 0.019175 0.0793394 -0.0069078 0.019175 0.0790491 -0.00727862 0.019175 0.0858855 -0.023242 0.019175 0.0756608 -0.00856445 0.019175 0.0751972 -0.00847955 0.019175 0.0787158 -0.00761206 0.019175 0.0783455 -0.00790219 0.019175 0.077943 -0.00814563 0.019175 0.0775134 -0.00833914 0.019175 0.0770633 -0.0084795 0.019175 0.0761312 -0.00859275 0.019175 0.076601 -0.0085642 0.019175 0.0747486 -0.00833974 0.019175 0.0739157 -0.0079029 0.019175 0.0743191 -0.00814665 0.019175 0.0732125 -0.00728015 0.019175 0.0735451 -0.00761261 0.019175 0.0726779 -0.00650603 0.019175 0.0729219 -0.00690946 0.019175 0.0723448 -0.00562806 0.019175 0.0724849 -0.00607723 0.019175 0.0722598 -0.0051646 0.019175 0.045643 -0.00742934 0.019175 0.0170939 -0.0345334 0.019175 0.0457281 -0.00789279 0.019175 0.0513244 -0.00350592 0.019175 0.0732111 -0.00210922 0.019175 0.0196635 0.0425736 0.019175 0.0481301 -0.00331344 0.019175 0.0201137 0.042714 0.019175 0.0216493 0.0437745 0.019175 0.0485802 -0.00317308 0.019175 0.021316 0.043441 0.019175 0.0495123 -0.00305982 0.019175 0.0517279 -0.00374968 0.019175 0.0735444 -0.00177578 0.019175 0.0529656 -0.00514655 0.019175 0.0527216 -0.00474311 0.019175 0.0532987 -0.00602452 0.019175 0.0531586 -0.00557535 0.019175 0.0533838 -0.00648797 0.019175 0.0499843 -0.0108289 0.019175 0.0531591 -0.00834071 0.019175 0.0532992 -0.00789068 0.019175 0.0517288 -0.0101669 0.019175 0.0481318 -0.0106045 0.019175 0.0469284 -0.00987735 0.019175 0.0458682 -0.00834196 0.019175 -0.0460612 -0.00514655 0.019175 0.0458677 -0.0055766 0.019175 -0.0639415 0.00827425 0.019175 -0.0638465 0.00841478 0.019175 -0.0504466 -0.00317308 0.019175 -0.0637767 0.00856933 0.019175 -0.0191997 0.0424887 0.019175 -0.0472989 -0.00374968 0.019175 -0.0469284 -0.00403996 0.019175 -0.0196632 0.0425736 0.019175 -0.0481318 -0.00331283 0.019175 -0.0477024 -0.00350592 0.019175 -0.0463052 -0.00474311 0.019175 -0.0182595 0.0424889 0.019175 -0.0465958 -0.00437243 0.019175 -0.016515 0.0431509 0.019175 -0.0148314 0.0463592 0.019175 -0.01486 0.0458885 0.019175 0.01486 0.0458885 0.019175 0.0150852 0.0449759 0.019175 0.0149451 0.0454251 0.019175 -0.0149445 0.0454272 0.019175 0.0155221 0.0441437 0.019175 0.0152781 0.0445471 0.019175 -0.0152779 0.0445477 0.019175 -0.0465944 -0.00954335 0.019175 -0.0469277 -0.0098768 0.019175 -0.0189079 -0.0349805 0.019175 -0.0513244 -0.0104114 0.019175 -0.047298 -0.0101669 0.019175 -0.0193104 -0.035224 0.019175 -0.0477005 -0.0104104 0.019175 -0.0196807 -0.0355141 0.019175 -0.0481301 -0.0106039 0.019175 -0.020014 -0.0358475 0.019175 -0.0485802 -0.0107442 0.019175 -0.0203043 -0.0362184 0.019175 -0.0495123 -0.0108575 0.019175 -0.0490425 -0.0108289 0.019175 -0.0504463 -0.0107443 0.019175 -0.0499827 -0.0108292 0.019175 -0.050895 -0.0106045 0.019175 -0.0520984 -0.00987735 0.019175 -0.0517279 -0.0101676 0.019175 -0.0527216 -0.0091742 0.019175 -0.052431 -0.00954488 0.019175 -0.0531586 -0.00834196 0.019175 -0.0529656 -0.00877076 0.019175 -0.0533838 -0.00742934 0.019175 -0.0532987 -0.00789279 0.019175 0.0364332 0.0618939 0.019175 0.0228145 0.0705 0.019175 0.0354989 0.0695783 0.019175 0.0317142 0.0666115 0.019175 0.0316296 0.0661502 0.019175 0.0316011 0.0656795 0.019175 0.0320476 0.067491 0.019175 0.0318543 0.0670615 0.019175 0.032581 0.0682642 0.019175 0.0322907 0.0678934 0.019175 0.0332846 0.0688878 0.019175 0.0329143 0.0685976 0.019175 0.0341167 0.0693247 0.019175 0.0336871 0.0691312 0.019175 0.0350291 0.0695498 0.019175 0.0345668 0.0694651 0.019175 0.0364329 0.0694651 0.019175 0.0359693 0.06955 0.019175 0.037311 0.0691322 0.019175 0.0368816 0.0693253 0.019175 0.038085 0.0685982 0.019175 0.0377145 0.0688885 0.019175 0.0225156 0.0472933 0.019175 0.0226007 0.0468299 0.019175 0.0359709 0.0618092 0.019175 0.0377154 0.0624712 0.019175 0.0393704 0.0652088 0.019175 0.0392858 0.0647475 0.019175 0.0391457 0.0642974 0.019175 0.0380857 0.0627614 0.019175 0.0765994 -0.000823389 0.019175 0.038419 0.0630948 0.019175 0.076129 -0.000795088 0.019175 0.0355011 0.0617807 0.019175 0.0350307 0.061809 0.019175 0.0341184 0.0620337 0.019175 0.0345671 0.0618939 0.019175 0.0332855 0.0624705 0.019175 0.033689 0.0622268 0.019175 0.0325824 0.0630933 0.019175 0.032915 0.0627608 0.019175 0.0318548 0.0642962 0.019175 0.0317147 0.0647454 0.019175 0.0316296 0.0652088 0.019175 0.0148314 0.0463592 0.019175 -0.01486 0.0468299 0.019175 -0.022376 0.0477412 0.019175 -0.0165159 0.0495682 0.019175 -0.0221828 0.0481707 0.019175 -0.0209457 0.0495675 0.019175 -0.021316 0.0492773 0.019175 -0.0169193 0.0498119 0.019175 -0.0173488 0.050005 0.019175 -0.0177975 0.0501448 0.019175 -0.0150846 0.0449771 0.019175 -0.015521 0.0441453 0.019175 0.0158128 0.043773 0.019175 0.0165159 0.0431502 0.019175 0.0161453 0.0434405 0.019175 -0.0158114 0.0437745 0.019175 -0.0161446 0.043441 0.019175 -0.0187292 0.0424604 0.019175 -0.0201119 0.0427134 0.019175 -0.0213153 0.0434405 0.019175 -0.0640589 0.00965315 0.019175 -0.0209448 0.0431502 0.019175 -0.0638465 0.00939017 0.019175 -0.0639415 0.00953069 0.019175 -0.0490441 -0.00308812 0.019175 -0.0637195 0.00890247 0.019175 -0.0219385 0.0441437 0.019175 -0.0221825 0.0445471 0.019175 -0.0377145 0.0624705 0.019175 -0.0651697 0.0097954 0.019175 -0.0226007 0.0458885 0.019175 -0.0517288 -0.00375038 0.019175 -0.0641952 0.00805094 0.019175 -0.076601 -0.000823645 0.019175 -0.0770633 -0.000908343 0.019175 -0.0657159 0.00898728 0.019175 -0.0656873 0.00915445 0.019175 -0.0775134 -0.0010487 0.019175 -0.0656308 0.00931437 0.019175 -0.0384176 0.0630933 0.019175 -0.0205413 0.0429065 0.019175 -0.0567349 -0.0737323 0.019175 0.0567349 -0.0737323 0.016 0.0567349 -0.0737323 0.019175 -0.0567349 -0.0737323 0.016 -0.0858855 -0.023242 0.019175 -0.0590387 -0.00774204 0.016 -0.0590387 -0.00774204 0.019175 -0.0858855 -0.023242 0.016 -0.0630709 -0.062758 0.019175 -0.0362241 -0.047258 0.019175 -0.0362241 -0.047258 0.016 -0.0630709 -0.062758 0.016 -0.0590387 -0.00774204 0.016 -0.0362241 -0.047258 0.019175 -0.0590387 -0.00774204 0.019175 -0.0362241 -0.047258 0.016 0.0228145 0.055 0.016 -0.0228145 0.055 0.019175 0.0228145 0.055 0.019175 -0.0228145 0.055 0.016 -0.0444356 0.0705 0.019175 -0.0228145 0.0705 0.019175 -0.0228145 0.0705 0.016 -0.0444356 0.0705 0.016 -0.0567349 -0.0737323 0.019175 -0.0630709 -0.062758 0.019175 -0.0630709 -0.062758 0.016 -0.0567349 -0.0737323 0.016 -0.0858855 -0.023242 0.019175 -0.0922215 -0.0122677 0.016 -0.0858855 -0.023242 0.016 -0.0922215 -0.0122677 0.019175 0.0922215 -0.0122677 0.019175 0.0922215 -0.0122677 0.016 0.0444356 0.0705 0.016 0.0444356 0.0705 0.019175 0.0228145 0.0705 0.016 0.0228145 0.055 0.016 0.0228145 0.055 0.019175 0.0228145 0.0705 0.019175 0.0858855 -0.023242 0.016 0.0858855 -0.023242 0.019175 0.0590387 -0.00774204 0.019175 0.0590387 -0.00774204 0.016 0.0630709 -0.062758 0.016 0.0362241 -0.047258 0.016 0.0362241 -0.047258 0.019175 0.0630709 -0.062758 0.019175 0.0362241 -0.047258 0.016 0.0590387 -0.00774204 0.019175 0.0362241 -0.047258 0.019175 0.0590387 -0.00774204 0.016 0.0228145 0.0705 0.019175 0.0444356 0.0705 0.019175 0.0444356 0.0705 0.016 0.0228145 0.0705 0.016 0.0567349 -0.0737323 0.016 0.0630709 -0.062758 0.016 0.0630709 -0.062758 0.019175 0.0567349 -0.0737323 0.019175 0.0858855 -0.023242 0.016 0.0922215 -0.0122677 0.019175 0.0858855 -0.023242 0.019175 0.0922215 -0.0122677 0.016 -0.0374291 0.0660014 0.0169397 -0.0374558 0.0656795 0.0169397 -0.0374558 0.0656795 0.016 -0.0370434 0.0668808 0.0169397 -0.0372201 0.0666104 0.0169397 -0.0372074 0.0666333 0.016 -0.0373498 0.0663145 0.0169397 -0.0374277 0.06601 0.016 -0.0373441 0.066331 0.016 -0.0365254 0.0673449 0.016 -0.0362856 0.0674706 0.0169397 -0.0365697 0.0673168 0.0169397 -0.0370217 0.0669082 0.016 -0.0367921 0.0671477 0.016 -0.0368246 0.0671184 0.0169397 -0.0356615 0.0676286 0.0169397 -0.035583 0.0676335 0.016 -0.0353385 0.0676286 0.0169397 -0.0359801 0.0675754 0.0169397 -0.0362292 0.0674943 0.016 -0.035912 0.0675914 0.016 -0.0344303 0.0673168 0.0169397 -0.0347144 0.0674706 0.0169397 -0.0346195 0.0674259 0.016 -0.0349273 0.0675496 0.016 -0.0350199 0.0675754 0.0169397 -0.0352516 0.0676195 0.016 -0.0338796 0.0667747 0.016 -0.0337799 0.0666104 0.0169397 -0.0339566 0.0668808 0.0169397 -0.034337 0.067252 0.016 -0.034088 0.0670328 0.016 -0.0341754 0.0671184 0.0169397 -0.0335709 0.0660014 0.0169397 -0.0335512 0.0658454 0.016 -0.0335442 0.0656795 0.0169397 -0.0336502 0.0663145 0.0169397 -0.0337178 0.0664851 0.016 -0.0336073 0.0661723 0.016 -0.0337799 0.0647486 0.0169397 -0.0336502 0.0650444 0.0169397 -0.0337178 0.0648739 0.016 -0.0336073 0.0651867 0.016 -0.0335709 0.0653576 0.0169397 -0.0335512 0.0655136 0.016 -0.034337 0.064107 0.016 -0.0344303 0.0640422 0.0169397 -0.0341754 0.0642406 0.0169397 -0.0338796 0.0645843 0.016 -0.034088 0.0643262 0.016 -0.0339566 0.0644782 0.0169397 -0.0350199 0.0637835 0.0169397 -0.0352516 0.0637395 0.016 -0.0353385 0.0637304 0.0169397 -0.0347144 0.0638884 0.0169397 -0.0346195 0.0639331 0.016 -0.0349273 0.0638094 0.016 -0.035583 0.0637254 0.016 -0.035912 0.0637676 0.016 -0.0356615 0.0637304 0.0169397 -0.0362292 0.0638647 0.016 -0.0359801 0.0637835 0.0169397 -0.0362856 0.0638884 0.0169397 -0.0365254 0.0640141 0.016 -0.0367921 0.0642113 0.016 -0.0365697 0.0640422 0.0169397 -0.0370217 0.0644508 0.016 -0.0368246 0.0642406 0.0169397 -0.0370434 0.0644782 0.0169397 -0.0372074 0.0647257 0.016 -0.0373441 0.0650279 0.016 -0.0372201 0.0647486 0.0169397 -0.0374277 0.065349 0.016 -0.0373498 0.0650444 0.0169397 -0.0374291 0.0653576 0.0169397 -0.0350199 0.0637835 0.0169397 -0.0345668 0.0618939 0.019175 -0.0341167 0.0620343 0.019175 -0.0374558 0.0656795 0.0169397 -0.0393704 0.0661502 0.019175 -0.0393989 0.0656795 0.019175 -0.0336871 0.0622278 0.019175 -0.0347144 0.0638884 0.0169397 -0.0332846 0.0624712 0.019175 -0.0344303 0.0640422 0.0169397 -0.0341754 0.0642406 0.0169397 -0.0329143 0.0627614 0.019175 -0.032581 0.0630948 0.019175 -0.0339566 0.0644782 0.0169397 -0.0337799 0.0647486 0.0169397 -0.0322907 0.0634656 0.019175 -0.0320476 0.063868 0.019175 -0.0336502 0.0650444 0.0169397 -0.0317142 0.0647475 0.019175 -0.0318543 0.0642974 0.019175 -0.0335709 0.0653576 0.0169397 -0.0316296 0.0652088 0.019175 -0.0335442 0.0656795 0.0169397 -0.0316011 0.0656795 0.019175 -0.0350291 0.0618092 0.019175 -0.0353385 0.0637304 0.0169397 -0.0354989 0.0617807 0.019175 -0.0359693 0.061809 0.019175 -0.0356615 0.0637304 0.0169397 -0.0364329 0.0618939 0.019175 -0.0359801 0.0637835 0.0169397 -0.0362856 0.0638884 0.0169397 -0.0368816 0.0620337 0.019175 -0.0365697 0.0640422 0.0169397 -0.037311 0.0622268 0.019175 -0.038085 0.0627608 0.019175 -0.0377145 0.0624705 0.019175 -0.0368246 0.0642406 0.0169397 -0.0384176 0.0630933 0.019175 -0.0370434 0.0644782 0.0169397 -0.0387082 0.0634639 0.019175 -0.0389522 0.0638674 0.019175 -0.0372201 0.0647486 0.0169397 -0.0391452 0.0642962 0.019175 -0.0373498 0.0650444 0.0169397 -0.0374291 0.0653576 0.0169397 -0.0392853 0.0647454 0.019175 -0.0393704 0.0652088 0.019175 -0.0392858 0.0666115 0.019175 -0.0374291 0.0660014 0.0169397 -0.0387093 0.0678934 0.019175 -0.0389525 0.067491 0.019175 -0.0372201 0.0666104 0.0169397 -0.0373498 0.0663145 0.0169397 -0.0391457 0.0670615 0.019175 -0.0368246 0.0671184 0.0169397 -0.0377154 0.0688878 0.019175 -0.0380857 0.0685976 0.019175 -0.0370434 0.0668808 0.0169397 -0.038419 0.0682642 0.019175 -0.0362856 0.0674706 0.0169397 -0.0359801 0.0675754 0.0169397 -0.0368833 0.0693247 0.019175 -0.0373129 0.0691312 0.019175 -0.0365697 0.0673168 0.0169397 -0.0355011 0.0695783 0.019175 -0.0356615 0.0676286 0.0169397 -0.0353385 0.0676286 0.0169397 -0.0359709 0.0695498 0.019175 -0.0347144 0.0674706 0.0169397 -0.0341184 0.0693253 0.019175 -0.0350199 0.0675754 0.0169397 -0.0345671 0.0694651 0.019175 -0.0344303 0.0673168 0.0169397 -0.0341754 0.0671184 0.0169397 -0.032915 0.0685982 0.019175 -0.033689 0.0691322 0.019175 -0.0332855 0.0688885 0.019175 -0.0339566 0.0668808 0.0169397 -0.0325824 0.0682657 0.019175 -0.0322918 0.067895 0.019175 -0.0337799 0.0666104 0.0169397 -0.0320478 0.0674916 0.019175 -0.0318548 0.0670628 0.019175 -0.0336502 0.0663145 0.0169397 -0.0317147 0.0666136 0.019175 -0.0316296 0.0661502 0.019175 -0.0335709 0.0660014 0.0169397 -0.0350307 0.06955 0.019175 -0.0364332 0.0694651 0.019175 0.0151659 -0.0480525 0.0169397 0.0151392 -0.0483744 0.0169397 0.0151392 -0.0483744 0.016 0.0155516 -0.0471732 0.0169397 0.0153749 -0.0474436 0.0169397 0.0153876 -0.0474206 0.016 0.0152452 -0.0477394 0.0169397 0.0151673 -0.0480439 0.016 0.0152509 -0.0477229 0.016 0.0160696 -0.046709 0.016 0.0163094 -0.0465834 0.0169397 0.0160253 -0.0467371 0.0169397 0.0155733 -0.0471458 0.016 0.0158029 -0.0469063 0.016 0.0157704 -0.0469355 0.0169397 0.0169335 -0.0464253 0.0169397 0.017012 -0.0464204 0.016 0.0172565 -0.0464253 0.0169397 0.0166149 -0.0464785 0.0169397 0.0163658 -0.0465597 0.016 0.016683 -0.0464625 0.016 0.0181647 -0.0467371 0.0169397 0.0178806 -0.0465834 0.0169397 0.0179755 -0.0466281 0.016 0.0176677 -0.0465044 0.016 0.0175751 -0.0464785 0.0169397 0.0173434 -0.0464345 0.016 0.0187154 -0.0472792 0.016 0.0188151 -0.0474436 0.0169397 0.0186384 -0.0471732 0.0169397 0.018258 -0.046802 0.016 0.018507 -0.0470211 0.016 0.0184196 -0.0469355 0.0169397 0.0190241 -0.0480525 0.0169397 0.0190438 -0.0482086 0.016 0.0190508 -0.0483744 0.0169397 0.0189448 -0.0477394 0.0169397 0.0188772 -0.0475688 0.016 0.0189877 -0.0478816 0.016 0.0188151 -0.0493053 0.0169397 0.0189448 -0.0490095 0.0169397 0.0188772 -0.04918 0.016 0.0189877 -0.0488673 0.016 0.0190241 -0.0486964 0.0169397 0.0190438 -0.0485403 0.016 0.018258 -0.0499469 0.016 0.0181647 -0.0500118 0.0169397 0.0184196 -0.0498134 0.0169397 0.0187154 -0.0494696 0.016 0.018507 -0.0497277 0.016 0.0186384 -0.0495757 0.0169397 0.0175751 -0.0502704 0.0169397 0.0173434 -0.0503144 0.016 0.0172565 -0.0503236 0.0169397 0.0178806 -0.0501655 0.0169397 0.0179755 -0.0501208 0.016 0.0176677 -0.0502445 0.016 0.017012 -0.0503285 0.016 0.016683 -0.0502863 0.016 0.0169335 -0.0503236 0.0169397 0.0163658 -0.0501892 0.016 0.0166149 -0.0502704 0.0169397 0.0163094 -0.0501655 0.0169397 0.0160696 -0.0500399 0.016 0.0158029 -0.0498426 0.016 0.0160253 -0.0500118 0.0169397 0.0155733 -0.0496031 0.016 0.0157704 -0.0498134 0.0169397 0.0155516 -0.0495757 0.0169397 0.0153876 -0.0493283 0.016 0.0152509 -0.049026 0.016 0.0153749 -0.0493053 0.0169397 0.0151673 -0.048705 0.016 0.0152452 -0.0490095 0.0169397 0.0151659 -0.0486964 0.0169397 0.0175751 -0.0502704 0.0169397 0.0180282 -0.05216 0.019175 0.0184783 -0.0520197 0.019175 0.0151392 -0.0483744 0.0169397 0.0132246 -0.0479038 0.019175 0.0131961 -0.0483744 0.019175 0.0189079 -0.0518261 0.019175 0.0178806 -0.0501655 0.0169397 0.0193104 -0.0515827 0.019175 0.0181647 -0.0500118 0.0169397 0.0184196 -0.0498134 0.0169397 0.0196807 -0.0512926 0.019175 0.020014 -0.0509591 0.019175 0.0186384 -0.0495757 0.0169397 0.0188151 -0.0493053 0.0169397 0.0203043 -0.0505883 0.019175 0.0205474 -0.050186 0.019175 0.0189448 -0.0490095 0.0169397 0.0208808 -0.0493065 0.019175 0.0207407 -0.0497565 0.019175 0.0190241 -0.0486964 0.0169397 0.0209654 -0.0488451 0.019175 0.0190508 -0.0483744 0.0169397 0.0209939 -0.0483744 0.019175 0.0175659 -0.0522447 0.019175 0.0172565 -0.0503236 0.0169397 0.0170961 -0.0522733 0.019175 0.0166257 -0.052245 0.019175 0.0169335 -0.0503236 0.0169397 0.0161621 -0.0521601 0.019175 0.0166149 -0.0502704 0.0169397 0.0163094 -0.0501655 0.0169397 0.0157134 -0.0520203 0.019175 0.0160253 -0.0500118 0.0169397 0.015284 -0.0518272 0.019175 0.01451 -0.0512931 0.019175 0.0148805 -0.0515834 0.019175 0.0157704 -0.0498134 0.0169397 0.0141774 -0.0509607 0.019175 0.0155516 -0.0495757 0.0169397 0.0138868 -0.05059 0.019175 0.0136428 -0.0501865 0.019175 0.0153749 -0.0493053 0.0169397 0.0134498 -0.0497577 0.019175 0.0152452 -0.0490095 0.0169397 0.0151659 -0.0486964 0.0169397 0.0133097 -0.0493086 0.019175 0.0132246 -0.0488451 0.019175 0.0133092 -0.0474424 0.019175 0.0151659 -0.0480525 0.0169397 0.0138857 -0.0461606 0.019175 0.0136426 -0.0465629 0.019175 0.0153749 -0.0474436 0.0169397 0.0152452 -0.0477394 0.0169397 0.0134493 -0.0469924 0.019175 0.0157704 -0.0469355 0.0169397 0.0148796 -0.0451662 0.019175 0.0145093 -0.0454563 0.019175 0.0155516 -0.0471732 0.0169397 0.014176 -0.0457897 0.019175 0.0163094 -0.0465834 0.0169397 0.0166149 -0.0464785 0.0169397 0.0157117 -0.0447292 0.019175 0.0152821 -0.0449227 0.019175 0.0160253 -0.0467371 0.0169397 0.0170939 -0.0444756 0.019175 0.0169335 -0.0464253 0.0169397 0.0172565 -0.0464253 0.0169397 0.0166241 -0.0445042 0.019175 0.0178806 -0.0465834 0.0169397 0.0184766 -0.0447286 0.019175 0.0175751 -0.0464785 0.0169397 0.0180279 -0.0445888 0.019175 0.0181647 -0.0467371 0.0169397 0.0184196 -0.0469355 0.0169397 0.01968 -0.0454557 0.019175 0.018906 -0.0449217 0.019175 0.0193095 -0.0451655 0.019175 0.0186384 -0.0471732 0.0169397 0.0200126 -0.0457882 0.019175 0.0203032 -0.0461589 0.019175 0.0188151 -0.0474436 0.0169397 0.0205472 -0.0465623 0.019175 0.0207402 -0.0469911 0.019175 0.0189448 -0.0477394 0.0169397 0.0208803 -0.0474403 0.019175 0.0209654 -0.0479038 0.019175 0.0190241 -0.0480525 0.0169397 0.0175643 -0.0445039 0.019175 0.0161618 -0.0445889 0.019175 0.0151659 -0.0381103 0.0169397 0.0151392 -0.0384322 0.0169397 0.0151392 -0.0384322 0.016 0.0155516 -0.037231 0.0169397 0.0153749 -0.0375014 0.0169397 0.0153876 -0.0374784 0.016 0.0152452 -0.0377972 0.0169397 0.0151673 -0.0381017 0.016 0.0152509 -0.0377807 0.016 0.0160696 -0.0367668 0.016 0.0163094 -0.0366412 0.0169397 0.0160253 -0.0367949 0.0169397 0.0155733 -0.0372036 0.016 0.0158029 -0.0369641 0.016 0.0157704 -0.0369933 0.0169397 0.0169335 -0.0364831 0.0169397 0.017012 -0.0364782 0.016 0.0172565 -0.0364831 0.0169397 0.0166149 -0.0365363 0.0169397 0.0163658 -0.0366175 0.016 0.016683 -0.0365203 0.016 0.0181647 -0.0367949 0.0169397 0.0178806 -0.0366412 0.0169397 0.0179755 -0.0366859 0.016 0.0176677 -0.0365622 0.016 0.0175751 -0.0365363 0.0169397 0.0173434 -0.0364923 0.016 0.0187154 -0.037337 0.016 0.0188151 -0.0375014 0.0169397 0.0186384 -0.037231 0.0169397 0.018258 -0.0368598 0.016 0.018507 -0.0370789 0.016 0.0184196 -0.0369933 0.0169397 0.0190241 -0.0381103 0.0169397 0.0190438 -0.0382664 0.016 0.0190508 -0.0384322 0.0169397 0.0189448 -0.0377972 0.0169397 0.0188772 -0.0376266 0.016 0.0189877 -0.0379394 0.016 0.0188151 -0.0393631 0.0169397 0.0189448 -0.0390673 0.0169397 0.0188772 -0.0392378 0.016 0.0189877 -0.0389251 0.016 0.0190241 -0.0387542 0.0169397 0.0190438 -0.0385981 0.016 0.018258 -0.0400047 0.016 0.0181647 -0.0400696 0.0169397 0.0184196 -0.0398712 0.0169397 0.0187154 -0.0395274 0.016 0.018507 -0.0397855 0.016 0.0186384 -0.0396335 0.0169397 0.0175751 -0.0403282 0.0169397 0.0173434 -0.0403722 0.016 0.0172565 -0.0403814 0.0169397 0.0178806 -0.0402233 0.0169397 0.0179755 -0.0401786 0.016 0.0176677 -0.0403023 0.016 0.017012 -0.0403863 0.016 0.016683 -0.0403441 0.016 0.0169335 -0.0403814 0.0169397 0.0163658 -0.040247 0.016 0.0166149 -0.0403282 0.0169397 0.0163094 -0.0402233 0.0169397 0.0160696 -0.0400977 0.016 0.0158029 -0.0399004 0.016 0.0160253 -0.0400696 0.0169397 0.0155733 -0.0396609 0.016 0.0157704 -0.0398712 0.0169397 0.0155516 -0.0396335 0.0169397 0.0153876 -0.0393861 0.016 0.0152509 -0.0390838 0.016 0.0153749 -0.0393631 0.0169397 0.0151673 -0.0387628 0.016 0.0152452 -0.0390673 0.0169397 0.0151659 -0.0387542 0.0169397 0.0175751 -0.0403282 0.0169397 0.0180282 -0.0422178 0.019175 0.0184783 -0.0420775 0.019175 0.0151392 -0.0384322 0.0169397 0.0132246 -0.0379616 0.019175 0.0131961 -0.0384322 0.019175 0.0189079 -0.0418839 0.019175 0.0178806 -0.0402233 0.0169397 0.0193104 -0.0416405 0.019175 0.0181647 -0.0400696 0.0169397 0.0184196 -0.0398712 0.0169397 0.0196807 -0.0413504 0.019175 0.020014 -0.0410169 0.019175 0.0186384 -0.0396335 0.0169397 0.0188151 -0.0393631 0.0169397 0.0203043 -0.0406461 0.019175 0.0205474 -0.0402438 0.019175 0.0189448 -0.0390673 0.0169397 0.0208808 -0.0393643 0.019175 0.0207407 -0.0398143 0.019175 0.0190241 -0.0387542 0.0169397 0.0209654 -0.0389029 0.019175 0.0190508 -0.0384322 0.0169397 0.0209939 -0.0384322 0.019175 0.0175659 -0.0423025 0.019175 0.0172565 -0.0403814 0.0169397 0.0170961 -0.0423311 0.019175 0.0166257 -0.0423028 0.019175 0.0169335 -0.0403814 0.0169397 0.0161621 -0.0422179 0.019175 0.0166149 -0.0403282 0.0169397 0.0163094 -0.0402233 0.0169397 0.0157134 -0.0420781 0.019175 0.0160253 -0.0400696 0.0169397 0.015284 -0.041885 0.019175 0.01451 -0.0413509 0.019175 0.0148805 -0.0416412 0.019175 0.0157704 -0.0398712 0.0169397 0.0141774 -0.0410185 0.019175 0.0155516 -0.0396335 0.0169397 0.0138868 -0.0406478 0.019175 0.0136428 -0.0402443 0.019175 0.0153749 -0.0393631 0.0169397 0.0134498 -0.0398155 0.019175 0.0152452 -0.0390673 0.0169397 0.0151659 -0.0387542 0.0169397 0.0133097 -0.0393664 0.019175 0.0132246 -0.0389029 0.019175 0.0133092 -0.0375002 0.019175 0.0151659 -0.0381103 0.0169397 0.0138857 -0.0362184 0.019175 0.0136426 -0.0366207 0.019175 0.0153749 -0.0375014 0.0169397 0.0152452 -0.0377972 0.0169397 0.0134493 -0.0370502 0.019175 0.0157704 -0.0369933 0.0169397 0.0148796 -0.035224 0.019175 0.0145093 -0.0355141 0.019175 0.0155516 -0.037231 0.0169397 0.014176 -0.0358475 0.019175 0.0163094 -0.0366412 0.0169397 0.0166149 -0.0365363 0.0169397 0.0157117 -0.034787 0.019175 0.0152821 -0.0349805 0.019175 0.0160253 -0.0367949 0.0169397 0.0170939 -0.0345334 0.019175 0.0169335 -0.0364831 0.0169397 0.0172565 -0.0364831 0.0169397 0.0166241 -0.034562 0.019175 0.0178806 -0.0366412 0.0169397 0.0184766 -0.0347864 0.019175 0.0175751 -0.0365363 0.0169397 0.0180279 -0.0346466 0.019175 0.0181647 -0.0367949 0.0169397 0.0184196 -0.0369933 0.0169397 0.01968 -0.0355135 0.019175 0.018906 -0.0349795 0.019175 0.0193095 -0.0352233 0.019175 0.0186384 -0.037231 0.0169397 0.0200126 -0.035846 0.019175 0.0203032 -0.0362167 0.019175 0.0188151 -0.0375014 0.0169397 0.0205472 -0.0366201 0.019175 0.0207402 -0.0370489 0.019175 0.0189448 -0.0377972 0.0169397 0.0208803 -0.0374981 0.019175 0.0209654 -0.0379616 0.019175 0.0190241 -0.0381103 0.0169397 0.0175643 -0.0345617 0.019175 0.0161618 -0.0346467 0.019175 -0.0190241 -0.0381103 0.0169397 -0.0190508 -0.0384322 0.0169397 -0.0190508 -0.0384322 0.016 -0.0186384 -0.037231 0.0169397 -0.0188151 -0.0375014 0.0169397 -0.0188024 -0.0374784 0.016 -0.0189448 -0.0377972 0.0169397 -0.0190227 -0.0381017 0.016 -0.0189391 -0.0377807 0.016 -0.0181204 -0.0367668 0.016 -0.0178806 -0.0366412 0.0169397 -0.0181647 -0.0367949 0.0169397 -0.0186167 -0.0372036 0.016 -0.0183871 -0.0369641 0.016 -0.0184196 -0.0369933 0.0169397 -0.0172565 -0.0364831 0.0169397 -0.017178 -0.0364782 0.016 -0.0169335 -0.0364831 0.0169397 -0.0175751 -0.0365363 0.0169397 -0.0178242 -0.0366175 0.016 -0.017507 -0.0365203 0.016 -0.0160253 -0.0367949 0.0169397 -0.0163094 -0.0366412 0.0169397 -0.0162145 -0.0366859 0.016 -0.0165223 -0.0365622 0.016 -0.0166149 -0.0365363 0.0169397 -0.0168466 -0.0364923 0.016 -0.0154746 -0.037337 0.016 -0.0153749 -0.0375014 0.0169397 -0.0155516 -0.037231 0.0169397 -0.015932 -0.0368598 0.016 -0.015683 -0.0370789 0.016 -0.0157704 -0.0369933 0.0169397 -0.0151659 -0.0381103 0.0169397 -0.0151462 -0.0382664 0.016 -0.0151392 -0.0384322 0.0169397 -0.0152452 -0.0377972 0.0169397 -0.0153128 -0.0376266 0.016 -0.0152023 -0.0379394 0.016 -0.0153749 -0.0393631 0.0169397 -0.0152452 -0.0390673 0.0169397 -0.0153128 -0.0392378 0.016 -0.0152023 -0.0389251 0.016 -0.0151659 -0.0387542 0.0169397 -0.0151462 -0.0385981 0.016 -0.015932 -0.0400047 0.016 -0.0160253 -0.0400696 0.0169397 -0.0157704 -0.0398712 0.0169397 -0.0154746 -0.0395274 0.016 -0.015683 -0.0397855 0.016 -0.0155516 -0.0396335 0.0169397 -0.0166149 -0.0403282 0.0169397 -0.0168466 -0.0403722 0.016 -0.0169335 -0.0403814 0.0169397 -0.0163094 -0.0402233 0.0169397 -0.0162145 -0.0401786 0.016 -0.0165223 -0.0403023 0.016 -0.017178 -0.0403863 0.016 -0.017507 -0.0403441 0.016 -0.0172565 -0.0403814 0.0169397 -0.0178242 -0.040247 0.016 -0.0175751 -0.0403282 0.0169397 -0.0178806 -0.0402233 0.0169397 -0.0181204 -0.0400977 0.016 -0.0183871 -0.0399004 0.016 -0.0181647 -0.0400696 0.0169397 -0.0186167 -0.0396609 0.016 -0.0184196 -0.0398712 0.0169397 -0.0186384 -0.0396335 0.0169397 -0.0188024 -0.0393861 0.016 -0.0189391 -0.0390838 0.016 -0.0188151 -0.0393631 0.0169397 -0.0190227 -0.0387628 0.016 -0.0189448 -0.0390673 0.0169397 -0.0190241 -0.0387542 0.0169397 -0.0163094 -0.0402233 0.0169397 -0.0166149 -0.0403282 0.0169397 -0.0157117 -0.0420775 0.019175 -0.0190508 -0.0384322 0.0169397 -0.0209654 -0.0379616 0.019175 -0.0209939 -0.0384322 0.019175 -0.0152821 -0.0418839 0.019175 -0.0160253 -0.0400696 0.0169397 -0.0148796 -0.0416405 0.019175 -0.0157704 -0.0398712 0.0169397 -0.0145093 -0.0413504 0.019175 -0.014176 -0.0410169 0.019175 -0.0138857 -0.0406461 0.019175 -0.0155516 -0.0396335 0.0169397 -0.0136426 -0.0402438 0.019175 -0.0153749 -0.0393631 0.0169397 -0.0152452 -0.0390673 0.0169397 -0.0134493 -0.0398143 0.019175 -0.0133092 -0.0393643 0.019175 -0.0151659 -0.0387542 0.0169397 -0.0151392 -0.0384322 0.0169397 -0.0132246 -0.0389029 0.019175 -0.0131961 -0.0384322 0.019175 -0.0161618 -0.0422178 0.019175 -0.0166241 -0.0423025 0.019175 -0.0169335 -0.0403814 0.0169397 -0.0170939 -0.0423311 0.019175 -0.0175643 -0.0423028 0.019175 -0.0172565 -0.0403814 0.0169397 -0.0180279 -0.0422179 0.019175 -0.0175751 -0.0403282 0.0169397 -0.0178806 -0.0402233 0.0169397 -0.0184766 -0.0420781 0.019175 -0.0181647 -0.0400696 0.0169397 -0.018906 -0.041885 0.019175 -0.01968 -0.0413509 0.019175 -0.0193095 -0.0416412 0.019175 -0.0184196 -0.0398712 0.0169397 -0.0200126 -0.0410185 0.019175 -0.0186384 -0.0396335 0.0169397 -0.0203032 -0.0406478 0.019175 -0.0205472 -0.0402443 0.019175 -0.0188151 -0.0393631 0.0169397 -0.0207402 -0.0398155 0.019175 -0.0189448 -0.0390673 0.0169397 -0.0190241 -0.0387542 0.0169397 -0.0208803 -0.0393664 0.019175 -0.0209654 -0.0389029 0.019175 -0.0208808 -0.0375002 0.019175 -0.0190241 -0.0381103 0.0169397 -0.0203043 -0.0362184 0.019175 -0.0205474 -0.0366207 0.019175 -0.0188151 -0.0375014 0.0169397 -0.0189448 -0.0377972 0.0169397 -0.0207407 -0.0370502 0.019175 -0.0184196 -0.0369933 0.0169397 -0.0193104 -0.035224 0.019175 -0.0196807 -0.0355141 0.019175 -0.0186384 -0.037231 0.0169397 -0.020014 -0.0358475 0.019175 -0.0178806 -0.0366412 0.0169397 -0.0175751 -0.0365363 0.0169397 -0.0184783 -0.034787 0.019175 -0.0189079 -0.0349805 0.019175 -0.0181647 -0.0367949 0.0169397 -0.0170961 -0.0345334 0.019175 -0.0172565 -0.0364831 0.0169397 -0.0169335 -0.0364831 0.0169397 -0.0175659 -0.034562 0.019175 -0.0163094 -0.0366412 0.0169397 -0.0157134 -0.0347864 0.019175 -0.0166149 -0.0365363 0.0169397 -0.0161621 -0.0346466 0.019175 -0.0160253 -0.0367949 0.0169397 -0.0157704 -0.0369933 0.0169397 -0.01451 -0.0355135 0.019175 -0.015284 -0.0349795 0.019175 -0.0148805 -0.0352233 0.019175 -0.0155516 -0.037231 0.0169397 -0.0141774 -0.035846 0.019175 -0.0138868 -0.0362167 0.019175 -0.0153749 -0.0375014 0.0169397 -0.0136428 -0.0366201 0.019175 -0.0134498 -0.0370489 0.019175 -0.0152452 -0.0377972 0.0169397 -0.0133097 -0.0374981 0.019175 -0.0132246 -0.0379616 0.019175 -0.0151659 -0.0381103 0.0169397 -0.0166257 -0.0345617 0.019175 -0.0180282 -0.0346467 0.019175 0.0168012 0.0466811 0.0169397 0.0167745 0.0463592 0.0169397 0.0167745 0.0463592 0.016 0.0171869 0.0475605 0.0169397 0.0170103 0.04729 0.0169397 0.0170229 0.047313 0.016 0.0168805 0.0469942 0.0169397 0.0168027 0.0466897 0.016 0.0168862 0.0470107 0.016 0.0177049 0.0480246 0.016 0.0179447 0.0481503 0.0169397 0.0176606 0.0479965 0.0169397 0.0172086 0.0475879 0.016 0.0174382 0.0478274 0.016 0.0174057 0.0477981 0.0169397 0.0185688 0.0483083 0.0169397 0.0186473 0.0483132 0.016 0.0188918 0.0483083 0.0169397 0.0182502 0.0482551 0.0169397 0.0180011 0.048174 0.016 0.0183183 0.0482711 0.016 0.0198001 0.0479965 0.0169397 0.019516 0.0481503 0.0169397 0.0196108 0.0481056 0.016 0.019303 0.0482293 0.016 0.0192105 0.0482551 0.0169397 0.0189788 0.0482992 0.016 0.0203507 0.0474544 0.016 0.0204504 0.04729 0.0169397 0.0202737 0.0475605 0.0169397 0.0198933 0.0479317 0.016 0.0201423 0.0477125 0.016 0.020055 0.0477981 0.0169397 0.0206595 0.0466811 0.0169397 0.0206791 0.0465251 0.016 0.0206861 0.0463592 0.0169397 0.0205802 0.0469942 0.0169397 0.0205125 0.0471648 0.016 0.020623 0.046852 0.016 0.0204504 0.0454283 0.0169397 0.0205802 0.0457241 0.0169397 0.0205125 0.0455536 0.016 0.020623 0.0458664 0.016 0.0206595 0.0460373 0.0169397 0.0206791 0.0461933 0.016 0.0198933 0.0447867 0.016 0.0198001 0.0447219 0.0169397 0.020055 0.0449203 0.0169397 0.0203507 0.045264 0.016 0.0201423 0.0450059 0.016 0.0202737 0.0451579 0.0169397 0.0192105 0.0444632 0.0169397 0.0189788 0.0444192 0.016 0.0188918 0.0444101 0.0169397 0.019516 0.0445681 0.0169397 0.0196108 0.0446128 0.016 0.019303 0.0444891 0.016 0.0186473 0.0444052 0.016 0.0183183 0.0444473 0.016 0.0185688 0.0444101 0.0169397 0.0180011 0.0445444 0.016 0.0182502 0.0444632 0.0169397 0.0179447 0.0445681 0.0169397 0.0177049 0.0446938 0.016 0.0174382 0.044891 0.016 0.0176606 0.0447219 0.0169397 0.0172086 0.0451305 0.016 0.0174057 0.0449203 0.0169397 0.0171869 0.0451579 0.0169397 0.0170229 0.0454054 0.016 0.0168862 0.0457076 0.016 0.0170103 0.0454283 0.0169397 0.0168027 0.0460287 0.016 0.0168805 0.0457241 0.0169397 0.0168012 0.0460373 0.0169397 0.0192105 0.0444632 0.0169397 0.0196635 0.0425736 0.019175 0.0201137 0.042714 0.019175 0.0167745 0.0463592 0.0169397 0.01486 0.0468299 0.019175 0.0148314 0.0463592 0.019175 0.0205432 0.0429075 0.019175 0.019516 0.0445681 0.0169397 0.0209457 0.0431509 0.019175 0.0198001 0.0447219 0.0169397 0.020055 0.0449203 0.0169397 0.021316 0.043441 0.019175 0.0216493 0.0437745 0.019175 0.0202737 0.0451579 0.0169397 0.0204504 0.0454283 0.0169397 0.0219396 0.0441453 0.019175 0.0221828 0.0445477 0.019175 0.0205802 0.0457241 0.0169397 0.0225161 0.0454272 0.019175 0.022376 0.0449771 0.019175 0.0206595 0.0460373 0.0169397 0.0226007 0.0458885 0.019175 0.0206861 0.0463592 0.0169397 0.0226292 0.0463592 0.019175 0.0192012 0.0424889 0.019175 0.0188918 0.0444101 0.0169397 0.0187314 0.0424604 0.019175 0.018261 0.0424887 0.019175 0.0185688 0.0444101 0.0169397 0.0177975 0.0425736 0.019175 0.0182502 0.0444632 0.0169397 0.0179447 0.0445681 0.0169397 0.0173488 0.0427134 0.019175 0.0176606 0.0447219 0.0169397 0.0169193 0.0429065 0.019175 0.0161453 0.0434405 0.019175 0.0165159 0.0431502 0.019175 0.0174057 0.0449203 0.0169397 0.0158128 0.043773 0.019175 0.0171869 0.0451579 0.0169397 0.0155221 0.0441437 0.019175 0.0152781 0.0445471 0.019175 0.0170103 0.0454283 0.0169397 0.0150852 0.0449759 0.019175 0.0168805 0.0457241 0.0169397 0.0168012 0.0460373 0.0169397 0.0149451 0.0454251 0.019175 0.01486 0.0458885 0.019175 0.0149445 0.0472912 0.019175 0.0168012 0.0466811 0.0169397 0.015521 0.0485731 0.019175 0.0152779 0.0481707 0.019175 0.0170103 0.04729 0.0169397 0.0168805 0.0469942 0.0169397 0.0150846 0.0477412 0.019175 0.0174057 0.0477981 0.0169397 0.016515 0.0495675 0.019175 0.0161446 0.0492773 0.019175 0.0171869 0.0475605 0.0169397 0.0158114 0.0489439 0.019175 0.0179447 0.0481503 0.0169397 0.0182502 0.0482551 0.0169397 0.017347 0.0500044 0.019175 0.0169175 0.0498109 0.019175 0.0176606 0.0479965 0.0169397 0.0187292 0.050258 0.019175 0.0185688 0.0483083 0.0169397 0.0188918 0.0483083 0.0169397 0.0182595 0.0502295 0.019175 0.019516 0.0481503 0.0169397 0.0201119 0.050005 0.019175 0.0192105 0.0482551 0.0169397 0.0196632 0.0501448 0.019175 0.0198001 0.0479965 0.0169397 0.020055 0.0477981 0.0169397 0.0213153 0.0492779 0.019175 0.0205413 0.0498119 0.019175 0.0209448 0.0495682 0.019175 0.0202737 0.0475605 0.0169397 0.0216479 0.0489454 0.019175 0.0219385 0.0485747 0.019175 0.0204504 0.04729 0.0169397 0.0221825 0.0481713 0.019175 0.0223755 0.0477425 0.019175 0.0205802 0.0469942 0.0169397 0.0225156 0.0472933 0.019175 0.0226007 0.0468299 0.019175 0.0206595 0.0466811 0.0169397 0.0191997 0.0502297 0.019175 0.0177972 0.0501448 0.019175 -0.0190241 -0.0480525 0.0169397 -0.0190508 -0.0483744 0.0169397 -0.0190508 -0.0483744 0.016 -0.0186384 -0.0471732 0.0169397 -0.0188151 -0.0474436 0.0169397 -0.0188024 -0.0474206 0.016 -0.0189448 -0.0477394 0.0169397 -0.0190227 -0.0480439 0.016 -0.0189391 -0.0477229 0.016 -0.0181204 -0.046709 0.016 -0.0178806 -0.0465834 0.0169397 -0.0181647 -0.0467371 0.0169397 -0.0186167 -0.0471458 0.016 -0.0183871 -0.0469063 0.016 -0.0184196 -0.0469355 0.0169397 -0.0172565 -0.0464253 0.0169397 -0.017178 -0.0464204 0.016 -0.0169335 -0.0464253 0.0169397 -0.0175751 -0.0464785 0.0169397 -0.0178242 -0.0465597 0.016 -0.017507 -0.0464625 0.016 -0.0160253 -0.0467371 0.0169397 -0.0163094 -0.0465834 0.0169397 -0.0162145 -0.0466281 0.016 -0.0165223 -0.0465044 0.016 -0.0166149 -0.0464785 0.0169397 -0.0168466 -0.0464345 0.016 -0.0154746 -0.0472792 0.016 -0.0153749 -0.0474436 0.0169397 -0.0155516 -0.0471732 0.0169397 -0.015932 -0.046802 0.016 -0.015683 -0.0470211 0.016 -0.0157704 -0.0469355 0.0169397 -0.0151659 -0.0480525 0.0169397 -0.0151462 -0.0482086 0.016 -0.0151392 -0.0483744 0.0169397 -0.0152452 -0.0477394 0.0169397 -0.0153128 -0.0475688 0.016 -0.0152023 -0.0478816 0.016 -0.0153749 -0.0493053 0.0169397 -0.0152452 -0.0490095 0.0169397 -0.0153128 -0.04918 0.016 -0.0152023 -0.0488673 0.016 -0.0151659 -0.0486964 0.0169397 -0.0151462 -0.0485403 0.016 -0.015932 -0.0499469 0.016 -0.0160253 -0.0500118 0.0169397 -0.0157704 -0.0498134 0.0169397 -0.0154746 -0.0494696 0.016 -0.015683 -0.0497277 0.016 -0.0155516 -0.0495757 0.0169397 -0.0166149 -0.0502704 0.0169397 -0.0168466 -0.0503144 0.016 -0.0169335 -0.0503236 0.0169397 -0.0163094 -0.0501655 0.0169397 -0.0162145 -0.0501208 0.016 -0.0165223 -0.0502445 0.016 -0.017178 -0.0503285 0.016 -0.017507 -0.0502863 0.016 -0.0172565 -0.0503236 0.0169397 -0.0178242 -0.0501892 0.016 -0.0175751 -0.0502704 0.0169397 -0.0178806 -0.0501655 0.0169397 -0.0181204 -0.0500399 0.016 -0.0183871 -0.0498426 0.016 -0.0181647 -0.0500118 0.0169397 -0.0186167 -0.0496031 0.016 -0.0184196 -0.0498134 0.0169397 -0.0186384 -0.0495757 0.0169397 -0.0188024 -0.0493283 0.016 -0.0189391 -0.049026 0.016 -0.0188151 -0.0493053 0.0169397 -0.0190227 -0.048705 0.016 -0.0189448 -0.0490095 0.0169397 -0.0190241 -0.0486964 0.0169397 -0.0163094 -0.0501655 0.0169397 -0.0166149 -0.0502704 0.0169397 -0.0157117 -0.0520197 0.019175 -0.0190508 -0.0483744 0.0169397 -0.0209654 -0.0479038 0.019175 -0.0209939 -0.0483744 0.019175 -0.0152821 -0.0518261 0.019175 -0.0160253 -0.0500118 0.0169397 -0.0148796 -0.0515827 0.019175 -0.0157704 -0.0498134 0.0169397 -0.0145093 -0.0512926 0.019175 -0.014176 -0.0509591 0.019175 -0.0138857 -0.0505883 0.019175 -0.0155516 -0.0495757 0.0169397 -0.0136426 -0.050186 0.019175 -0.0153749 -0.0493053 0.0169397 -0.0152452 -0.0490095 0.0169397 -0.0134493 -0.0497565 0.019175 -0.0133092 -0.0493065 0.019175 -0.0151659 -0.0486964 0.0169397 -0.0151392 -0.0483744 0.0169397 -0.0132246 -0.0488451 0.019175 -0.0131961 -0.0483744 0.019175 -0.0161618 -0.05216 0.019175 -0.0166241 -0.0522447 0.019175 -0.0169335 -0.0503236 0.0169397 -0.0170939 -0.0522733 0.019175 -0.0175643 -0.052245 0.019175 -0.0172565 -0.0503236 0.0169397 -0.0180279 -0.0521601 0.019175 -0.0175751 -0.0502704 0.0169397 -0.0178806 -0.0501655 0.0169397 -0.0184766 -0.0520203 0.019175 -0.0181647 -0.0500118 0.0169397 -0.018906 -0.0518272 0.019175 -0.01968 -0.0512931 0.019175 -0.0193095 -0.0515834 0.019175 -0.0184196 -0.0498134 0.0169397 -0.0200126 -0.0509607 0.019175 -0.0186384 -0.0495757 0.0169397 -0.0203032 -0.05059 0.019175 -0.0205472 -0.0501865 0.019175 -0.0188151 -0.0493053 0.0169397 -0.0207402 -0.0497577 0.019175 -0.0189448 -0.0490095 0.0169397 -0.0190241 -0.0486964 0.0169397 -0.0208803 -0.0493086 0.019175 -0.0209654 -0.0488451 0.019175 -0.0208808 -0.0474424 0.019175 -0.0190241 -0.0480525 0.0169397 -0.0203043 -0.0461606 0.019175 -0.0205474 -0.0465629 0.019175 -0.0188151 -0.0474436 0.0169397 -0.0189448 -0.0477394 0.0169397 -0.0207407 -0.0469924 0.019175 -0.0184196 -0.0469355 0.0169397 -0.0193104 -0.0451662 0.019175 -0.0196807 -0.0454563 0.019175 -0.0186384 -0.0471732 0.0169397 -0.020014 -0.0457897 0.019175 -0.0178806 -0.0465834 0.0169397 -0.0175751 -0.0464785 0.0169397 -0.0184783 -0.0447292 0.019175 -0.0189079 -0.0449227 0.019175 -0.0181647 -0.0467371 0.0169397 -0.0170961 -0.0444756 0.019175 -0.0172565 -0.0464253 0.0169397 -0.0169335 -0.0464253 0.0169397 -0.0175659 -0.0445042 0.019175 -0.0163094 -0.0465834 0.0169397 -0.0157134 -0.0447286 0.019175 -0.0166149 -0.0464785 0.0169397 -0.0161621 -0.0445888 0.019175 -0.0160253 -0.0467371 0.0169397 -0.0157704 -0.0469355 0.0169397 -0.01451 -0.0454557 0.019175 -0.015284 -0.0449217 0.019175 -0.0148805 -0.0451655 0.019175 -0.0155516 -0.0471732 0.0169397 -0.0141774 -0.0457882 0.019175 -0.0138868 -0.0461589 0.019175 -0.0153749 -0.0474436 0.0169397 -0.0136428 -0.0465623 0.019175 -0.0134498 -0.0469911 0.019175 -0.0152452 -0.0477394 0.0169397 -0.0133097 -0.0474403 0.019175 -0.0132246 -0.0479038 0.019175 -0.0151659 -0.0480525 0.0169397 -0.0166257 -0.0445039 0.019175 -0.0180282 -0.0445889 0.019175 -0.0780592 -0.00437201 0.0169397 -0.0780859 -0.00469392 0.0169397 -0.0780859 -0.00469392 0.016 -0.0776735 -0.00349264 0.0169397 -0.0778502 -0.00376306 0.0169397 -0.0778375 -0.00374009 0.016 -0.0779799 -0.00405887 0.0169397 -0.0780578 -0.00436339 0.016 -0.0779742 -0.00404237 0.016 -0.0771555 -0.0030285 0.016 -0.0769157 -0.00290285 0.0169397 -0.0771998 -0.00305659 0.0169397 -0.0776518 -0.00346525 0.016 -0.0774223 -0.00322576 0.016 -0.0774547 -0.00325499 0.0169397 -0.0762916 -0.0027448 0.0169397 -0.0762131 -0.00273988 0.016 -0.0759686 -0.0027448 0.0169397 -0.0766102 -0.00279797 0.0169397 -0.0768593 -0.00287915 0.016 -0.0765422 -0.00278202 0.016 -0.0750604 -0.00305659 0.0169397 -0.0753445 -0.00290285 0.0169397 -0.0752496 -0.00294754 0.016 -0.0755574 -0.00282385 0.016 -0.07565 -0.00279797 0.0169397 -0.0758817 -0.00275396 0.016 -0.0745097 -0.00359872 0.016 -0.07441 -0.00376306 0.0169397 -0.0745867 -0.00349264 0.0169397 -0.0749671 -0.00312146 0.016 -0.0747181 -0.00334063 0.016 -0.0748055 -0.00325499 0.0169397 -0.074201 -0.00437201 0.0169397 -0.0741813 -0.00452806 0.016 -0.0741743 -0.00469392 0.0169397 -0.0742803 -0.00405887 0.0169397 -0.0743479 -0.00388832 0.016 -0.0742374 -0.0042011 0.016 -0.07441 -0.00562478 0.0169397 -0.0742803 -0.00532897 0.0169397 -0.0743479 -0.00549952 0.016 -0.0742374 -0.00518674 0.016 -0.074201 -0.00501583 0.0169397 -0.0741813 -0.00485978 0.016 -0.0749671 -0.00626638 0.016 -0.0750604 -0.00633125 0.0169397 -0.0748055 -0.00613285 0.0169397 -0.0745097 -0.00578912 0.016 -0.0747181 -0.00604721 0.016 -0.0745867 -0.0058952 0.0169397 -0.07565 -0.00658987 0.0169397 -0.0758817 -0.00663388 0.016 -0.0759686 -0.00664304 0.0169397 -0.0753445 -0.00648499 0.0169397 -0.0752496 -0.0064403 0.016 -0.0755574 -0.00656399 0.016 -0.0762131 -0.00664796 0.016 -0.0765422 -0.00660582 0.016 -0.0762916 -0.00664304 0.0169397 -0.0768593 -0.00650869 0.016 -0.0766102 -0.00658987 0.0169397 -0.0769157 -0.00648499 0.0169397 -0.0771555 -0.00635934 0.016 -0.0774223 -0.00616209 0.016 -0.0771998 -0.00633125 0.0169397 -0.0776518 -0.00592259 0.016 -0.0774547 -0.00613285 0.0169397 -0.0776735 -0.0058952 0.0169397 -0.0778375 -0.00564775 0.016 -0.0779742 -0.00534548 0.016 -0.0778502 -0.00562478 0.0169397 -0.0780578 -0.00502445 0.016 -0.0779799 -0.00532897 0.0169397 -0.0780592 -0.00501583 0.0169397 -0.07565 -0.00658987 0.0169397 -0.0751969 -0.0084795 0.019175 -0.0747468 -0.00833914 0.019175 -0.0780859 -0.00469392 0.0169397 -0.0800005 -0.00422324 0.019175 -0.080029 -0.00469392 0.019175 -0.0743172 -0.00814563 0.019175 -0.0753445 -0.00648499 0.0169397 -0.0739148 -0.00790219 0.019175 -0.0750604 -0.00633125 0.0169397 -0.0748055 -0.00613285 0.0169397 -0.0735444 -0.00761206 0.019175 -0.0732111 -0.00727862 0.019175 -0.0745867 -0.0058952 0.0169397 -0.07441 -0.00562478 0.0169397 -0.0729208 -0.0069078 0.019175 -0.0726777 -0.00650546 0.019175 -0.0742803 -0.00532897 0.0169397 -0.0723443 -0.00562594 0.019175 -0.0724844 -0.00607598 0.019175 -0.074201 -0.00501583 0.0169397 -0.0722598 -0.0051646 0.019175 -0.0741743 -0.00469392 0.0169397 -0.0722312 -0.00469392 0.019175 -0.0756592 -0.0085642 0.019175 -0.0759686 -0.00664304 0.0169397 -0.076129 -0.00859275 0.019175 -0.0765994 -0.00856445 0.019175 -0.0762916 -0.00664304 0.0169397 -0.077063 -0.00847955 0.019175 -0.0766102 -0.00658987 0.0169397 -0.0769157 -0.00648499 0.0169397 -0.0775117 -0.00833974 0.019175 -0.0771998 -0.00633125 0.0169397 -0.0779411 -0.00814665 0.019175 -0.0787151 -0.00761261 0.019175 -0.0783446 -0.0079029 0.019175 -0.0774547 -0.00613285 0.0169397 -0.0790477 -0.00728015 0.019175 -0.0776735 -0.0058952 0.0169397 -0.0793383 -0.00690946 0.019175 -0.0795823 -0.00650603 0.019175 -0.0778502 -0.00562478 0.0169397 -0.0797753 -0.00607723 0.019175 -0.0779799 -0.00532897 0.0169397 -0.0780592 -0.00501583 0.0169397 -0.0799154 -0.00562806 0.019175 -0.0800005 -0.0051646 0.019175 -0.0799159 -0.0037619 0.019175 -0.0780592 -0.00437201 0.0169397 -0.0793394 -0.00248004 0.019175 -0.0795826 -0.00288238 0.019175 -0.0778502 -0.00376306 0.0169397 -0.0779799 -0.00405887 0.0169397 -0.0797758 -0.00331186 0.019175 -0.0774547 -0.00325499 0.0169397 -0.0783455 -0.00148565 0.019175 -0.0787158 -0.00177578 0.019175 -0.0776735 -0.00349264 0.0169397 -0.0790491 -0.00210922 0.019175 -0.0769157 -0.00290285 0.0169397 -0.0766102 -0.00279797 0.0169397 -0.0775134 -0.0010487 0.019175 -0.077943 -0.00124221 0.019175 -0.0771998 -0.00305659 0.0169397 -0.0761312 -0.000795088 0.019175 -0.0762916 -0.0027448 0.0169397 -0.0759686 -0.0027448 0.0169397 -0.076601 -0.000823645 0.019175 -0.0753445 -0.00290285 0.0169397 -0.0747486 -0.0010481 0.019175 -0.07565 -0.00279797 0.0169397 -0.0751972 -0.000908289 0.019175 -0.0750604 -0.00305659 0.0169397 -0.0748055 -0.00325499 0.0169397 -0.0735451 -0.00177523 0.019175 -0.0743191 -0.00124119 0.019175 -0.0739157 -0.00148495 0.019175 -0.0745867 -0.00349264 0.0169397 -0.0732125 -0.00210769 0.019175 -0.0729219 -0.00247838 0.019175 -0.07441 -0.00376306 0.0169397 -0.0726779 -0.00288181 0.019175 -0.0724849 -0.00331061 0.019175 -0.0742803 -0.00405887 0.0169397 -0.0723448 -0.00375978 0.019175 -0.0722598 -0.00422324 0.019175 -0.074201 -0.00437201 0.0169397 -0.0756608 -0.000823389 0.019175 -0.0770633 -0.000908343 0.019175 -0.0460592 -0.0632617 0.0169397 -0.0460859 -0.0635836 0.0169397 -0.0460859 -0.0635836 0.016 -0.0456735 -0.0623824 0.0169397 -0.0458502 -0.0626528 0.0169397 -0.0458376 -0.0626298 0.016 -0.0459799 -0.0629486 0.0169397 -0.0460578 -0.0632531 0.016 -0.0459742 -0.0629321 0.016 -0.0451555 -0.0619182 0.016 -0.0449157 -0.0617926 0.0169397 -0.0451998 -0.0619463 0.0169397 -0.0456518 -0.062355 0.016 -0.0454223 -0.0621155 0.016 -0.0454547 -0.0621447 0.0169397 -0.0442916 -0.0616345 0.0169397 -0.0442131 -0.0616296 0.016 -0.0439686 -0.0616345 0.0169397 -0.0446102 -0.0616877 0.0169397 -0.0448593 -0.0617689 0.016 -0.0445422 -0.0616717 0.016 -0.0430604 -0.0619463 0.0169397 -0.0433445 -0.0617926 0.0169397 -0.0432496 -0.0618373 0.016 -0.0435574 -0.0617136 0.016 -0.04365 -0.0616877 0.0169397 -0.0438817 -0.0616437 0.016 -0.0425097 -0.0624884 0.016 -0.04241 -0.0626528 0.0169397 -0.0425867 -0.0623824 0.0169397 -0.0429671 -0.0620112 0.016 -0.0427181 -0.0622304 0.016 -0.0428055 -0.0621447 0.0169397 -0.042201 -0.0632617 0.0169397 -0.0421814 -0.0634178 0.016 -0.0421743 -0.0635836 0.0169397 -0.0422803 -0.0629486 0.0169397 -0.0423479 -0.062778 0.016 -0.0422374 -0.0630908 0.016 -0.04241 -0.0645145 0.0169397 -0.0422803 -0.0642187 0.0169397 -0.0423479 -0.0643892 0.016 -0.0422374 -0.0640765 0.016 -0.042201 -0.0639056 0.0169397 -0.0421814 -0.0637495 0.016 -0.0429671 -0.0651561 0.016 -0.0430604 -0.065221 0.0169397 -0.0428055 -0.0650226 0.0169397 -0.0425097 -0.0646788 0.016 -0.0427181 -0.0649369 0.016 -0.0425867 -0.0647849 0.0169397 -0.04365 -0.0654796 0.0169397 -0.0438817 -0.0655236 0.016 -0.0439686 -0.0655328 0.0169397 -0.0433445 -0.0653747 0.0169397 -0.0432496 -0.06533 0.016 -0.0435574 -0.0654537 0.016 -0.0442131 -0.0655377 0.016 -0.0445422 -0.0654956 0.016 -0.0442916 -0.0655328 0.0169397 -0.0448593 -0.0653984 0.016 -0.0446102 -0.0654796 0.0169397 -0.0449157 -0.0653747 0.0169397 -0.0451555 -0.0652491 0.016 -0.0454223 -0.0650518 0.016 -0.0451998 -0.065221 0.0169397 -0.0456518 -0.0648123 0.016 -0.0454547 -0.0650226 0.0169397 -0.0456735 -0.0647849 0.0169397 -0.0458376 -0.0645375 0.016 -0.0459742 -0.0642352 0.016 -0.0458502 -0.0645145 0.0169397 -0.0460578 -0.0639142 0.016 -0.0459799 -0.0642187 0.0169397 -0.0460592 -0.0639056 0.0169397 -0.04365 -0.0654796 0.0169397 -0.0431969 -0.0673692 0.019175 -0.0427468 -0.0672289 0.019175 -0.0460859 -0.0635836 0.0169397 -0.0480005 -0.063113 0.019175 -0.048029 -0.0635836 0.019175 -0.0423172 -0.0670354 0.019175 -0.0433445 -0.0653747 0.0169397 -0.0419147 -0.0667919 0.019175 -0.0430604 -0.065221 0.0169397 -0.0428055 -0.0650226 0.0169397 -0.0415444 -0.0665018 0.019175 -0.0412111 -0.0661684 0.019175 -0.0425867 -0.0647849 0.0169397 -0.04241 -0.0645145 0.0169397 -0.0409208 -0.0657975 0.019175 -0.0406777 -0.0653952 0.019175 -0.0422803 -0.0642187 0.0169397 -0.0403443 -0.0645157 0.019175 -0.0404844 -0.0649657 0.019175 -0.042201 -0.0639056 0.0169397 -0.0402597 -0.0640543 0.019175 -0.0421743 -0.0635836 0.0169397 -0.0402312 -0.0635836 0.019175 -0.0436592 -0.0674539 0.019175 -0.0439686 -0.0655328 0.0169397 -0.044129 -0.0674825 0.019175 -0.0445994 -0.0674542 0.019175 -0.0442916 -0.0655328 0.0169397 -0.045063 -0.0673693 0.019175 -0.0446102 -0.0654796 0.0169397 -0.0449157 -0.0653747 0.0169397 -0.0455117 -0.0672295 0.019175 -0.0451998 -0.065221 0.0169397 -0.0459411 -0.0670364 0.019175 -0.0467151 -0.0665023 0.019175 -0.0463446 -0.0667926 0.019175 -0.0454547 -0.0650226 0.0169397 -0.0470477 -0.0661699 0.019175 -0.0456735 -0.0647849 0.0169397 -0.0473383 -0.0657992 0.019175 -0.0475823 -0.0653958 0.019175 -0.0458502 -0.0645145 0.0169397 -0.0477753 -0.064967 0.019175 -0.0459799 -0.0642187 0.0169397 -0.0460592 -0.0639056 0.0169397 -0.0479154 -0.0645178 0.019175 -0.0480005 -0.0640543 0.019175 -0.0479159 -0.0626516 0.019175 -0.0460592 -0.0632617 0.0169397 -0.0473394 -0.0613698 0.019175 -0.0475826 -0.0617721 0.019175 -0.0458502 -0.0626528 0.0169397 -0.0459799 -0.0629486 0.0169397 -0.0477758 -0.0622016 0.019175 -0.0454547 -0.0621447 0.0169397 -0.0463455 -0.0603754 0.019175 -0.0467158 -0.0606655 0.019175 -0.0456735 -0.0623824 0.0169397 -0.0470491 -0.0609989 0.019175 -0.0449157 -0.0617926 0.0169397 -0.0446102 -0.0616877 0.0169397 -0.0455134 -0.0599384 0.019175 -0.045943 -0.0601319 0.019175 -0.0451998 -0.0619463 0.0169397 -0.0441312 -0.0596848 0.019175 -0.0442916 -0.0616345 0.0169397 -0.0439686 -0.0616345 0.0169397 -0.044601 -0.0597134 0.019175 -0.0433445 -0.0617926 0.0169397 -0.0427486 -0.0599378 0.019175 -0.04365 -0.0616877 0.0169397 -0.0431973 -0.059798 0.019175 -0.0430604 -0.0619463 0.0169397 -0.0428055 -0.0621447 0.0169397 -0.0415451 -0.060665 0.019175 -0.0423191 -0.0601309 0.019175 -0.0419156 -0.0603747 0.019175 -0.0425867 -0.0623824 0.0169397 -0.0412125 -0.0609974 0.019175 -0.0409219 -0.0613681 0.019175 -0.04241 -0.0626528 0.0169397 -0.0406779 -0.0617715 0.019175 -0.0404849 -0.0622003 0.019175 -0.0422803 -0.0629486 0.0169397 -0.0403448 -0.0626495 0.019175 -0.0402597 -0.063113 0.019175 -0.042201 -0.0632617 0.0169397 -0.0436608 -0.0597131 0.019175 -0.0450633 -0.0597981 0.019175 0.042201 -0.0632617 0.0169397 0.0421743 -0.0635836 0.0169397 0.0421743 -0.0635836 0.016 0.0425867 -0.0623824 0.0169397 0.04241 -0.0626528 0.0169397 0.0424227 -0.0626298 0.016 0.0422803 -0.0629486 0.0169397 0.0422024 -0.0632531 0.016 0.042286 -0.0629321 0.016 0.0431047 -0.0619182 0.016 0.0433445 -0.0617926 0.0169397 0.0430604 -0.0619463 0.0169397 0.0426084 -0.062355 0.016 0.042838 -0.0621155 0.016 0.0428055 -0.0621447 0.0169397 0.0439686 -0.0616345 0.0169397 0.0440471 -0.0616296 0.016 0.0442916 -0.0616345 0.0169397 0.04365 -0.0616877 0.0169397 0.0434009 -0.0617689 0.016 0.0437181 -0.0616717 0.016 0.0451998 -0.0619463 0.0169397 0.0449157 -0.0617926 0.0169397 0.0450106 -0.0618373 0.016 0.0447028 -0.0617136 0.016 0.0446102 -0.0616877 0.0169397 0.0443785 -0.0616437 0.016 0.0457505 -0.0624884 0.016 0.0458502 -0.0626528 0.0169397 0.0456735 -0.0623824 0.0169397 0.0452931 -0.0620112 0.016 0.0455421 -0.0622304 0.016 0.0454547 -0.0621447 0.0169397 0.0460592 -0.0632617 0.0169397 0.0460789 -0.0634178 0.016 0.0460859 -0.0635836 0.0169397 0.0459799 -0.0629486 0.0169397 0.0459123 -0.062778 0.016 0.0460228 -0.0630908 0.016 0.0458502 -0.0645145 0.0169397 0.0459799 -0.0642187 0.0169397 0.0459123 -0.0643892 0.016 0.0460228 -0.0640765 0.016 0.0460592 -0.0639056 0.0169397 0.0460789 -0.0637495 0.016 0.0452931 -0.0651561 0.016 0.0451998 -0.065221 0.0169397 0.0454547 -0.0650226 0.0169397 0.0457505 -0.0646788 0.016 0.0455421 -0.0649369 0.016 0.0456735 -0.0647849 0.0169397 0.0446102 -0.0654796 0.0169397 0.0443785 -0.0655236 0.016 0.0442916 -0.0655328 0.0169397 0.0449157 -0.0653747 0.0169397 0.0450106 -0.06533 0.016 0.0447028 -0.0654537 0.016 0.0440471 -0.0655377 0.016 0.0437181 -0.0654956 0.016 0.0439686 -0.0655328 0.0169397 0.0434009 -0.0653984 0.016 0.04365 -0.0654796 0.0169397 0.0433445 -0.0653747 0.0169397 0.0431047 -0.0652491 0.016 0.042838 -0.0650518 0.016 0.0430604 -0.065221 0.0169397 0.0426084 -0.0648123 0.016 0.0428055 -0.0650226 0.0169397 0.0425867 -0.0647849 0.0169397 0.0424227 -0.0645375 0.016 0.042286 -0.0642352 0.016 0.04241 -0.0645145 0.0169397 0.0422024 -0.0639142 0.016 0.0422803 -0.0642187 0.0169397 0.042201 -0.0639056 0.0169397 0.0446102 -0.0654796 0.0169397 0.0450633 -0.0673692 0.019175 0.0455134 -0.0672289 0.019175 0.0421743 -0.0635836 0.0169397 0.0402597 -0.063113 0.019175 0.0402312 -0.0635836 0.019175 0.045943 -0.0670354 0.019175 0.0449157 -0.0653747 0.0169397 0.0463455 -0.0667919 0.019175 0.0451998 -0.065221 0.0169397 0.0454547 -0.0650226 0.0169397 0.0467158 -0.0665018 0.019175 0.0470491 -0.0661684 0.019175 0.0456735 -0.0647849 0.0169397 0.0458502 -0.0645145 0.0169397 0.0473394 -0.0657975 0.019175 0.0475826 -0.0653952 0.019175 0.0459799 -0.0642187 0.0169397 0.0479159 -0.0645157 0.019175 0.0477758 -0.0649657 0.019175 0.0460592 -0.0639056 0.0169397 0.0480005 -0.0640543 0.019175 0.0460859 -0.0635836 0.0169397 0.048029 -0.0635836 0.019175 0.044601 -0.0674539 0.019175 0.0442916 -0.0655328 0.0169397 0.0441312 -0.0674825 0.019175 0.0436608 -0.0674542 0.019175 0.0439686 -0.0655328 0.0169397 0.0431973 -0.0673693 0.019175 0.04365 -0.0654796 0.0169397 0.0433445 -0.0653747 0.0169397 0.0427486 -0.0672295 0.019175 0.0430604 -0.065221 0.0169397 0.0423191 -0.0670364 0.019175 0.0415451 -0.0665023 0.019175 0.0419156 -0.0667926 0.019175 0.0428055 -0.0650226 0.0169397 0.0412125 -0.0661699 0.019175 0.0425867 -0.0647849 0.0169397 0.0409219 -0.0657992 0.019175 0.0406779 -0.0653958 0.019175 0.04241 -0.0645145 0.0169397 0.0404849 -0.064967 0.019175 0.0422803 -0.0642187 0.0169397 0.042201 -0.0639056 0.0169397 0.0403448 -0.0645178 0.019175 0.0402597 -0.0640543 0.019175 0.0403443 -0.0626516 0.019175 0.042201 -0.0632617 0.0169397 0.0409208 -0.0613698 0.019175 0.0406777 -0.0617721 0.019175 0.04241 -0.0626528 0.0169397 0.0422803 -0.0629486 0.0169397 0.0404844 -0.0622016 0.019175 0.0428055 -0.0621447 0.0169397 0.0419147 -0.0603754 0.019175 0.0415444 -0.0606655 0.019175 0.0425867 -0.0623824 0.0169397 0.0412111 -0.0609989 0.019175 0.0433445 -0.0617926 0.0169397 0.04365 -0.0616877 0.0169397 0.0427468 -0.0599384 0.019175 0.0423172 -0.0601319 0.019175 0.0430604 -0.0619463 0.0169397 0.044129 -0.0596848 0.019175 0.0439686 -0.0616345 0.0169397 0.0442916 -0.0616345 0.0169397 0.0436592 -0.0597134 0.019175 0.0449157 -0.0617926 0.0169397 0.0455117 -0.0599378 0.019175 0.0446102 -0.0616877 0.0169397 0.045063 -0.059798 0.019175 0.0451998 -0.0619463 0.0169397 0.0454547 -0.0621447 0.0169397 0.0467151 -0.060665 0.019175 0.0459411 -0.0601309 0.019175 0.0463446 -0.0603747 0.019175 0.0456735 -0.0623824 0.0169397 0.0470477 -0.0609974 0.019175 0.0473383 -0.0613681 0.019175 0.0458502 -0.0626528 0.0169397 0.0475823 -0.0617715 0.019175 0.0477753 -0.0622003 0.019175 0.0459799 -0.0629486 0.0169397 0.0479154 -0.0626495 0.019175 0.0480005 -0.063113 0.019175 0.0460592 -0.0632617 0.0169397 0.0445994 -0.0597131 0.019175 0.0431969 -0.0597981 0.019175 0.074201 -0.00437201 0.0169397 0.0741743 -0.00469392 0.0169397 0.0741743 -0.00469392 0.016 0.0745867 -0.00349264 0.0169397 0.07441 -0.00376306 0.0169397 0.0744227 -0.00374009 0.016 0.0742803 -0.00405887 0.0169397 0.0742024 -0.00436339 0.016 0.074286 -0.00404237 0.016 0.0751047 -0.0030285 0.016 0.0753445 -0.00290285 0.0169397 0.0750604 -0.00305659 0.0169397 0.0746084 -0.00346525 0.016 0.074838 -0.00322576 0.016 0.0748055 -0.00325499 0.0169397 0.0759686 -0.0027448 0.0169397 0.0760471 -0.00273988 0.016 0.0762916 -0.0027448 0.0169397 0.07565 -0.00279797 0.0169397 0.0754009 -0.00287915 0.016 0.0757181 -0.00278202 0.016 0.0771998 -0.00305659 0.0169397 0.0769157 -0.00290285 0.0169397 0.0770106 -0.00294754 0.016 0.0767028 -0.00282385 0.016 0.0766102 -0.00279797 0.0169397 0.0763785 -0.00275396 0.016 0.0777505 -0.00359872 0.016 0.0778502 -0.00376306 0.0169397 0.0776735 -0.00349264 0.0169397 0.0772931 -0.00312146 0.016 0.0775421 -0.00334063 0.016 0.0774547 -0.00325499 0.0169397 0.0780592 -0.00437201 0.0169397 0.0780789 -0.00452806 0.016 0.0780859 -0.00469392 0.0169397 0.0779799 -0.00405887 0.0169397 0.0779123 -0.00388832 0.016 0.0780228 -0.0042011 0.016 0.0778502 -0.00562478 0.0169397 0.0779799 -0.00532897 0.0169397 0.0779123 -0.00549952 0.016 0.0780228 -0.00518674 0.016 0.0780592 -0.00501583 0.0169397 0.0780789 -0.00485978 0.016 0.0772931 -0.00626638 0.016 0.0771998 -0.00633125 0.0169397 0.0774547 -0.00613285 0.0169397 0.0777505 -0.00578912 0.016 0.0775421 -0.00604721 0.016 0.0776735 -0.0058952 0.0169397 0.0766102 -0.00658987 0.0169397 0.0763785 -0.00663388 0.016 0.0762916 -0.00664304 0.0169397 0.0769157 -0.00648499 0.0169397 0.0770106 -0.0064403 0.016 0.0767028 -0.00656399 0.016 0.0760471 -0.00664796 0.016 0.0757181 -0.00660582 0.016 0.0759686 -0.00664304 0.0169397 0.0754009 -0.00650869 0.016 0.07565 -0.00658987 0.0169397 0.0753445 -0.00648499 0.0169397 0.0751047 -0.00635934 0.016 0.074838 -0.00616209 0.016 0.0750604 -0.00633125 0.0169397 0.0746084 -0.00592259 0.016 0.0748055 -0.00613285 0.0169397 0.0745867 -0.0058952 0.0169397 0.0744227 -0.00564775 0.016 0.074286 -0.00534548 0.016 0.07441 -0.00562478 0.0169397 0.0742024 -0.00502445 0.016 0.0742803 -0.00532897 0.0169397 0.074201 -0.00501583 0.0169397 0.0766102 -0.00658987 0.0169397 0.0770633 -0.0084795 0.019175 0.0775134 -0.00833914 0.019175 0.0741743 -0.00469392 0.0169397 0.0722598 -0.00422324 0.019175 0.0722312 -0.00469392 0.019175 0.077943 -0.00814563 0.019175 0.0769157 -0.00648499 0.0169397 0.0783455 -0.00790219 0.019175 0.0771998 -0.00633125 0.0169397 0.0774547 -0.00613285 0.0169397 0.0787158 -0.00761206 0.019175 0.0790491 -0.00727862 0.019175 0.0776735 -0.0058952 0.0169397 0.0778502 -0.00562478 0.0169397 0.0793394 -0.0069078 0.019175 0.0795826 -0.00650546 0.019175 0.0779799 -0.00532897 0.0169397 0.0799159 -0.00562594 0.019175 0.0797758 -0.00607598 0.019175 0.0780592 -0.00501583 0.0169397 0.0800005 -0.0051646 0.019175 0.0780859 -0.00469392 0.0169397 0.080029 -0.00469392 0.019175 0.076601 -0.0085642 0.019175 0.0762916 -0.00664304 0.0169397 0.0761312 -0.00859275 0.019175 0.0756608 -0.00856445 0.019175 0.0759686 -0.00664304 0.0169397 0.0751972 -0.00847955 0.019175 0.07565 -0.00658987 0.0169397 0.0753445 -0.00648499 0.0169397 0.0747486 -0.00833974 0.019175 0.0750604 -0.00633125 0.0169397 0.0743191 -0.00814665 0.019175 0.0735451 -0.00761261 0.019175 0.0739157 -0.0079029 0.019175 0.0748055 -0.00613285 0.0169397 0.0732125 -0.00728015 0.019175 0.0745867 -0.0058952 0.0169397 0.0729219 -0.00690946 0.019175 0.0726779 -0.00650603 0.019175 0.07441 -0.00562478 0.0169397 0.0724849 -0.00607723 0.019175 0.0742803 -0.00532897 0.0169397 0.074201 -0.00501583 0.0169397 0.0723448 -0.00562806 0.019175 0.0722598 -0.0051646 0.019175 0.0723443 -0.0037619 0.019175 0.074201 -0.00437201 0.0169397 0.0729208 -0.00248004 0.019175 0.0726777 -0.00288238 0.019175 0.07441 -0.00376306 0.0169397 0.0742803 -0.00405887 0.0169397 0.0724844 -0.00331186 0.019175 0.0748055 -0.00325499 0.0169397 0.0739148 -0.00148565 0.019175 0.0735444 -0.00177578 0.019175 0.0745867 -0.00349264 0.0169397 0.0732111 -0.00210922 0.019175 0.0753445 -0.00290285 0.0169397 0.07565 -0.00279797 0.0169397 0.0747468 -0.0010487 0.019175 0.0743172 -0.00124221 0.019175 0.0750604 -0.00305659 0.0169397 0.076129 -0.000795088 0.019175 0.0759686 -0.0027448 0.0169397 0.0762916 -0.0027448 0.0169397 0.0756592 -0.000823645 0.019175 0.0769157 -0.00290285 0.0169397 0.0775117 -0.0010481 0.019175 0.0766102 -0.00279797 0.0169397 0.077063 -0.000908289 0.019175 0.0771998 -0.00305659 0.0169397 0.0774547 -0.00325499 0.0169397 0.0787151 -0.00177523 0.019175 0.0779411 -0.00124119 0.019175 0.0783446 -0.00148495 0.019175 0.0776735 -0.00349264 0.0169397 0.0790477 -0.00210769 0.019175 0.0793383 -0.00247838 0.019175 0.0778502 -0.00376306 0.0169397 0.0795823 -0.00288181 0.019175 0.0797753 -0.00331061 0.019175 0.0779799 -0.00405887 0.0169397 0.0799154 -0.00375978 0.019175 0.0800005 -0.00422324 0.019175 0.0780592 -0.00437201 0.0169397 0.0765994 -0.000823389 0.019175 0.0751969 -0.000908343 0.019175 0.0475843 -0.00663674 0.0169397 0.0475576 -0.00695866 0.0169397 0.0475576 -0.00695866 0.016 0.04797 -0.00575738 0.0169397 0.0477933 -0.0060278 0.0169397 0.047806 -0.00600482 0.016 0.0476636 -0.00632361 0.0169397 0.0475857 -0.00662812 0.016 0.0476693 -0.0063071 0.016 0.048488 -0.00529323 0.016 0.0487278 -0.00516759 0.0169397 0.0484437 -0.00532132 0.0169397 0.0479917 -0.00572998 0.016 0.0482213 -0.00549049 0.016 0.0481888 -0.00551973 0.0169397 0.0493519 -0.00500954 0.0169397 0.0494304 -0.00500462 0.016 0.0496749 -0.00500954 0.0169397 0.0490333 -0.0050627 0.0169397 0.0487842 -0.00514389 0.016 0.0491014 -0.00504675 0.016 0.0505831 -0.00532132 0.0169397 0.050299 -0.00516759 0.0169397 0.0503939 -0.00521227 0.016 0.0500861 -0.00508858 0.016 0.0499935 -0.0050627 0.0169397 0.0497618 -0.0050187 0.016 0.0511338 -0.00586346 0.016 0.0512335 -0.0060278 0.0169397 0.0510568 -0.00575738 0.0169397 0.0506764 -0.0053862 0.016 0.0509254 -0.00560536 0.016 0.050838 -0.00551973 0.0169397 0.0514425 -0.00663674 0.0169397 0.0514622 -0.00679279 0.016 0.0514692 -0.00695866 0.0169397 0.0513632 -0.00632361 0.0169397 0.0512956 -0.00615306 0.016 0.0514061 -0.00646584 0.016 0.0512335 -0.00788951 0.0169397 0.0513632 -0.0075937 0.0169397 0.0512956 -0.00776425 0.016 0.0514061 -0.00745147 0.016 0.0514425 -0.00728057 0.0169397 0.0514622 -0.00712452 0.016 0.0506764 -0.00853111 0.016 0.0505831 -0.00859599 0.0169397 0.050838 -0.00839758 0.0169397 0.0511338 -0.00805385 0.016 0.0509254 -0.00831195 0.016 0.0510568 -0.00815993 0.0169397 0.0499935 -0.00885461 0.0169397 0.0497618 -0.00889861 0.016 0.0496749 -0.00890777 0.0169397 0.050299 -0.00874972 0.0169397 0.0503939 -0.00870504 0.016 0.0500861 -0.00882873 0.016 0.0494304 -0.00891269 0.016 0.0491014 -0.00887056 0.016 0.0493519 -0.00890777 0.0169397 0.0487842 -0.00877342 0.016 0.0490333 -0.00885461 0.0169397 0.0487278 -0.00874972 0.0169397 0.048488 -0.00862408 0.016 0.0482213 -0.00842682 0.016 0.0484437 -0.00859599 0.0169397 0.0479917 -0.00818733 0.016 0.0481888 -0.00839758 0.0169397 0.04797 -0.00815993 0.0169397 0.047806 -0.00791249 0.016 0.0476693 -0.00761021 0.016 0.0477933 -0.00788951 0.0169397 0.0475857 -0.00728919 0.016 0.0476636 -0.0075937 0.0169397 0.0475843 -0.00728057 0.0169397 0.0499935 -0.00885461 0.0169397 0.0504466 -0.0107442 0.019175 0.0508967 -0.0106039 0.019175 0.0475576 -0.00695866 0.0169397 0.045643 -0.00648797 0.019175 0.0456145 -0.00695866 0.019175 0.0513263 -0.0104104 0.019175 0.050299 -0.00874972 0.0169397 0.0517288 -0.0101669 0.019175 0.0505831 -0.00859599 0.0169397 0.050838 -0.00839758 0.0169397 0.0520991 -0.0098768 0.019175 0.0524324 -0.00954335 0.019175 0.0510568 -0.00815993 0.0169397 0.0512335 -0.00788951 0.0169397 0.0527227 -0.00917253 0.019175 0.0529658 -0.00877019 0.019175 0.0513632 -0.0075937 0.0169397 0.0532992 -0.00789068 0.019175 0.0531591 -0.00834071 0.019175 0.0514425 -0.00728057 0.0169397 0.0533838 -0.00742934 0.019175 0.0514692 -0.00695866 0.0169397 0.0534123 -0.00695866 0.019175 0.0499843 -0.0108289 0.019175 0.0496749 -0.00890777 0.0169397 0.0495145 -0.0108575 0.019175 0.0490441 -0.0108292 0.019175 0.0493519 -0.00890777 0.0169397 0.0485805 -0.0107443 0.019175 0.0490333 -0.00885461 0.0169397 0.0487278 -0.00874972 0.0169397 0.0481318 -0.0106045 0.019175 0.0484437 -0.00859599 0.0169397 0.0477024 -0.0104114 0.019175 0.0469284 -0.00987735 0.019175 0.0472989 -0.0101676 0.019175 0.0481888 -0.00839758 0.0169397 0.0465958 -0.00954488 0.019175 0.04797 -0.00815993 0.0169397 0.0463052 -0.0091742 0.019175 0.0460612 -0.00877076 0.019175 0.0477933 -0.00788951 0.0169397 0.0458682 -0.00834196 0.019175 0.0476636 -0.0075937 0.0169397 0.0475843 -0.00728057 0.0169397 0.0457281 -0.00789279 0.019175 0.045643 -0.00742934 0.019175 0.0457276 -0.00602663 0.019175 0.0475843 -0.00663674 0.0169397 0.0463041 -0.00474478 0.019175 0.046061 -0.00514712 0.019175 0.0477933 -0.0060278 0.0169397 0.0476636 -0.00632361 0.0169397 0.0458677 -0.0055766 0.019175 0.0481888 -0.00551973 0.0169397 0.047298 -0.00375038 0.019175 0.0469277 -0.00404051 0.019175 0.04797 -0.00575738 0.0169397 0.0465944 -0.00437396 0.019175 0.0487278 -0.00516759 0.0169397 0.0490333 -0.0050627 0.0169397 0.0481301 -0.00331344 0.019175 0.0477005 -0.00350695 0.019175 0.0484437 -0.00532132 0.0169397 0.0495123 -0.00305982 0.019175 0.0493519 -0.00500954 0.0169397 0.0496749 -0.00500954 0.0169397 0.0490425 -0.00308838 0.019175 0.050299 -0.00516759 0.0169397 0.050895 -0.00331283 0.019175 0.0499935 -0.0050627 0.0169397 0.0504463 -0.00317302 0.019175 0.0505831 -0.00532132 0.0169397 0.050838 -0.00551973 0.0169397 0.0520984 -0.00403996 0.019175 0.0513244 -0.00350592 0.019175 0.0517279 -0.00374968 0.019175 0.0510568 -0.00575738 0.0169397 0.052431 -0.00437243 0.019175 0.0527216 -0.00474311 0.019175 0.0512335 -0.0060278 0.0169397 0.0529656 -0.00514655 0.019175 0.0531586 -0.00557535 0.019175 0.0513632 -0.00632361 0.0169397 0.0532987 -0.00602452 0.019175 0.0533838 -0.00648797 0.019175 0.0514425 -0.00663674 0.0169397 0.0499827 -0.00308812 0.019175 0.0485802 -0.00317308 0.019175 -0.0514425 -0.00663674 0.0169397 -0.0514692 -0.00695866 0.0169397 -0.0514692 -0.00695866 0.016 -0.0510568 -0.00575738 0.0169397 -0.0512335 -0.0060278 0.0169397 -0.0512208 -0.00600482 0.016 -0.0513632 -0.00632361 0.0169397 -0.0514411 -0.00662812 0.016 -0.0513575 -0.0063071 0.016 -0.0505388 -0.00529323 0.016 -0.050299 -0.00516759 0.0169397 -0.0505831 -0.00532132 0.0169397 -0.0510351 -0.00572998 0.016 -0.0508056 -0.00549049 0.016 -0.050838 -0.00551973 0.0169397 -0.0496749 -0.00500954 0.0169397 -0.0495964 -0.00500462 0.016 -0.0493519 -0.00500954 0.0169397 -0.0499935 -0.0050627 0.0169397 -0.0502426 -0.00514389 0.016 -0.0499255 -0.00504675 0.016 -0.0484437 -0.00532132 0.0169397 -0.0487278 -0.00516759 0.0169397 -0.0486329 -0.00521227 0.016 -0.0489407 -0.00508858 0.016 -0.0490333 -0.0050627 0.0169397 -0.049265 -0.0050187 0.016 -0.047893 -0.00586346 0.016 -0.0477933 -0.0060278 0.0169397 -0.04797 -0.00575738 0.0169397 -0.0483504 -0.0053862 0.016 -0.0481014 -0.00560536 0.016 -0.0481888 -0.00551973 0.0169397 -0.0475843 -0.00663674 0.0169397 -0.0475646 -0.00679279 0.016 -0.0475576 -0.00695866 0.0169397 -0.0476636 -0.00632361 0.0169397 -0.0477312 -0.00615306 0.016 -0.0476207 -0.00646584 0.016 -0.0477933 -0.00788951 0.0169397 -0.0476636 -0.0075937 0.0169397 -0.0477312 -0.00776425 0.016 -0.0476207 -0.00745147 0.016 -0.0475843 -0.00728057 0.0169397 -0.0475646 -0.00712452 0.016 -0.0483504 -0.00853111 0.016 -0.0484437 -0.00859599 0.0169397 -0.0481888 -0.00839758 0.0169397 -0.047893 -0.00805385 0.016 -0.0481014 -0.00831195 0.016 -0.04797 -0.00815993 0.0169397 -0.0490333 -0.00885461 0.0169397 -0.049265 -0.00889861 0.016 -0.0493519 -0.00890777 0.0169397 -0.0487278 -0.00874972 0.0169397 -0.0486329 -0.00870504 0.016 -0.0489407 -0.00882873 0.016 -0.0495964 -0.00891269 0.016 -0.0499255 -0.00887056 0.016 -0.0496749 -0.00890777 0.0169397 -0.0502426 -0.00877342 0.016 -0.0499935 -0.00885461 0.0169397 -0.050299 -0.00874972 0.0169397 -0.0505388 -0.00862408 0.016 -0.0508056 -0.00842682 0.016 -0.0505831 -0.00859599 0.0169397 -0.0510351 -0.00818733 0.016 -0.050838 -0.00839758 0.0169397 -0.0510568 -0.00815993 0.0169397 -0.0512208 -0.00791249 0.016 -0.0513575 -0.00761021 0.016 -0.0512335 -0.00788951 0.0169397 -0.0514411 -0.00728919 0.016 -0.0513632 -0.0075937 0.0169397 -0.0514425 -0.00728057 0.0169397 -0.0490333 -0.00885461 0.0169397 -0.0485802 -0.0107442 0.019175 -0.0481301 -0.0106039 0.019175 -0.0514692 -0.00695866 0.0169397 -0.0533838 -0.00648797 0.019175 -0.0534123 -0.00695866 0.019175 -0.0477005 -0.0104104 0.019175 -0.0487278 -0.00874972 0.0169397 -0.047298 -0.0101669 0.019175 -0.0484437 -0.00859599 0.0169397 -0.0481888 -0.00839758 0.0169397 -0.0469277 -0.0098768 0.019175 -0.0465944 -0.00954335 0.019175 -0.04797 -0.00815993 0.0169397 -0.0477933 -0.00788951 0.0169397 -0.0463041 -0.00917253 0.019175 -0.046061 -0.00877019 0.019175 -0.0476636 -0.0075937 0.0169397 -0.0457276 -0.00789068 0.019175 -0.0458677 -0.00834071 0.019175 -0.0475843 -0.00728057 0.0169397 -0.045643 -0.00742934 0.019175 -0.0475576 -0.00695866 0.0169397 -0.0456145 -0.00695866 0.019175 -0.0490425 -0.0108289 0.019175 -0.0493519 -0.00890777 0.0169397 -0.0495123 -0.0108575 0.019175 -0.0499827 -0.0108292 0.019175 -0.0496749 -0.00890777 0.0169397 -0.0504463 -0.0107443 0.019175 -0.0499935 -0.00885461 0.0169397 -0.050299 -0.00874972 0.0169397 -0.050895 -0.0106045 0.019175 -0.0505831 -0.00859599 0.0169397 -0.0513244 -0.0104114 0.019175 -0.0520984 -0.00987735 0.019175 -0.0517279 -0.0101676 0.019175 -0.050838 -0.00839758 0.0169397 -0.052431 -0.00954488 0.019175 -0.0510568 -0.00815993 0.0169397 -0.0527216 -0.0091742 0.019175 -0.0529656 -0.00877076 0.019175 -0.0512335 -0.00788951 0.0169397 -0.0531586 -0.00834196 0.019175 -0.0513632 -0.0075937 0.0169397 -0.0514425 -0.00728057 0.0169397 -0.0532987 -0.00789279 0.019175 -0.0533838 -0.00742934 0.019175 -0.0532992 -0.00602663 0.019175 -0.0514425 -0.00663674 0.0169397 -0.0527227 -0.00474478 0.019175 -0.0529658 -0.00514712 0.019175 -0.0512335 -0.0060278 0.0169397 -0.0513632 -0.00632361 0.0169397 -0.0531591 -0.0055766 0.019175 -0.050838 -0.00551973 0.0169397 -0.0517288 -0.00375038 0.019175 -0.0520991 -0.00404051 0.019175 -0.0510568 -0.00575738 0.0169397 -0.0524324 -0.00437396 0.019175 -0.050299 -0.00516759 0.0169397 -0.0499935 -0.0050627 0.0169397 -0.0508967 -0.00331344 0.019175 -0.0513263 -0.00350695 0.019175 -0.0505831 -0.00532132 0.0169397 -0.0495145 -0.00305982 0.019175 -0.0496749 -0.00500954 0.0169397 -0.0493519 -0.00500954 0.0169397 -0.0499843 -0.00308838 0.019175 -0.0487278 -0.00516759 0.0169397 -0.0481318 -0.00331283 0.019175 -0.0490333 -0.0050627 0.0169397 -0.0485805 -0.00317302 0.019175 -0.0484437 -0.00532132 0.0169397 -0.0481888 -0.00551973 0.0169397 -0.0469284 -0.00403996 0.019175 -0.0477024 -0.00350592 0.019175 -0.0472989 -0.00374968 0.019175 -0.04797 -0.00575738 0.0169397 -0.0465958 -0.00437243 0.019175 -0.0463052 -0.00474311 0.019175 -0.0477933 -0.0060278 0.0169397 -0.0460612 -0.00514655 0.019175 -0.0458682 -0.00557535 0.019175 -0.0476636 -0.00632361 0.0169397 -0.0457281 -0.00602452 0.019175 -0.045643 -0.00648797 0.019175 -0.0475843 -0.00663674 0.0169397 -0.0490441 -0.00308812 0.019175 -0.0504466 -0.00317308 0.019175 0.0335709 0.0660014 0.0169397 0.0335442 0.0656795 0.0169397 0.0335442 0.0656795 0.016 0.0339566 0.0668808 0.0169397 0.0337799 0.0666104 0.0169397 0.0337926 0.0666333 0.016 0.0336502 0.0663145 0.0169397 0.0335723 0.06601 0.016 0.0336559 0.066331 0.016 0.0344746 0.0673449 0.016 0.0347144 0.0674706 0.0169397 0.0344303 0.0673168 0.0169397 0.0339783 0.0669082 0.016 0.0342079 0.0671477 0.016 0.0341754 0.0671184 0.0169397 0.0353385 0.0676286 0.0169397 0.035417 0.0676335 0.016 0.0356615 0.0676286 0.0169397 0.0350199 0.0675754 0.0169397 0.0347708 0.0674943 0.016 0.035088 0.0675914 0.016 0.0365697 0.0673168 0.0169397 0.0362856 0.0674706 0.0169397 0.0363805 0.0674259 0.016 0.0360727 0.0675496 0.016 0.0359801 0.0675754 0.0169397 0.0357484 0.0676195 0.016 0.0371204 0.0667747 0.016 0.0372201 0.0666104 0.0169397 0.0370434 0.0668808 0.0169397 0.036663 0.067252 0.016 0.036912 0.0670328 0.016 0.0368246 0.0671184 0.0169397 0.0374291 0.0660014 0.0169397 0.0374488 0.0658454 0.016 0.0374558 0.0656795 0.0169397 0.0373498 0.0663145 0.0169397 0.0372822 0.0664851 0.016 0.0373927 0.0661723 0.016 0.0372201 0.0647486 0.0169397 0.0373498 0.0650444 0.0169397 0.0372822 0.0648739 0.016 0.0373927 0.0651867 0.016 0.0374291 0.0653576 0.0169397 0.0374488 0.0655136 0.016 0.036663 0.064107 0.016 0.0365697 0.0640422 0.0169397 0.0368246 0.0642406 0.0169397 0.0371204 0.0645843 0.016 0.036912 0.0643262 0.016 0.0370434 0.0644782 0.0169397 0.0359801 0.0637835 0.0169397 0.0357484 0.0637395 0.016 0.0356615 0.0637304 0.0169397 0.0362856 0.0638884 0.0169397 0.0363805 0.0639331 0.016 0.0360727 0.0638094 0.016 0.035417 0.0637254 0.016 0.035088 0.0637676 0.016 0.0353385 0.0637304 0.0169397 0.0347708 0.0638647 0.016 0.0350199 0.0637835 0.0169397 0.0347144 0.0638884 0.0169397 0.0344746 0.0640141 0.016 0.0342079 0.0642113 0.016 0.0344303 0.0640422 0.0169397 0.0339783 0.0644508 0.016 0.0341754 0.0642406 0.0169397 0.0339566 0.0644782 0.0169397 0.0337926 0.0647257 0.016 0.0336559 0.0650279 0.016 0.0337799 0.0647486 0.0169397 0.0335723 0.065349 0.016 0.0336502 0.0650444 0.0169397 0.0335709 0.0653576 0.0169397 0.0362856 0.0638884 0.0169397 0.0359801 0.0637835 0.0169397 0.0368833 0.0620343 0.019175 0.0335442 0.0656795 0.0169397 0.0316296 0.0661502 0.019175 0.0316011 0.0656795 0.019175 0.0373129 0.0622278 0.019175 0.0365697 0.0640422 0.0169397 0.0377154 0.0624712 0.019175 0.0368246 0.0642406 0.0169397 0.0380857 0.0627614 0.019175 0.038419 0.0630948 0.019175 0.0387093 0.0634656 0.019175 0.0370434 0.0644782 0.0169397 0.0389525 0.063868 0.019175 0.0372201 0.0647486 0.0169397 0.0373498 0.0650444 0.0169397 0.0391457 0.0642974 0.019175 0.0392858 0.0647475 0.019175 0.0374291 0.0653576 0.0169397 0.0374558 0.0656795 0.0169397 0.0393704 0.0652088 0.019175 0.0393989 0.0656795 0.019175 0.0364332 0.0618939 0.019175 0.0359709 0.0618092 0.019175 0.0356615 0.0637304 0.0169397 0.0355011 0.0617807 0.019175 0.0350307 0.061809 0.019175 0.0353385 0.0637304 0.0169397 0.0345671 0.0618939 0.019175 0.0350199 0.0637835 0.0169397 0.0347144 0.0638884 0.0169397 0.0341184 0.0620337 0.019175 0.0344303 0.0640422 0.0169397 0.033689 0.0622268 0.019175 0.032915 0.0627608 0.019175 0.0332855 0.0624705 0.019175 0.0341754 0.0642406 0.0169397 0.0325824 0.0630933 0.019175 0.0339566 0.0644782 0.0169397 0.0322918 0.0634639 0.019175 0.0320478 0.0638674 0.019175 0.0337799 0.0647486 0.0169397 0.0318548 0.0642962 0.019175 0.0336502 0.0650444 0.0169397 0.0335709 0.0653576 0.0169397 0.0317147 0.0647454 0.019175 0.0316296 0.0652088 0.019175 0.0317142 0.0666115 0.019175 0.0335709 0.0660014 0.0169397 0.0322907 0.0678934 0.019175 0.0320476 0.067491 0.019175 0.0337799 0.0666104 0.0169397 0.0336502 0.0663145 0.0169397 0.0318543 0.0670615 0.019175 0.0341754 0.0671184 0.0169397 0.0332846 0.0688878 0.019175 0.0329143 0.0685976 0.019175 0.0339566 0.0668808 0.0169397 0.032581 0.0682642 0.019175 0.0347144 0.0674706 0.0169397 0.0350199 0.0675754 0.0169397 0.0341167 0.0693247 0.019175 0.0336871 0.0691312 0.019175 0.0344303 0.0673168 0.0169397 0.0354989 0.0695783 0.019175 0.0353385 0.0676286 0.0169397 0.0356615 0.0676286 0.0169397 0.0350291 0.0695498 0.019175 0.0362856 0.0674706 0.0169397 0.0368816 0.0693253 0.019175 0.0359801 0.0675754 0.0169397 0.0364329 0.0694651 0.019175 0.0365697 0.0673168 0.0169397 0.0368246 0.0671184 0.0169397 0.038085 0.0685982 0.019175 0.037311 0.0691322 0.019175 0.0377145 0.0688885 0.019175 0.0370434 0.0668808 0.0169397 0.0384176 0.0682657 0.019175 0.0387082 0.067895 0.019175 0.0372201 0.0666104 0.0169397 0.0389522 0.0674916 0.019175 0.0391452 0.0670628 0.019175 0.0373498 0.0663145 0.0169397 0.0392853 0.0666136 0.019175 0.0393704 0.0661502 0.019175 0.0374291 0.0660014 0.0169397 0.0359693 0.06955 0.019175 0.0345668 0.0694651 0.019175 -0.0206595 0.0466811 0.0169397 -0.0206861 0.0463592 0.0169397 -0.0206861 0.0463592 0.016 -0.0202737 0.0475605 0.0169397 -0.0204504 0.04729 0.0169397 -0.0204378 0.047313 0.016 -0.0205802 0.0469942 0.0169397 -0.020658 0.0466897 0.016 -0.0205744 0.0470107 0.016 -0.0197558 0.0480246 0.016 -0.019516 0.0481503 0.0169397 -0.0198001 0.0479965 0.0169397 -0.020252 0.0475879 0.016 -0.0200225 0.0478274 0.016 -0.020055 0.0477981 0.0169397 -0.0188918 0.0483083 0.0169397 -0.0188133 0.0483132 0.016 -0.0185688 0.0483083 0.0169397 -0.0192105 0.0482551 0.0169397 -0.0194596 0.048174 0.016 -0.0191424 0.0482711 0.016 -0.0176606 0.0479965 0.0169397 -0.0179447 0.0481503 0.0169397 -0.0178498 0.0481056 0.016 -0.0181576 0.0482293 0.016 -0.0182502 0.0482551 0.0169397 -0.0184819 0.0482992 0.016 -0.0171099 0.0474544 0.016 -0.0170103 0.04729 0.0169397 -0.0171869 0.0475605 0.0169397 -0.0175673 0.0479317 0.016 -0.0173183 0.0477125 0.016 -0.0174057 0.0477981 0.0169397 -0.0168012 0.0466811 0.0169397 -0.0167816 0.0465251 0.016 -0.0167745 0.0463592 0.0169397 -0.0168805 0.0469942 0.0169397 -0.0169481 0.0471648 0.016 -0.0168376 0.046852 0.016 -0.0170103 0.0454283 0.0169397 -0.0168805 0.0457241 0.0169397 -0.0169481 0.0455536 0.016 -0.0168376 0.0458664 0.016 -0.0168012 0.0460373 0.0169397 -0.0167816 0.0461933 0.016 -0.0175673 0.0447867 0.016 -0.0176606 0.0447219 0.0169397 -0.0174057 0.0449203 0.0169397 -0.0171099 0.045264 0.016 -0.0173183 0.0450059 0.016 -0.0171869 0.0451579 0.0169397 -0.0182502 0.0444632 0.0169397 -0.0184819 0.0444192 0.016 -0.0185688 0.0444101 0.0169397 -0.0179447 0.0445681 0.0169397 -0.0178498 0.0446128 0.016 -0.0181576 0.0444891 0.016 -0.0188133 0.0444052 0.016 -0.0191424 0.0444473 0.016 -0.0188918 0.0444101 0.0169397 -0.0194596 0.0445444 0.016 -0.0192105 0.0444632 0.0169397 -0.019516 0.0445681 0.0169397 -0.0197558 0.0446938 0.016 -0.0200225 0.044891 0.016 -0.0198001 0.0447219 0.0169397 -0.020252 0.0451305 0.016 -0.020055 0.0449203 0.0169397 -0.0202737 0.0451579 0.0169397 -0.0204378 0.0454054 0.016 -0.0205744 0.0457076 0.016 -0.0204504 0.0454283 0.0169397 -0.020658 0.0460287 0.016 -0.0205802 0.0457241 0.0169397 -0.0206595 0.0460373 0.0169397 -0.0182502 0.0444632 0.0169397 -0.0177972 0.0425736 0.019175 -0.017347 0.042714 0.019175 -0.0206861 0.0463592 0.0169397 -0.0226007 0.0468299 0.019175 -0.0226292 0.0463592 0.019175 -0.0169175 0.0429075 0.019175 -0.0179447 0.0445681 0.0169397 -0.016515 0.0431509 0.019175 -0.0176606 0.0447219 0.0169397 -0.0174057 0.0449203 0.0169397 -0.0161446 0.043441 0.019175 -0.0158114 0.0437745 0.019175 -0.0171869 0.0451579 0.0169397 -0.0170103 0.0454283 0.0169397 -0.015521 0.0441453 0.019175 -0.0152779 0.0445477 0.019175 -0.0168805 0.0457241 0.0169397 -0.0149445 0.0454272 0.019175 -0.0150846 0.0449771 0.019175 -0.0168012 0.0460373 0.0169397 -0.01486 0.0458885 0.019175 -0.0167745 0.0463592 0.0169397 -0.0148314 0.0463592 0.019175 -0.0182595 0.0424889 0.019175 -0.0185688 0.0444101 0.0169397 -0.0187292 0.0424604 0.019175 -0.0191997 0.0424887 0.019175 -0.0188918 0.0444101 0.0169397 -0.0196632 0.0425736 0.019175 -0.0192105 0.0444632 0.0169397 -0.019516 0.0445681 0.0169397 -0.0201119 0.0427134 0.019175 -0.0198001 0.0447219 0.0169397 -0.0205413 0.0429065 0.019175 -0.0213153 0.0434405 0.019175 -0.0209448 0.0431502 0.019175 -0.020055 0.0449203 0.0169397 -0.0216479 0.043773 0.019175 -0.0202737 0.0451579 0.0169397 -0.0219385 0.0441437 0.019175 -0.0221825 0.0445471 0.019175 -0.0204504 0.0454283 0.0169397 -0.0223755 0.0449759 0.019175 -0.0205802 0.0457241 0.0169397 -0.0206595 0.0460373 0.0169397 -0.0225156 0.0454251 0.019175 -0.0226007 0.0458885 0.019175 -0.0225161 0.0472912 0.019175 -0.0206595 0.0466811 0.0169397 -0.0219396 0.0485731 0.019175 -0.0221828 0.0481707 0.019175 -0.0204504 0.04729 0.0169397 -0.0205802 0.0469942 0.0169397 -0.022376 0.0477412 0.019175 -0.020055 0.0477981 0.0169397 -0.0209457 0.0495675 0.019175 -0.021316 0.0492773 0.019175 -0.0202737 0.0475605 0.0169397 -0.0216493 0.0489439 0.019175 -0.019516 0.0481503 0.0169397 -0.0192105 0.0482551 0.0169397 -0.0201137 0.0500044 0.019175 -0.0205432 0.0498109 0.019175 -0.0198001 0.0479965 0.0169397 -0.0187314 0.050258 0.019175 -0.0188918 0.0483083 0.0169397 -0.0185688 0.0483083 0.0169397 -0.0192012 0.0502295 0.019175 -0.0179447 0.0481503 0.0169397 -0.0173488 0.050005 0.019175 -0.0182502 0.0482551 0.0169397 -0.0177975 0.0501448 0.019175 -0.0176606 0.0479965 0.0169397 -0.0174057 0.0477981 0.0169397 -0.0161453 0.0492779 0.019175 -0.0169193 0.0498119 0.019175 -0.0165159 0.0495682 0.019175 -0.0171869 0.0475605 0.0169397 -0.0158128 0.0489454 0.019175 -0.0155221 0.0485747 0.019175 -0.0170103 0.04729 0.0169397 -0.0152781 0.0481713 0.019175 -0.0150852 0.0477425 0.019175 -0.0168805 0.0469942 0.0169397 -0.0149451 0.0472933 0.019175 -0.01486 0.0468299 0.019175 -0.0168012 0.0466811 0.0169397 -0.018261 0.0502297 0.019175 -0.0196635 0.0501448 0.019175 -0.0646771 0.00790337 0.019175 -0.0645089 0.00792492 0.019175 -0.064637 0.00790589 0.016 -0.0657159 0.00898728 0.019175 -0.0657159 0.00881767 0.019175 -0.0657195 0.00890247 0.016 -0.0643467 0.00797458 0.019175 -0.0644741 0.00793307 0.016 -0.0643178 0.0079867 0.016 -0.0641952 0.00805094 0.019175 -0.0640589 0.0081518 0.019175 -0.0641726 0.00806531 0.016 -0.0639415 0.00827425 0.019175 -0.0640423 0.00816675 0.016 -0.0639304 0.00828826 0.016 -0.0638465 0.00841478 0.019175 -0.0637767 0.00856933 0.019175 -0.0638401 0.00842653 0.016 -0.0637339 0.00873347 0.019175 -0.0637737 0.00857777 0.016 -0.0637332 0.00873788 0.016 -0.0637195 0.00890247 0.019175 -0.0637195 0.00890247 0.016 -0.0648021 0.00790589 0.016 -0.0648466 0.00791057 0.019175 -0.064965 0.00793307 0.016 -0.0650124 0.00794631 0.019175 -0.0651212 0.0079867 0.016 -0.0651697 0.00800955 0.019175 -0.0653142 0.00809848 0.019175 -0.0652665 0.00806531 0.016 -0.0653968 0.00816675 0.016 -0.0654415 0.00821054 0.019175 -0.0655087 0.00828826 0.016 -0.065548 0.0083425 0.019175 -0.0656308 0.00849057 0.019175 -0.065599 0.00842653 0.016 -0.0656653 0.00857777 0.016 -0.0656873 0.0086505 0.019175 -0.0657059 0.00873788 0.016 -0.065548 0.00946245 0.019175 -0.0656308 0.00931437 0.019175 -0.065599 0.00937842 0.016 -0.0656873 0.00915445 0.019175 -0.0657059 0.00906707 0.016 -0.0656653 0.00922717 0.016 -0.0652665 0.00973964 0.016 -0.0651697 0.0097954 0.019175 -0.0653142 0.00970647 0.019175 -0.0655087 0.00951669 0.016 -0.0653968 0.0096382 0.016 -0.0654415 0.00959441 0.019175 -0.0648466 0.00989437 0.019175 -0.0648021 0.00989906 0.016 -0.0646771 0.00990157 0.019175 -0.0650124 0.00985864 0.019175 -0.0651212 0.00981825 0.016 -0.064965 0.00987187 0.016 -0.0641952 0.009754 0.019175 -0.0643467 0.00983036 0.019175 -0.0643178 0.00981825 0.016 -0.0644741 0.00987187 0.016 -0.0645089 0.00988003 0.019175 -0.064637 0.00989906 0.016 -0.0639304 0.00951669 0.016 -0.0639415 0.00953069 0.019175 -0.0640423 0.0096382 0.016 -0.0641726 0.00973964 0.016 -0.0640589 0.00965315 0.019175 -0.0638465 0.00939017 0.019175 -0.0638401 0.00937842 0.016 -0.0637737 0.00922717 0.016 -0.0637767 0.00923561 0.019175 -0.0637332 0.00906707 0.016 -0.0637339 0.00907147 0.019175</float_array>
          <technique_common>
            <accessor count="3814" source="#ID6" stride="3">
              <param name="X" type="float"/>
              <param name="Y" type="float"/>
              <param name="Z" type="float"/>
            </accessor>
          </technique_common>
        </source>
        <source id="ID7">
          <float_array count="11442" id="ID8">-0.866025 0.5 -2.12115e-16 -0.866025 0.5 -2.12115e-16 -0.866025 0.5 -2.12115e-16 -0.866025 0.5 -2.12115e-16 1 3.35753e-16 2.44929e-16 1 3.35753e-16 2.44929e-16 1 3.35753e-16 2.44929e-16 1 3.35753e-16 2.44929e-16 2.44929e-16 0 -1 2.44929e-16 0 -1 2.44929e-16 0 -1 2.44929e-16 0 -1 2.44929e-16 0 -1 2.44929e-16 0 -1 2.44929e-16 0 -1 2.44929e-16 0 -1 2.44929e-16 0 -1 2.44929e-16 0 -1 2.44929e-16 0 -1 2.44929e-16 0 -1 2.44929e-16 0 -1 2.44929e-16 0 -1 2.44929e-16 0 -1 2.44929e-16 0 -1 2.44929e-16 0 -1 2.44929e-16 0 -1 2.44929e-16 0 -1 2.44929e-16 0 -1 2.44929e-16 0 -1 2.44929e-16 0 -1 2.44929e-16 0 -1 2.44929e-16 0 -1 2.44929e-16 0 -1 2.44929e-16 0 -1 2.44929e-16 0 -1 2.44929e-16 0 -1 2.44929e-16 0 -1 2.44929e-16 0 -1 2.44929e-16 0 -1 2.44929e-16 0 -1 2.44929e-16 0 -1 2.44929e-16 0 -1 2.44929e-16 0 -1 2.44929e-16 0 -1 2.44929e-16 0 -1 2.44929e-16 0 -1 2.44929e-16 0 -1 2.44929e-16 0 -1 2.44929e-16 0 -1 2.44929e-16 0 -1 2.44929e-16 0 -1 2.44929e-16 0 -1 2.44929e-16 0 -1 2.44929e-16 0 -1 2.44929e-16 0 -1 2.44929e-16 0 -1 2.44929e-16 0 -1 2.44929e-16 0 -1 2.44929e-16 0 -1 2.44929e-16 0 -1 2.44929e-16 0 -1 2.44929e-16 0 -1 2.44929e-16 0 -1 2.44929e-16 0 -1 2.44929e-16 0 -1 2.44929e-16 0 -1 2.44929e-16 0 -1 2.44929e-16 0 -1 2.44929e-16 0 -1 2.44929e-16 0 -1 2.44929e-16 0 -1 2.44929e-16 0 -1 2.44929e-16 0 -1 2.44929e-16 0 -1 2.44929e-16 0 -1 2.44929e-16 0 -1 2.44929e-16 0 -1 2.44929e-16 0 -1 2.44929e-16 0 -1 2.44929e-16 0 -1 2.44929e-16 0 -1 2.44929e-16 0 -1 2.44929e-16 0 -1 2.44929e-16 0 -1 2.44929e-16 0 -1 2.44929e-16 0 -1 2.44929e-16 0 -1 2.44929e-16 0 -1 2.44929e-16 0 -1 2.44929e-16 0 -1 2.44929e-16 0 -1 2.44929e-16 0 -1 2.44929e-16 0 -1 2.44929e-16 0 -1 2.44929e-16 0 -1 2.44929e-16 0 -1 2.44929e-16 0 -1 2.44929e-16 0 -1 2.44929e-16 0 -1 2.44929e-16 0 -1 2.44929e-16 0 -1 2.44929e-16 0 -1 2.44929e-16 0 -1 2.44929e-16 0 -1 2.44929e-16 0 -1 2.44929e-16 0 -1 2.44929e-16 0 -1 2.44929e-16 0 -1 2.44929e-16 0 -1 2.44929e-16 0 -1 2.44929e-16 0 -1 2.44929e-16 0 -1 2.44929e-16 0 -1 2.44929e-16 0 -1 2.44929e-16 0 -1 2.44929e-16 0 -1 2.44929e-16 0 -1 2.44929e-16 0 -1 2.44929e-16 0 -1 2.44929e-16 0 -1 2.44929e-16 0 -1 2.44929e-16 0 -1 2.44929e-16 0 -1 2.44929e-16 0 -1 2.44929e-16 0 -1 2.44929e-16 0 -1 2.44929e-16 0 -1 2.44929e-16 0 -1 2.44929e-16 0 -1 2.44929e-16 0 -1 2.44929e-16 0 -1 2.44929e-16 0 -1 2.44929e-16 0 -1 2.44929e-16 0 -1 2.44929e-16 0 -1 2.44929e-16 0 -1 2.44929e-16 0 -1 2.44929e-16 0 -1 2.44929e-16 0 -1 2.44929e-16 0 -1 2.44929e-16 0 -1 2.44929e-16 0 -1 2.44929e-16 0 -1 2.44929e-16 0 -1 2.44929e-16 0 -1 2.44929e-16 0 -1 2.44929e-16 0 -1 2.44929e-16 0 -1 2.44929e-16 0 -1 2.44929e-16 0 -1 2.44929e-16 0 -1 2.44929e-16 0 -1 2.44929e-16 0 -1 2.44929e-16 0 -1 2.44929e-16 0 -1 2.44929e-16 0 -1 2.44929e-16 0 -1 2.44929e-16 0 -1 2.44929e-16 0 -1 2.44929e-16 0 -1 2.44929e-16 0 -1 2.44929e-16 0 -1 2.44929e-16 0 -1 2.44929e-16 0 -1 2.44929e-16 0 -1 2.44929e-16 0 -1 2.44929e-16 0 -1 2.44929e-16 0 -1 2.44929e-16 0 -1 2.44929e-16 0 -1 2.44929e-16 0 -1 2.44929e-16 0 -1 2.44929e-16 0 -1 2.44929e-16 0 -1 2.44929e-16 0 -1 2.44929e-16 0 -1 2.44929e-16 0 -1 2.44929e-16 0 -1 2.44929e-16 0 -1 2.44929e-16 0 -1 2.44929e-16 0 -1 2.44929e-16 0 -1 2.44929e-16 0 -1 2.44929e-16 0 -1 2.44929e-16 0 -1 2.44929e-16 0 -1 2.44929e-16 0 -1 2.44929e-16 0 -1 2.44929e-16 0 -1 2.44929e-16 0 -1 2.44929e-16 0 -1 2.44929e-16 0 -1 2.44929e-16 0 -1 2.44929e-16 0 -1 2.44929e-16 0 -1 2.44929e-16 0 -1 2.44929e-16 0 -1 2.44929e-16 0 -1 2.44929e-16 0 -1 2.44929e-16 0 -1 2.44929e-16 0 -1 2.44929e-16 0 -1 2.44929e-16 0 -1 2.44929e-16 0 -1 2.44929e-16 0 -1 2.44929e-16 0 -1 2.44929e-16 0 -1 2.44929e-16 0 -1 2.44929e-16 0 -1 2.44929e-16 0 -1 2.44929e-16 0 -1 2.44929e-16 0 -1 2.44929e-16 0 -1 2.44929e-16 0 -1 2.44929e-16 0 -1 2.44929e-16 0 -1 2.44929e-16 0 -1 2.44929e-16 0 -1 2.44929e-16 0 -1 2.44929e-16 0 -1 2.44929e-16 0 -1 2.44929e-16 0 -1 2.44929e-16 0 -1 2.44929e-16 0 -1 2.44929e-16 0 -1 2.44929e-16 0 -1 2.44929e-16 0 -1 2.44929e-16 0 -1 2.44929e-16 0 -1 2.44929e-16 0 -1 2.44929e-16 0 -1 2.44929e-16 0 -1 2.44929e-16 0 -1 2.44929e-16 0 -1 2.44929e-16 0 -1 2.44929e-16 0 -1 2.44929e-16 0 -1 2.44929e-16 0 -1 2.44929e-16 0 -1 2.44929e-16 0 -1 2.44929e-16 0 -1 2.44929e-16 0 -1 2.44929e-16 0 -1 2.44929e-16 0 -1 2.44929e-16 0 -1 2.44929e-16 0 -1 2.44929e-16 0 -1 2.44929e-16 0 -1 2.44929e-16 0 -1 2.44929e-16 0 -1 2.44929e-16 0 -1 2.44929e-16 0 -1 2.44929e-16 0 -1 2.44929e-16 0 -1 2.44929e-16 0 -1 2.44929e-16 0 -1 2.44929e-16 0 -1 2.44929e-16 0 -1 2.44929e-16 0 -1 2.44929e-16 0 -1 2.44929e-16 0 -1 2.44929e-16 0 -1 2.44929e-16 0 -1 2.44929e-16 0 -1 2.44929e-16 0 -1 2.44929e-16 0 -1 2.44929e-16 0 -1 2.44929e-16 0 -1 2.44929e-16 0 -1 2.44929e-16 0 -1 2.44929e-16 0 -1 2.44929e-16 0 -1 2.44929e-16 0 -1 2.44929e-16 0 -1 2.44929e-16 0 -1 2.44929e-16 0 -1 2.44929e-16 0 -1 2.44929e-16 0 -1 2.44929e-16 0 -1 2.44929e-16 0 -1 2.44929e-16 0 -1 2.44929e-16 0 -1 2.44929e-16 0 -1 2.44929e-16 0 -1 2.44929e-16 0 -1 2.44929e-16 0 -1 2.44929e-16 0 -1 2.44929e-16 0 -1 2.44929e-16 0 -1 2.44929e-16 0 -1 2.44929e-16 0 -1 2.44929e-16 0 -1 2.44929e-16 0 -1 2.44929e-16 0 -1 2.44929e-16 0 -1 2.44929e-16 0 -1 2.44929e-16 0 -1 2.44929e-16 0 -1 2.44929e-16 0 -1 2.44929e-16 0 -1 2.44929e-16 0 -1 2.44929e-16 0 -1 2.44929e-16 0 -1 2.44929e-16 0 -1 2.44929e-16 0 -1 2.44929e-16 0 -1 2.44929e-16 0 -1 2.44929e-16 0 -1 2.44929e-16 0 -1 2.44929e-16 0 -1 2.44929e-16 0 -1 2.44929e-16 0 -1 2.44929e-16 0 -1 2.44929e-16 0 -1 2.44929e-16 0 -1 2.44929e-16 0 -1 2.44929e-16 0 -1 2.44929e-16 0 -1 2.44929e-16 0 -1 2.44929e-16 0 -1 2.44929e-16 0 -1 2.44929e-16 0 -1 2.44929e-16 0 -1 2.44929e-16 0 -1 2.44929e-16 0 -1 2.44929e-16 0 -1 2.44929e-16 0 -1 2.44929e-16 0 -1 2.44929e-16 0 -1 2.44929e-16 0 -1 2.44929e-16 0 -1 2.44929e-16 0 -1 2.44929e-16 0 -1 2.44929e-16 0 -1 2.44929e-16 0 -1 2.44929e-16 0 -1 2.44929e-16 0 -1 2.44929e-16 0 -1 2.44929e-16 0 -1 2.44929e-16 0 -1 2.44929e-16 0 -1 2.44929e-16 0 -1 2.44929e-16 0 -1 2.44929e-16 0 -1 2.44929e-16 0 -1 2.44929e-16 0 -1 2.44929e-16 0 -1 2.44929e-16 0 -1 2.44929e-16 0 -1 2.44929e-16 0 -1 2.44929e-16 0 -1 2.44929e-16 0 -1 2.44929e-16 0 -1 2.44929e-16 0 -1 2.44929e-16 0 -1 2.44929e-16 0 -1 2.44929e-16 0 -1 2.44929e-16 0 -1 2.44929e-16 0 -1 2.44929e-16 0 -1 2.44929e-16 0 -1 2.44929e-16 0 -1 2.44929e-16 0 -1 2.44929e-16 0 -1 2.44929e-16 0 -1 2.44929e-16 0 -1 2.44929e-16 0 -1 2.44929e-16 0 -1 2.44929e-16 0 -1 2.44929e-16 0 -1 2.44929e-16 0 -1 2.44929e-16 0 -1 2.44929e-16 0 -1 2.44929e-16 0 -1 2.44929e-16 0 -1 2.44929e-16 0 -1 2.44929e-16 0 -1 2.44929e-16 0 -1 2.44929e-16 0 -1 2.44929e-16 0 -1 2.44929e-16 0 -1 2.44929e-16 0 -1 2.44929e-16 0 -1 2.44929e-16 0 -1 2.44929e-16 0 -1 2.44929e-16 0 -1 2.44929e-16 0 -1 2.44929e-16 0 -1 2.44929e-16 0 -1 2.44929e-16 0 -1 2.44929e-16 0 -1 2.44929e-16 0 -1 2.44929e-16 0 -1 2.44929e-16 0 -1 2.44929e-16 0 -1 2.44929e-16 0 -1 2.44929e-16 0 -1 2.44929e-16 0 -1 2.44929e-16 0 -1 2.44929e-16 0 -1 2.44929e-16 0 -1 2.44929e-16 0 -1 2.44929e-16 0 -1 2.44929e-16 0 -1 2.44929e-16 0 -1 2.44929e-16 0 -1 2.44929e-16 0 -1 2.44929e-16 0 -1 2.44929e-16 0 -1 2.44929e-16 0 -1 2.44929e-16 0 -1 2.44929e-16 0 -1 2.44929e-16 0 -1 2.44929e-16 0 -1 2.44929e-16 0 -1 2.44929e-16 0 -1 2.44929e-16 0 -1 2.44929e-16 0 -1 2.44929e-16 0 -1 2.44929e-16 0 -1 2.44929e-16 0 -1 2.44929e-16 0 -1 2.44929e-16 0 -1 2.44929e-16 0 -1 2.44929e-16 0 -1 2.44929e-16 0 -1 2.44929e-16 0 -1 2.44929e-16 0 -1 2.44929e-16 0 -1 2.44929e-16 0 -1 2.44929e-16 0 -1 2.44929e-16 0 -1 2.44929e-16 0 -1 2.44929e-16 0 -1 2.44929e-16 0 -1 2.44929e-16 0 -1 2.44929e-16 0 -1 2.44929e-16 0 -1 2.44929e-16 0 -1 2.44929e-16 0 -1 2.44929e-16 0 -1 2.44929e-16 0 -1 2.44929e-16 0 -1 2.44929e-16 0 -1 2.44929e-16 0 -1 2.44929e-16 0 -1 2.44929e-16 0 -1 2.44929e-16 0 -1 2.44929e-16 0 -1 2.44929e-16 0 -1 2.44929e-16 0 -1 2.44929e-16 0 -1 2.44929e-16 0 -1 2.44929e-16 0 -1 2.44929e-16 0 -1 2.44929e-16 0 -1 2.44929e-16 0 -1 2.44929e-16 0 -1 2.44929e-16 0 -1 2.44929e-16 0 -1 2.44929e-16 0 -1 2.44929e-16 0 -1 2.44929e-16 0 -1 2.44929e-16 0 -1 2.44929e-16 0 -1 2.44929e-16 0 -1 2.44929e-16 0 -1 2.44929e-16 0 -1 2.44929e-16 0 -1 2.44929e-16 0 -1 2.44929e-16 0 -1 2.44929e-16 0 -1 2.44929e-16 0 -1 2.44929e-16 0 -1 2.44929e-16 0 -1 2.44929e-16 0 -1 2.44929e-16 0 -1 2.44929e-16 0 -1 2.44929e-16 0 -1 2.44929e-16 0 -1 2.44929e-16 0 -1 2.44929e-16 0 -1 2.44929e-16 0 -1 2.44929e-16 0 -1 2.44929e-16 0 -1 2.44929e-16 0 -1 2.44929e-16 0 -1 2.44929e-16 0 -1 2.44929e-16 0 -1 2.44929e-16 0 -1 2.44929e-16 0 -1 2.44929e-16 0 -1 2.44929e-16 0 -1 2.44929e-16 0 -1 2.44929e-16 0 -1 2.44929e-16 0 -1 2.44929e-16 0 -1 2.44929e-16 0 -1 2.44929e-16 0 -1 2.44929e-16 0 -1 2.44929e-16 0 -1 2.44929e-16 0 -1 2.44929e-16 0 -1 2.44929e-16 0 -1 2.44929e-16 0 -1 2.44929e-16 0 -1 2.44929e-16 0 -1 2.44929e-16 0 -1 2.44929e-16 0 -1 2.44929e-16 0 -1 2.44929e-16 0 -1 2.44929e-16 0 -1 2.44929e-16 0 -1 2.44929e-16 0 -1 2.44929e-16 0 -1 2.44929e-16 0 -1 2.44929e-16 0 -1 2.44929e-16 0 -1 2.44929e-16 0 -1 2.44929e-16 0 -1 2.44929e-16 0 -1 2.44929e-16 0 -1 2.44929e-16 0 -1 2.44929e-16 0 -1 2.44929e-16 0 -1 2.44929e-16 0 -1 2.44929e-16 0 -1 2.44929e-16 0 -1 2.44929e-16 0 -1 2.44929e-16 0 -1 2.44929e-16 0 -1 2.44929e-16 0 -1 2.44929e-16 0 -1 2.44929e-16 0 -1 2.44929e-16 0 -1 2.44929e-16 0 -1 2.44929e-16 0 -1 2.44929e-16 0 -1 2.44929e-16 0 -1 2.44929e-16 0 -1 2.44929e-16 0 -1 2.44929e-16 0 -1 2.44929e-16 0 -1 2.44929e-16 0 -1 2.44929e-16 0 -1 2.44929e-16 0 -1 2.44929e-16 0 -1 2.44929e-16 0 -1 2.44929e-16 0 -1 2.44929e-16 0 -1 2.44929e-16 0 -1 2.44929e-16 0 -1 2.44929e-16 0 -1 2.44929e-16 0 -1 2.44929e-16 0 -1 2.44929e-16 0 -1 2.44929e-16 0 -1 2.44929e-16 0 -1 2.44929e-16 0 -1 2.44929e-16 0 -1 2.44929e-16 0 -1 2.44929e-16 0 -1 2.44929e-16 0 -1 2.44929e-16 0 -1 2.44929e-16 0 -1 2.44929e-16 0 -1 2.44929e-16 0 -1 2.44929e-16 0 -1 2.44929e-16 0 -1 2.44929e-16 0 -1 2.44929e-16 0 -1 2.44929e-16 0 -1 2.44929e-16 0 -1 2.44929e-16 0 -1 2.44929e-16 0 -1 2.44929e-16 0 -1 2.44929e-16 0 -1 2.44929e-16 0 -1 2.44929e-16 0 -1 2.44929e-16 0 -1 2.44929e-16 0 -1 2.44929e-16 0 -1 -2.44929e-16 0 1 -2.44929e-16 0 1 -2.44929e-16 0 1 -2.44929e-16 0 1 -2.44929e-16 0 1 -2.44929e-16 0 1 -2.44929e-16 0 1 -2.44929e-16 0 1 -2.44929e-16 0 1 -2.44929e-16 0 1 -2.44929e-16 0 1 -2.44929e-16 0 1 -2.44929e-16 0 1 -2.44929e-16 0 1 -2.44929e-16 0 1 -2.44929e-16 0 1 -2.44929e-16 0 1 -2.44929e-16 0 1 -2.44929e-16 0 1 -2.44929e-16 0 1 -2.44929e-16 0 1 -2.44929e-16 0 1 -2.44929e-16 0 1 -2.44929e-16 0 1 -2.44929e-16 0 1 -2.44929e-16 0 1 -2.44929e-16 0 1 -2.44929e-16 0 1 -2.44929e-16 0 1 -2.44929e-16 0 1 -2.44929e-16 0 1 -2.44929e-16 0 1 -2.44929e-16 0 1 -2.44929e-16 0 1 -2.44929e-16 0 1 -2.44929e-16 0 1 -2.44929e-16 0 1 -2.44929e-16 0 1 -2.44929e-16 0 1 -2.44929e-16 0 1 -2.44929e-16 0 1 -2.44929e-16 0 1 -2.44929e-16 0 1 -2.44929e-16 0 1 -2.44929e-16 0 1 -2.44929e-16 0 1 -2.44929e-16 0 1 -2.44929e-16 0 1 -2.44929e-16 0 1 -2.44929e-16 0 1 -2.44929e-16 0 1 -2.44929e-16 0 1 -2.44929e-16 0 1 -2.44929e-16 0 1 -2.44929e-16 0 1 -2.44929e-16 0 1 -2.44929e-16 0 1 -2.44929e-16 0 1 -2.44929e-16 0 1 -2.44929e-16 0 1 -2.44929e-16 0 1 -2.44929e-16 0 1 -2.44929e-16 0 1 -2.44929e-16 0 1 -2.44929e-16 0 1 -2.44929e-16 0 1 -2.44929e-16 0 1 -2.44929e-16 0 1 -2.44929e-16 0 1 -2.44929e-16 0 1 -2.44929e-16 0 1 -2.44929e-16 0 1 -2.44929e-16 0 1 -2.44929e-16 0 1 -2.44929e-16 0 1 -2.44929e-16 0 1 -2.44929e-16 0 1 -2.44929e-16 0 1 -2.44929e-16 0 1 -2.44929e-16 0 1 -2.44929e-16 0 1 -2.44929e-16 0 1 -2.44929e-16 0 1 -2.44929e-16 0 1 -2.44929e-16 0 1 -2.44929e-16 0 1 -2.44929e-16 0 1 -2.44929e-16 0 1 -2.44929e-16 0 1 -2.44929e-16 0 1 -2.44929e-16 0 1 -2.44929e-16 0 1 -2.44929e-16 0 1 -2.44929e-16 0 1 -2.44929e-16 0 1 -2.44929e-16 0 1 -2.44929e-16 0 1 -2.44929e-16 0 1 -2.44929e-16 0 1 -2.44929e-16 0 1 -2.44929e-16 0 1 -2.44929e-16 0 1 -2.44929e-16 0 1 -2.44929e-16 0 1 -2.44929e-16 0 1 -2.44929e-16 0 1 -2.44929e-16 0 1 -2.44929e-16 0 1 -2.44929e-16 0 1 -2.44929e-16 0 1 -2.44929e-16 0 1 -2.44929e-16 0 1 -2.44929e-16 0 1 -2.44929e-16 0 1 -2.44929e-16 0 1 -2.44929e-16 0 1 -2.44929e-16 0 1 -2.44929e-16 0 1 -2.44929e-16 0 1 -2.44929e-16 0 1 -2.44929e-16 0 1 -2.44929e-16 0 1 -2.44929e-16 0 1 -2.44929e-16 0 1 -2.44929e-16 0 1 -2.44929e-16 0 1 -2.44929e-16 0 1 -2.44929e-16 0 1 -2.44929e-16 0 1 -2.44929e-16 0 1 -2.44929e-16 0 1 -2.44929e-16 0 1 -2.44929e-16 0 1 -2.44929e-16 0 1 -2.44929e-16 0 1 -2.44929e-16 0 1 -2.44929e-16 0 1 -2.44929e-16 0 1 -2.44929e-16 0 1 -2.44929e-16 0 1 -2.44929e-16 0 1 -2.44929e-16 0 1 -2.44929e-16 0 1 -2.44929e-16 0 1 -2.44929e-16 0 1 -2.44929e-16 0 1 -2.44929e-16 0 1 -2.44929e-16 0 1 -2.44929e-16 0 1 -2.44929e-16 0 1 -2.44929e-16 0 1 -2.44929e-16 0 1 -2.44929e-16 0 1 -2.44929e-16 0 1 -2.44929e-16 0 1 -2.44929e-16 0 1 -2.44929e-16 0 1 -2.44929e-16 0 1 -2.44929e-16 0 1 -2.44929e-16 0 1 -2.44929e-16 0 1 -2.44929e-16 0 1 -2.44929e-16 0 1 -2.44929e-16 0 1 -2.44929e-16 0 1 -2.44929e-16 0 1 -2.44929e-16 0 1 -2.44929e-16 0 1 -2.44929e-16 0 1 -2.44929e-16 0 1 -2.44929e-16 0 1 -2.44929e-16 0 1 -2.44929e-16 0 1 -2.44929e-16 0 1 -2.44929e-16 0 1 -2.44929e-16 0 1 -2.44929e-16 0 1 -2.44929e-16 0 1 -2.44929e-16 0 1 -2.44929e-16 0 1 -2.44929e-16 0 1 -2.44929e-16 0 1 -2.44929e-16 0 1 -2.44929e-16 0 1 -2.44929e-16 0 1 -2.44929e-16 0 1 -2.44929e-16 0 1 -2.44929e-16 0 1 -2.44929e-16 0 1 -2.44929e-16 0 1 -2.44929e-16 0 1 -2.44929e-16 0 1 -2.44929e-16 0 1 -2.44929e-16 0 1 -2.44929e-16 0 1 -2.44929e-16 0 1 -2.44929e-16 0 1 -2.44929e-16 0 1 -2.44929e-16 0 1 -2.44929e-16 0 1 -2.44929e-16 0 1 -2.44929e-16 0 1 -2.44929e-16 0 1 -2.44929e-16 0 1 -2.44929e-16 0 1 -2.44929e-16 0 1 -2.44929e-16 0 1 -2.44929e-16 0 1 -2.44929e-16 0 1 -2.44929e-16 0 1 -2.44929e-16 0 1 -2.44929e-16 0 1 -2.44929e-16 0 1 -2.44929e-16 0 1 -2.44929e-16 0 1 -2.44929e-16 0 1 -2.44929e-16 0 1 -2.44929e-16 0 1 -2.44929e-16 0 1 -2.44929e-16 0 1 -2.44929e-16 0 1 -2.44929e-16 0 1 -2.44929e-16 0 1 -2.44929e-16 0 1 -2.44929e-16 0 1 -2.44929e-16 0 1 -2.44929e-16 0 1 -2.44929e-16 0 1 -2.44929e-16 0 1 -2.44929e-16 0 1 -2.44929e-16 0 1 -2.44929e-16 0 1 -2.44929e-16 0 1 -2.44929e-16 0 1 -2.44929e-16 0 1 -2.44929e-16 0 1 -2.44929e-16 0 1 -2.44929e-16 0 1 -2.44929e-16 0 1 -2.44929e-16 0 1 -2.44929e-16 0 1 -2.44929e-16 0 1 -2.44929e-16 0 1 -2.44929e-16 0 1 -2.44929e-16 0 1 -2.44929e-16 0 1 -2.44929e-16 0 1 -2.44929e-16 0 1 -2.44929e-16 0 1 -2.44929e-16 0 1 -2.44929e-16 0 1 -2.44929e-16 0 1 -2.44929e-16 0 1 -2.44929e-16 0 1 -2.44929e-16 0 1 -2.44929e-16 0 1 -2.44929e-16 0 1 -2.44929e-16 0 1 -2.44929e-16 0 1 -2.44929e-16 0 1 -2.44929e-16 0 1 -2.44929e-16 0 1 -2.44929e-16 0 1 -2.44929e-16 0 1 -2.44929e-16 0 1 -2.44929e-16 0 1 -2.44929e-16 0 1 -2.44929e-16 0 1 -2.44929e-16 0 1 -2.44929e-16 0 1 -2.44929e-16 0 1 -2.44929e-16 0 1 -2.44929e-16 0 1 -2.44929e-16 0 1 -2.44929e-16 0 1 -2.44929e-16 0 1 -2.44929e-16 0 1 -2.44929e-16 0 1 -2.44929e-16 0 1 -2.44929e-16 0 1 -2.44929e-16 0 1 -2.44929e-16 0 1 -2.44929e-16 0 1 -2.44929e-16 0 1 -2.44929e-16 0 1 -2.44929e-16 0 1 -2.44929e-16 0 1 -2.44929e-16 0 1 -2.44929e-16 0 1 -2.44929e-16 0 1 -2.44929e-16 0 1 -2.44929e-16 0 1 -2.44929e-16 0 1 -2.44929e-16 0 1 -2.44929e-16 0 1 -2.44929e-16 0 1 -2.44929e-16 0 1 -2.44929e-16 0 1 -2.44929e-16 0 1 -2.44929e-16 0 1 -2.44929e-16 0 1 -2.44929e-16 0 1 -2.44929e-16 0 1 -2.44929e-16 0 1 -2.44929e-16 0 1 -2.44929e-16 0 1 -2.44929e-16 0 1 -2.44929e-16 0 1 -2.44929e-16 0 1 -2.44929e-16 0 1 -2.44929e-16 0 1 -2.44929e-16 0 1 -2.44929e-16 0 1 -2.44929e-16 0 1 -2.44929e-16 0 1 -2.44929e-16 0 1 -2.44929e-16 0 1 -2.44929e-16 0 1 -2.44929e-16 0 1 -2.44929e-16 0 1 -2.44929e-16 0 1 -2.44929e-16 0 1 -2.44929e-16 0 1 -2.44929e-16 0 1 -2.44929e-16 0 1 -2.44929e-16 0 1 -2.44929e-16 0 1 -2.44929e-16 0 1 -2.44929e-16 0 1 -2.44929e-16 0 1 -2.44929e-16 0 1 -2.44929e-16 0 1 -2.44929e-16 0 1 -2.44929e-16 0 1 -2.44929e-16 0 1 -2.44929e-16 0 1 -2.44929e-16 0 1 -2.44929e-16 0 1 -2.44929e-16 0 1 -2.44929e-16 0 1 -2.44929e-16 0 1 -2.44929e-16 0 1 -2.44929e-16 0 1 -2.44929e-16 0 1 -2.44929e-16 0 1 -2.44929e-16 0 1 -2.44929e-16 0 1 -2.44929e-16 0 1 -2.44929e-16 0 1 -2.44929e-16 0 1 -2.44929e-16 0 1 -2.44929e-16 0 1 -2.44929e-16 0 1 -2.44929e-16 0 1 -2.44929e-16 0 1 -2.44929e-16 0 1 -2.44929e-16 0 1 -2.44929e-16 0 1 -2.44929e-16 0 1 -2.44929e-16 0 1 -2.44929e-16 0 1 -2.44929e-16 0 1 -2.44929e-16 0 1 -2.44929e-16 0 1 -2.44929e-16 0 1 -2.44929e-16 0 1 -2.44929e-16 0 1 -2.44929e-16 0 1 -2.44929e-16 0 1 -2.44929e-16 0 1 -2.44929e-16 0 1 -2.44929e-16 0 1 -2.44929e-16 0 1 -2.44929e-16 0 1 -2.44929e-16 0 1 -2.44929e-16 0 1 -2.44929e-16 0 1 -2.44929e-16 0 1 -2.44929e-16 0 1 -2.44929e-16 0 1 -2.44929e-16 0 1 -2.44929e-16 0 1 -2.44929e-16 0 1 -2.44929e-16 0 1 -2.44929e-16 0 1 -2.44929e-16 0 1 -2.44929e-16 0 1 -2.44929e-16 0 1 -2.44929e-16 0 1 -2.44929e-16 0 1 -2.44929e-16 0 1 -2.44929e-16 0 1 -2.44929e-16 0 1 -2.44929e-16 0 1 -2.44929e-16 0 1 -2.44929e-16 0 1 -2.44929e-16 0 1 -2.44929e-16 0 1 -2.44929e-16 0 1 -2.44929e-16 0 1 -2.44929e-16 0 1 -2.44929e-16 0 1 -2.44929e-16 0 1 -2.44929e-16 0 1 -2.44929e-16 0 1 -2.44929e-16 0 1 -2.44929e-16 0 1 -2.44929e-16 0 1 -2.44929e-16 0 1 -2.44929e-16 0 1 -2.44929e-16 0 1 -2.44929e-16 0 1 -2.44929e-16 0 1 -2.44929e-16 0 1 -2.44929e-16 0 1 -2.44929e-16 0 1 -2.44929e-16 0 1 -2.44929e-16 0 1 -2.44929e-16 0 1 -2.44929e-16 0 1 -2.44929e-16 0 1 -2.44929e-16 0 1 -2.44929e-16 0 1 -2.44929e-16 0 1 -2.44929e-16 0 1 -2.44929e-16 0 1 -2.44929e-16 0 1 -2.44929e-16 0 1 -2.44929e-16 0 1 -2.44929e-16 0 1 -2.44929e-16 0 1 -2.44929e-16 0 1 -2.44929e-16 0 1 -2.44929e-16 0 1 -2.44929e-16 0 1 -2.44929e-16 0 1 -2.44929e-16 0 1 -2.44929e-16 0 1 -2.44929e-16 0 1 -2.44929e-16 0 1 -2.44929e-16 0 1 -2.44929e-16 0 1 -2.44929e-16 0 1 -2.44929e-16 0 1 -2.44929e-16 0 1 -2.44929e-16 0 1 -2.44929e-16 0 1 -2.44929e-16 0 1 -2.44929e-16 0 1 -2.44929e-16 0 1 -2.44929e-16 0 1 -2.44929e-16 0 1 -2.44929e-16 0 1 -2.44929e-16 0 1 -2.44929e-16 0 1 -2.44929e-16 0 1 -2.44929e-16 0 1 -2.44929e-16 0 1 -2.44929e-16 0 1 -2.44929e-16 0 1 -2.44929e-16 0 1 -2.44929e-16 0 1 -2.44929e-16 0 1 -2.44929e-16 0 1 -2.44929e-16 0 1 -2.44929e-16 0 1 -2.44929e-16 0 1 -2.44929e-16 0 1 -2.44929e-16 0 1 -2.44929e-16 0 1 -2.44929e-16 0 1 -2.44929e-16 0 1 -2.44929e-16 0 1 -2.44929e-16 0 1 -2.44929e-16 0 1 -2.44929e-16 0 1 -2.44929e-16 0 1 -2.44929e-16 0 1 -2.44929e-16 0 1 -2.44929e-16 0 1 -2.44929e-16 0 1 -2.44929e-16 0 1 -2.44929e-16 0 1 -2.44929e-16 0 1 -2.44929e-16 0 1 -2.44929e-16 0 1 -2.44929e-16 0 1 -2.44929e-16 0 1 -2.44929e-16 0 1 -2.44929e-16 0 1 -2.44929e-16 0 1 -2.44929e-16 0 1 -2.44929e-16 0 1 -2.44929e-16 0 1 -2.44929e-16 0 1 -2.44929e-16 0 1 -2.44929e-16 0 1 -2.44929e-16 0 1 -2.44929e-16 0 1 -2.44929e-16 0 1 -2.44929e-16 0 1 -2.44929e-16 0 1 -2.44929e-16 0 1 -2.44929e-16 0 1 -2.44929e-16 0 1 -2.44929e-16 0 1 -2.44929e-16 0 1 -2.44929e-16 0 1 -2.44929e-16 0 1 -2.44929e-16 0 1 -2.44929e-16 0 1 -2.44929e-16 0 1 -2.44929e-16 0 1 -2.44929e-16 0 1 -2.44929e-16 0 1 -2.44929e-16 0 1 -2.44929e-16 0 1 -2.44929e-16 0 1 -2.44929e-16 0 1 -2.44929e-16 0 1 -2.44929e-16 0 1 -2.44929e-16 0 1 -2.44929e-16 0 1 -2.44929e-16 0 1 -2.44929e-16 0 1 -2.44929e-16 0 1 -2.44929e-16 0 1 -2.44929e-16 0 1 -2.44929e-16 0 1 -2.44929e-16 0 1 -2.44929e-16 0 1 -2.44929e-16 0 1 -2.44929e-16 0 1 -2.44929e-16 0 1 -2.44929e-16 0 1 -2.44929e-16 0 1 -2.44929e-16 0 1 -2.44929e-16 0 1 -2.44929e-16 0 1 -2.44929e-16 0 1 -2.44929e-16 0 1 -2.44929e-16 0 1 -2.44929e-16 0 1 -2.44929e-16 0 1 -2.44929e-16 0 1 -2.44929e-16 0 1 -2.44929e-16 0 1 -2.44929e-16 0 1 -2.44929e-16 0 1 -2.44929e-16 0 1 -2.44929e-16 0 1 -2.44929e-16 0 1 -2.44929e-16 0 1 -2.44929e-16 0 1 -2.44929e-16 0 1 -2.44929e-16 0 1 -2.44929e-16 0 1 -2.44929e-16 0 1 -2.44929e-16 0 1 -2.44929e-16 0 1 -2.44929e-16 0 1 -2.44929e-16 0 1 -2.44929e-16 0 1 -2.44929e-16 0 1 -2.44929e-16 0 1 -2.44929e-16 0 1 -2.44929e-16 0 1 -2.44929e-16 0 1 -2.44929e-16 0 1 -2.44929e-16 0 1 -2.44929e-16 0 1 -2.44929e-16 0 1 -2.44929e-16 0 1 -2.44929e-16 0 1 -2.44929e-16 0 1 -2.44929e-16 0 1 -2.44929e-16 0 1 -2.44929e-16 0 1 -2.44929e-16 0 1 -2.44929e-16 0 1 -2.44929e-16 0 1 -2.44929e-16 0 1 -2.44929e-16 0 1 -2.44929e-16 0 1 -2.44929e-16 0 1 -2.44929e-16 0 1 -2.44929e-16 0 1 -2.44929e-16 0 1 -2.44929e-16 0 1 -2.44929e-16 0 1 -2.44929e-16 0 1 -2.44929e-16 0 1 -2.44929e-16 0 1 -2.44929e-16 0 1 -2.44929e-16 0 1 -2.44929e-16 0 1 -2.44929e-16 0 1 -2.44929e-16 0 1 -2.44929e-16 0 1 -2.44929e-16 0 1 -2.44929e-16 0 1 -2.44929e-16 0 1 -2.44929e-16 0 1 -2.44929e-16 0 1 -2.44929e-16 0 1 -2.44929e-16 0 1 -2.44929e-16 0 1 -2.44929e-16 0 1 -2.44929e-16 0 1 -2.44929e-16 0 1 -2.44929e-16 0 1 -2.44929e-16 0 1 -2.44929e-16 0 1 -2.44929e-16 0 1 -2.44929e-16 0 1 -2.44929e-16 0 1 -2.44929e-16 0 1 -2.44929e-16 0 1 -2.44929e-16 0 1 -2.44929e-16 0 1 -2.44929e-16 0 1 -2.44929e-16 0 1 -2.44929e-16 0 1 -2.44929e-16 0 1 -2.44929e-16 0 1 -2.44929e-16 0 1 -2.44929e-16 0 1 -2.44929e-16 0 1 -2.44929e-16 0 1 -2.44929e-16 0 1 -2.44929e-16 0 1 -2.44929e-16 0 1 -2.44929e-16 0 1 -2.44929e-16 0 1 -2.44929e-16 0 1 -2.44929e-16 0 1 -2.44929e-16 0 1 -2.44929e-16 0 1 -2.44929e-16 0 1 -2.44929e-16 0 1 -2.44929e-16 0 1 -2.44929e-16 0 1 -2.44929e-16 0 1 -2.44929e-16 0 1 -2.44929e-16 0 1 -2.44929e-16 0 1 -2.44929e-16 0 1 -2.44929e-16 0 1 -2.44929e-16 0 1 -2.44929e-16 0 1 -2.44929e-16 0 1 -2.44929e-16 0 1 -2.44929e-16 0 1 -2.44929e-16 0 1 -2.44929e-16 0 1 -2.44929e-16 0 1 -2.44929e-16 0 1 -2.44929e-16 0 1 -2.44929e-16 0 1 -2.44929e-16 0 1 -2.44929e-16 0 1 -2.44929e-16 0 1 -2.44929e-16 0 1 -2.44929e-16 0 1 -2.44929e-16 0 1 -2.44929e-16 0 1 -2.44929e-16 0 1 -2.44929e-16 0 1 -2.44929e-16 0 1 -2.44929e-16 0 1 -2.44929e-16 0 1 -2.44929e-16 0 1 -2.44929e-16 0 1 -2.44929e-16 0 1 -2.44929e-16 0 1 -2.44929e-16 0 1 -2.44929e-16 0 1 -2.44929e-16 0 1 -2.44929e-16 0 1 -2.44929e-16 0 1 -2.44929e-16 0 1 -2.44929e-16 0 1 -2.44929e-16 0 1 -2.44929e-16 0 1 -2.44929e-16 0 1 -2.44929e-16 0 1 -2.44929e-16 0 1 -2.44929e-16 0 1 -2.44929e-16 0 1 -2.44929e-16 0 1 -2.44929e-16 0 1 -2.44929e-16 0 1 -2.44929e-16 0 1 -2.44929e-16 0 1 -2.44929e-16 0 1 -2.44929e-16 0 1 -2.44929e-16 0 1 -2.44929e-16 0 1 -2.44929e-16 0 1 -2.44929e-16 0 1 -2.44929e-16 0 1 -2.44929e-16 0 1 -2.44929e-16 0 1 -2.44929e-16 0 1 -2.44929e-16 0 1 -2.44929e-16 0 1 -2.44929e-16 0 1 -2.44929e-16 0 1 -2.44929e-16 0 1 -2.44929e-16 0 1 -2.44929e-16 0 1 -2.44929e-16 0 1 -2.44929e-16 0 1 -2.44929e-16 0 1 -2.44929e-16 0 1 -2.44929e-16 0 1 -2.44929e-16 0 1 -2.44929e-16 0 1 -2.44929e-16 0 1 -2.44929e-16 0 1 -2.44929e-16 0 1 -2.44929e-16 0 1 -2.44929e-16 0 1 -2.44929e-16 0 1 -2.44929e-16 0 1 -2.44929e-16 0 1 -2.44929e-16 0 1 -2.44929e-16 0 1 -2.44929e-16 0 1 -2.44929e-16 0 1 -2.44929e-16 0 1 -2.44929e-16 0 1 -2.44929e-16 0 1 -2.44929e-16 0 1 -2.44929e-16 0 1 -2.44929e-16 0 1 -2.44929e-16 0 1 -2.44929e-16 0 1 -2.44929e-16 0 1 -2.44929e-16 0 1 -2.44929e-16 0 1 -2.44929e-16 0 1 -2.44929e-16 0 1 -2.44929e-16 0 1 -2.44929e-16 0 1 -2.44929e-16 0 1 -2.44929e-16 0 1 -2.44929e-16 0 1 -2.44929e-16 0 1 -2.44929e-16 0 1 -2.44929e-16 0 1 -2.44929e-16 0 1 -2.44929e-16 0 1 -2.44929e-16 0 1 -2.44929e-16 0 1 -2.44929e-16 0 1 -2.44929e-16 0 1 -2.44929e-16 0 1 -2.44929e-16 0 1 -2.44929e-16 0 1 -2.44929e-16 0 1 -2.44929e-16 0 1 -2.44929e-16 0 1 -2.44929e-16 0 1 -2.44929e-16 0 1 -2.44929e-16 0 1 -2.44929e-16 0 1 -2.44929e-16 0 1 -2.44929e-16 0 1 -2.44929e-16 0 1 -2.44929e-16 0 1 -2.44929e-16 0 1 -2.44929e-16 0 1 -2.44929e-16 0 1 -2.44929e-16 0 1 -2.44929e-16 0 1 -2.44929e-16 0 1 -2.44929e-16 0 1 -2.44929e-16 0 1 -2.44929e-16 0 1 -2.44929e-16 0 1 -2.44929e-16 0 1 -2.44929e-16 0 1 1.67252e-16 -1 4.0965e-32 1.67252e-16 -1 4.0965e-32 1.67252e-16 -1 4.0965e-32 1.67252e-16 -1 4.0965e-32 0.5 -0.866025 -2.44929e-16 0.5 -0.866025 -2.44929e-16 0.5 -0.866025 -2.44929e-16 0.5 -0.866025 -2.44929e-16 -0.5 0.866025 2.44929e-16 -0.5 0.866025 2.44929e-16 -0.5 0.866025 2.44929e-16 -0.5 0.866025 2.44929e-16 -0.866025 -0.5 0 -0.866025 -0.5 0 -0.866025 -0.5 0 -0.866025 -0.5 0 0 1 0 0 1 0 0 1 0 0 1 0 0 1 0 0 1 0 0 1 0 0 1 0 -0.866025 -0.5 -0 -0.866025 -0.5 -0 -0.866025 -0.5 -0 -0.866025 -0.5 -0 -0.866025 -0.5 -0 -0.866025 -0.5 -0 -0.866025 -0.5 -0 -0.866025 -0.5 -0 0.866025 0.5 -2.12115e-16 0.866025 0.5 -2.12115e-16 0.866025 0.5 -2.12115e-16 0.866025 0.5 -2.12115e-16 -1 3.35753e-16 2.44929e-16 -1 3.35753e-16 2.44929e-16 -1 3.35753e-16 2.44929e-16 -1 3.35753e-16 2.44929e-16 -0.5 -0.866025 -2.44929e-16 -0.5 -0.866025 -2.44929e-16 -0.5 -0.866025 -2.44929e-16 -0.5 -0.866025 -2.44929e-16 0.5 0.866025 2.44929e-16 0.5 0.866025 2.44929e-16 0.5 0.866025 2.44929e-16 0.5 0.866025 2.44929e-16 0.866025 -0.5 0 0.866025 -0.5 0 0.866025 -0.5 0 0.866025 -0.5 0 0 1 0 0 1 0 0 1 0 0 1 0 0.866025 -0.5 0 0.866025 -0.5 0 0.866025 -0.5 0 0.866025 -0.5 0 0.866025 -0.5 0 0.866025 -0.5 0 0.866025 -0.5 0 0.866025 -0.5 0 0.986361 -0.164595 2.41589e-16 1 -1.35811e-22 2.44929e-16 1 1.37186e-11 2.44929e-16 0.789141 -0.614213 1.93284e-16 0.879474 -0.475947 2.15409e-16 0.873014 -0.487695 2.13827e-16 0.945817 -0.324699 2.31658e-16 0.985616 -0.169001 2.41406e-16 0.942877 -0.33314 2.30938e-16 0.524307 -0.851529 1.28418e-16 0.401695 -0.915773 9.8387e-17 0.546948 -0.837166 1.33964e-16 0.778036 -0.62822 1.90564e-16 0.660675 -0.750672 1.61819e-16 0.677282 -0.735724 1.65886e-16 0.0825794 -0.996584 2.02261e-17 0.0424412 -0.999099 1.03951e-17 -0.0825794 -0.996584 -2.02261e-17 0.245485 -0.9694 6.01266e-17 0.372857 -0.927889 9.13235e-17 0.210679 -0.977555 5.16015e-17 -0.546948 -0.837166 -1.33964e-16 -0.401696 -0.915773 -9.8387e-17 -0.450204 -0.892926 -1.10268e-16 -0.292823 -0.956167 -7.17209e-17 -0.245485 -0.9694 -6.01266e-17 -0.127018 -0.9919 -3.11104e-17 -0.82851 -0.559975 -2.02926e-16 -0.879474 -0.475947 -2.15409e-16 -0.789141 -0.614213 -1.93284e-16 -0.594633 -0.803997 -1.45643e-16 -0.721956 -0.691939 -1.76828e-16 -0.677282 -0.735724 -1.65886e-16 -0.986361 -0.164595 -2.41589e-16 -0.996397 -0.0848059 -2.44047e-16 -1 8.74228e-08 -2.44929e-16 -0.945817 -0.3247 -2.31658e-16 -0.911228 -0.411901 -2.23187e-16 -0.967733 -0.251978 -2.37026e-16 -0.879474 0.475947 -2.15409e-16 -0.945817 0.324699 -2.31658e-16 -0.911228 0.411901 -2.23187e-16 -0.967733 0.251978 -2.37026e-16 -0.986361 0.164595 -2.41589e-16 -0.996397 0.0848059 -2.44047e-16 -0.594633 0.803997 -1.45643e-16 -0.546948 0.837167 -1.33964e-16 -0.677282 0.735724 -1.65886e-16 -0.82851 0.559975 -2.02926e-16 -0.721956 0.691939 -1.76828e-16 -0.78914 0.614213 -1.93284e-16 -0.245485 0.9694 -6.01265e-17 -0.127018 0.9919 -3.11104e-17 -0.0825794 0.996584 -2.02261e-17 -0.401695 0.915773 -9.8387e-17 -0.450204 0.892926 -1.10268e-16 -0.292823 0.956167 -7.17209e-17 0.042441 0.999099 1.03951e-17 0.210679 0.977555 5.16015e-17 0.0825794 0.996584 2.02261e-17 0.372857 0.927889 9.13235e-17 0.245486 0.9694 6.01266e-17 0.401695 0.915773 9.8387e-17 0.524307 0.851529 1.28418e-16 0.660675 0.750672 1.61819e-16 0.546948 0.837166 1.33964e-16 0.778036 0.62822 1.90564e-16 0.677282 0.735724 1.65886e-16 0.78914 0.614213 1.93284e-16 0.873014 0.487695 2.13827e-16 0.942877 0.33314 2.30938e-16 0.879474 0.475948 2.15409e-16 0.985616 0.169001 2.41406e-16 0.945817 0.3247 2.31658e-16 0.986361 0.164595 2.41589e-16 -0.18527 0.731616 0.656059 -0.180614 0.732779 0.656059 -0.267624 0.705666 0.656059 0.75471 6.59788e-08 0.656059 0.749207 -0.0909702 0.656059 0.75471 6.59788e-08 0.656059 -0.350731 0.668262 0.656059 -0.303163 0.691143 0.656059 -0.428724 0.621114 0.656059 -0.412787 0.631818 0.656059 -0.511151 0.555258 0.656059 -0.500465 0.564908 0.656059 -0.564908 0.500465 0.656059 -0.595572 0.463552 0.656059 -0.663747 0.359202 0.656059 -0.621114 0.428724 0.656059 -0.668262 0.350731 0.656059 -0.713817 0.245054 0.656059 -0.732779 0.180614 0.656059 -0.705666 0.267624 0.656059 -0.744416 0.124221 0.656059 -0.749207 0.0909701 0.656059 -0.75471 -1.31958e-07 0.656059 -0.75471 2.27916e-07 0.656059 -0.0909702 0.749207 0.656059 -0.0623235 0.752132 0.656059 -8.99982e-09 0.75471 0.656059 0.0909702 0.749207 0.656059 0.0623235 0.752132 0.656059 0.180614 0.732779 0.656059 0.18527 0.731616 0.656059 0.303163 0.691143 0.656059 0.267624 0.705666 0.656059 0.412787 0.631818 0.656059 0.350731 0.668262 0.656059 0.500465 0.564908 0.656059 0.428724 0.621114 0.656059 0.511151 0.555258 0.656059 0.564908 0.500465 0.656059 0.595572 0.463552 0.656059 0.621114 0.428724 0.656059 0.668262 0.350731 0.656059 0.663747 0.359202 0.656059 0.705666 0.267624 0.656059 0.713817 0.245054 0.656059 0.744416 0.124221 0.656059 0.732779 0.180614 0.656059 0.749207 0.0909703 0.656059 0.732779 -0.180614 0.656059 0.744416 -0.124221 0.656059 0.621114 -0.428724 0.656059 0.668262 -0.350731 0.656059 0.663747 -0.359202 0.656059 0.713817 -0.245054 0.656059 0.705666 -0.267624 0.656059 0.511151 -0.555258 0.656059 0.428724 -0.621114 0.656059 0.500465 -0.564908 0.656059 0.595572 -0.463552 0.656059 0.564908 -0.500465 0.656059 0.303163 -0.691143 0.656059 0.18527 -0.731616 0.656059 0.267624 -0.705666 0.656059 0.350731 -0.668262 0.656059 0.412787 -0.631818 0.656059 -5.6979e-08 -0.75471 0.656059 0.0623235 -0.752132 0.656059 -0.0623234 -0.752132 0.656059 0.0909702 -0.749207 0.656059 -0.303163 -0.691143 0.656059 -0.267624 -0.705666 0.656059 -0.18527 -0.731616 0.656059 -0.180614 -0.732779 0.656059 -0.412787 -0.631818 0.656059 -0.511151 -0.555258 0.656059 -0.500465 -0.564908 0.656059 -0.350731 -0.668262 0.656059 -0.428724 -0.621114 0.656059 -0.595572 -0.463552 0.656059 -0.564908 -0.500465 0.656059 -0.621114 -0.428724 0.656059 -0.663747 -0.359202 0.656059 -0.668262 -0.350731 0.656059 -0.705666 -0.267624 0.656059 -0.713817 -0.245054 0.656059 -0.732779 -0.180614 0.656059 -0.749207 -0.0909702 0.656059 -0.744416 -0.124221 0.656059 -0.0909702 -0.749207 0.656059 0.180614 -0.732779 0.656059 0.986361 -0.164595 2.41589e-16 1 -1.35811e-22 2.44929e-16 1 1.37186e-11 2.44929e-16 0.789141 -0.614213 1.93284e-16 0.879474 -0.475947 2.15409e-16 0.873014 -0.487695 2.13827e-16 0.945817 -0.324699 2.31658e-16 0.985616 -0.169001 2.41406e-16 0.942877 -0.33314 2.30938e-16 0.524307 -0.851529 1.28418e-16 0.401695 -0.915773 9.8387e-17 0.546948 -0.837166 1.33964e-16 0.778036 -0.62822 1.90564e-16 0.660675 -0.750672 1.61819e-16 0.677282 -0.735724 1.65886e-16 0.0825794 -0.996584 2.02261e-17 0.0424412 -0.999099 1.03951e-17 -0.0825794 -0.996584 -2.02261e-17 0.245485 -0.9694 6.01266e-17 0.372857 -0.927889 9.13235e-17 0.210679 -0.977555 5.16015e-17 -0.546948 -0.837166 -1.33964e-16 -0.401695 -0.915773 -9.8387e-17 -0.450204 -0.892926 -1.10268e-16 -0.292823 -0.956167 -7.17209e-17 -0.245485 -0.9694 -6.01266e-17 -0.127018 -0.9919 -3.11104e-17 -0.82851 -0.559975 -2.02926e-16 -0.879474 -0.475947 -2.15409e-16 -0.78914 -0.614213 -1.93284e-16 -0.594633 -0.803997 -1.45643e-16 -0.721956 -0.691939 -1.76828e-16 -0.677282 -0.735724 -1.65886e-16 -0.986361 -0.164595 -2.41589e-16 -0.996397 -0.0848059 -2.44047e-16 -1 8.74228e-08 -2.44929e-16 -0.945817 -0.3247 -2.31658e-16 -0.911228 -0.411901 -2.23187e-16 -0.967733 -0.251978 -2.37026e-16 -0.879474 0.475947 -2.15409e-16 -0.945817 0.324699 -2.31658e-16 -0.911228 0.411901 -2.23187e-16 -0.967733 0.251978 -2.37026e-16 -0.986361 0.164595 -2.41589e-16 -0.996397 0.0848059 -2.44047e-16 -0.594633 0.803997 -1.45643e-16 -0.546948 0.837167 -1.33964e-16 -0.677282 0.735724 -1.65886e-16 -0.82851 0.559975 -2.02926e-16 -0.721956 0.691939 -1.76828e-16 -0.78914 0.614213 -1.93284e-16 -0.245486 0.9694 -6.01266e-17 -0.127018 0.9919 -3.11104e-17 -0.0825794 0.996584 -2.02261e-17 -0.401695 0.915773 -9.8387e-17 -0.450204 0.892926 -1.10268e-16 -0.292823 0.956167 -7.17209e-17 0.042441 0.999099 1.03951e-17 0.210679 0.977555 5.16015e-17 0.0825794 0.996584 2.02261e-17 0.372857 0.927889 9.13235e-17 0.245485 0.9694 6.01265e-17 0.401695 0.915773 9.8387e-17 0.524307 0.851529 1.28418e-16 0.660675 0.750672 1.61819e-16 0.546948 0.837166 1.33964e-16 0.778036 0.62822 1.90564e-16 0.677282 0.735724 1.65886e-16 0.78914 0.614213 1.93284e-16 0.873014 0.487695 2.13827e-16 0.942877 0.33314 2.30938e-16 0.879474 0.475948 2.15409e-16 0.985616 0.169001 2.41406e-16 0.945817 0.3247 2.31658e-16 0.986361 0.164595 2.41589e-16 -0.18527 0.731616 0.656059 -0.180614 0.732779 0.656059 -0.267624 0.705666 0.656059 0.75471 6.59788e-08 0.656059 0.749207 -0.0909702 0.656059 0.75471 6.59788e-08 0.656059 -0.350731 0.668262 0.656059 -0.303163 0.691143 0.656059 -0.428724 0.621114 0.656059 -0.412787 0.631818 0.656059 -0.511151 0.555258 0.656059 -0.500465 0.564908 0.656059 -0.564908 0.500465 0.656059 -0.595572 0.463552 0.656059 -0.663747 0.359202 0.656059 -0.621114 0.428724 0.656059 -0.668262 0.350731 0.656059 -0.713817 0.245054 0.656059 -0.732779 0.180614 0.656059 -0.705666 0.267624 0.656059 -0.744416 0.124221 0.656059 -0.749207 0.0909701 0.656059 -0.75471 -1.31958e-07 0.656059 -0.75471 2.27916e-07 0.656059 -0.0909702 0.749207 0.656059 -0.0623235 0.752132 0.656059 -8.99982e-09 0.75471 0.656059 0.0909702 0.749207 0.656059 0.0623235 0.752132 0.656059 0.180614 0.732779 0.656059 0.18527 0.731616 0.656059 0.303163 0.691143 0.656059 0.267624 0.705666 0.656059 0.412787 0.631818 0.656059 0.350731 0.668262 0.656059 0.500465 0.564908 0.656059 0.428724 0.621114 0.656059 0.511151 0.555258 0.656059 0.564908 0.500465 0.656059 0.595572 0.463552 0.656059 0.621114 0.428724 0.656059 0.668262 0.350731 0.656059 0.663747 0.359202 0.656059 0.705666 0.267624 0.656059 0.713817 0.245054 0.656059 0.744416 0.124221 0.656059 0.732779 0.180614 0.656059 0.749207 0.0909703 0.656059 0.732779 -0.180614 0.656059 0.744416 -0.124221 0.656059 0.621114 -0.428724 0.656059 0.668262 -0.350731 0.656059 0.663747 -0.359202 0.656059 0.713817 -0.245054 0.656059 0.705666 -0.267624 0.656059 0.511151 -0.555258 0.656059 0.428724 -0.621114 0.656059 0.500465 -0.564908 0.656059 0.595572 -0.463552 0.656059 0.564908 -0.500465 0.656059 0.303163 -0.691143 0.656059 0.18527 -0.731616 0.656059 0.267624 -0.705666 0.656059 0.350731 -0.668262 0.656059 0.412787 -0.631818 0.656059 -5.6979e-08 -0.75471 0.656059 0.0623235 -0.752132 0.656059 -0.0623234 -0.752132 0.656059 0.0909702 -0.749207 0.656059 -0.303163 -0.691143 0.656059 -0.267624 -0.705666 0.656059 -0.18527 -0.731616 0.656059 -0.180614 -0.732779 0.656059 -0.412787 -0.631818 0.656059 -0.511151 -0.555258 0.656059 -0.500465 -0.564908 0.656059 -0.350731 -0.668262 0.656059 -0.428724 -0.621114 0.656059 -0.595572 -0.463552 0.656059 -0.564908 -0.500465 0.656059 -0.621114 -0.428724 0.656059 -0.663747 -0.359202 0.656059 -0.668262 -0.350731 0.656059 -0.705666 -0.267624 0.656059 -0.713817 -0.245054 0.656059 -0.732779 -0.180614 0.656059 -0.749207 -0.0909702 0.656059 -0.744416 -0.124221 0.656059 -0.0909702 -0.749207 0.656059 0.180614 -0.732779 0.656059 0.986361 -0.164595 2.41589e-16 1 -1.35811e-22 2.44929e-16 1 1.37186e-11 2.44929e-16 0.789141 -0.614213 1.93284e-16 0.879474 -0.475947 2.15409e-16 0.873014 -0.487695 2.13827e-16 0.945817 -0.324699 2.31658e-16 0.985616 -0.169001 2.41406e-16 0.942877 -0.33314 2.30938e-16 0.524307 -0.851529 1.28418e-16 0.401695 -0.915773 9.8387e-17 0.546948 -0.837166 1.33964e-16 0.778036 -0.62822 1.90564e-16 0.660675 -0.750672 1.61819e-16 0.677282 -0.735724 1.65886e-16 0.0825794 -0.996584 2.02261e-17 0.0424412 -0.999099 1.03951e-17 -0.0825794 -0.996584 -2.02261e-17 0.245485 -0.9694 6.01266e-17 0.372857 -0.927889 9.13235e-17 0.210679 -0.977555 5.16015e-17 -0.546948 -0.837166 -1.33964e-16 -0.401695 -0.915773 -9.8387e-17 -0.450204 -0.892926 -1.10268e-16 -0.292823 -0.956167 -7.17209e-17 -0.245485 -0.9694 -6.01266e-17 -0.127018 -0.9919 -3.11104e-17 -0.82851 -0.559975 -2.02926e-16 -0.879474 -0.475947 -2.15409e-16 -0.78914 -0.614213 -1.93284e-16 -0.594633 -0.803997 -1.45643e-16 -0.721956 -0.691939 -1.76828e-16 -0.677282 -0.735724 -1.65886e-16 -0.986361 -0.164595 -2.41589e-16 -0.996397 -0.0848059 -2.44047e-16 -1 8.74228e-08 -2.44929e-16 -0.945817 -0.3247 -2.31658e-16 -0.911228 -0.411901 -2.23187e-16 -0.967733 -0.251978 -2.37026e-16 -0.879474 0.475947 -2.15409e-16 -0.945817 0.324699 -2.31658e-16 -0.911228 0.411901 -2.23187e-16 -0.967733 0.251978 -2.37026e-16 -0.986361 0.164595 -2.41589e-16 -0.996397 0.0848059 -2.44047e-16 -0.594633 0.803997 -1.45643e-16 -0.546948 0.837167 -1.33964e-16 -0.677282 0.735724 -1.65886e-16 -0.82851 0.559975 -2.02926e-16 -0.721956 0.691939 -1.76828e-16 -0.78914 0.614213 -1.93284e-16 -0.245486 0.9694 -6.01266e-17 -0.127018 0.9919 -3.11104e-17 -0.0825794 0.996584 -2.02261e-17 -0.401695 0.915773 -9.8387e-17 -0.450204 0.892926 -1.10268e-16 -0.292823 0.956167 -7.17209e-17 0.042441 0.999099 1.03951e-17 0.210679 0.977555 5.16015e-17 0.0825794 0.996584 2.02261e-17 0.372857 0.927889 9.13235e-17 0.245485 0.9694 6.01265e-17 0.401695 0.915773 9.8387e-17 0.524307 0.851529 1.28418e-16 0.660675 0.750672 1.61819e-16 0.546948 0.837166 1.33964e-16 0.778036 0.62822 1.90564e-16 0.677282 0.735724 1.65886e-16 0.78914 0.614213 1.93284e-16 0.873014 0.487695 2.13827e-16 0.942877 0.33314 2.30938e-16 0.879474 0.475948 2.15409e-16 0.985616 0.169001 2.41406e-16 0.945817 0.3247 2.31658e-16 0.986361 0.164595 2.41589e-16 -0.18527 0.731616 0.656059 -0.180614 0.732779 0.656059 -0.267624 0.705666 0.656059 0.75471 6.59788e-08 0.656059 0.749207 -0.0909702 0.656059 0.75471 6.59788e-08 0.656059 -0.350731 0.668262 0.656059 -0.303163 0.691143 0.656059 -0.428724 0.621114 0.656059 -0.412787 0.631818 0.656059 -0.511151 0.555258 0.656059 -0.500465 0.564908 0.656059 -0.564908 0.500465 0.656059 -0.595572 0.463552 0.656059 -0.663747 0.359202 0.656059 -0.621114 0.428724 0.656059 -0.668262 0.350731 0.656059 -0.713817 0.245054 0.656059 -0.732779 0.180614 0.656059 -0.705666 0.267624 0.656059 -0.744416 0.124221 0.656059 -0.749207 0.0909701 0.656059 -0.75471 -1.31958e-07 0.656059 -0.75471 2.27916e-07 0.656059 -0.0909702 0.749207 0.656059 -0.0623235 0.752132 0.656059 -8.99982e-09 0.75471 0.656059 0.0909702 0.749207 0.656059 0.0623235 0.752132 0.656059 0.180614 0.732779 0.656059 0.18527 0.731616 0.656059 0.303163 0.691143 0.656059 0.267624 0.705666 0.656059 0.412787 0.631818 0.656059 0.350731 0.668262 0.656059 0.500465 0.564908 0.656059 0.428724 0.621114 0.656059 0.511151 0.555258 0.656059 0.564908 0.500465 0.656059 0.595572 0.463552 0.656059 0.621114 0.428724 0.656059 0.668262 0.350731 0.656059 0.663747 0.359202 0.656059 0.705666 0.267624 0.656059 0.713817 0.245054 0.656059 0.744416 0.124221 0.656059 0.732779 0.180614 0.656059 0.749207 0.0909703 0.656059 0.732779 -0.180614 0.656059 0.744416 -0.124221 0.656059 0.621114 -0.428724 0.656059 0.668262 -0.350731 0.656059 0.663747 -0.359202 0.656059 0.713817 -0.245054 0.656059 0.705666 -0.267624 0.656059 0.511151 -0.555258 0.656059 0.428724 -0.621114 0.656059 0.500465 -0.564908 0.656059 0.595572 -0.463552 0.656059 0.564908 -0.500465 0.656059 0.303163 -0.691143 0.656059 0.18527 -0.731616 0.656059 0.267624 -0.705666 0.656059 0.350731 -0.668262 0.656059 0.412787 -0.631818 0.656059 -5.6979e-08 -0.75471 0.656059 0.0623235 -0.752132 0.656059 -0.0623234 -0.752132 0.656059 0.0909702 -0.749207 0.656059 -0.303163 -0.691143 0.656059 -0.267624 -0.705666 0.656059 -0.18527 -0.731616 0.656059 -0.180614 -0.732779 0.656059 -0.412787 -0.631818 0.656059 -0.511151 -0.555258 0.656059 -0.500465 -0.564908 0.656059 -0.350731 -0.668262 0.656059 -0.428724 -0.621114 0.656059 -0.595572 -0.463552 0.656059 -0.564908 -0.500465 0.656059 -0.621114 -0.428724 0.656059 -0.663747 -0.359202 0.656059 -0.668262 -0.350731 0.656059 -0.705666 -0.267624 0.656059 -0.713817 -0.245054 0.656059 -0.732779 -0.180614 0.656059 -0.749207 -0.0909702 0.656059 -0.744416 -0.124221 0.656059 -0.0909702 -0.749207 0.656059 0.180614 -0.732779 0.656059 0.986361 -0.164595 2.41589e-16 1 -1.35811e-22 2.44929e-16 1 1.37186e-11 2.44929e-16 0.789141 -0.614213 1.93284e-16 0.879474 -0.475947 2.15409e-16 0.873014 -0.487695 2.13827e-16 0.945817 -0.324699 2.31658e-16 0.985616 -0.169001 2.41406e-16 0.942877 -0.33314 2.30938e-16 0.524307 -0.851529 1.28418e-16 0.401695 -0.915773 9.8387e-17 0.546948 -0.837166 1.33964e-16 0.778036 -0.62822 1.90564e-16 0.660675 -0.750672 1.61819e-16 0.677282 -0.735724 1.65886e-16 0.0825794 -0.996584 2.02261e-17 0.0424412 -0.999099 1.03951e-17 -0.0825794 -0.996584 -2.02261e-17 0.245485 -0.9694 6.01266e-17 0.372857 -0.927889 9.13235e-17 0.210679 -0.977555 5.16015e-17 -0.546948 -0.837166 -1.33964e-16 -0.401696 -0.915773 -9.8387e-17 -0.450204 -0.892926 -1.10268e-16 -0.292823 -0.956167 -7.17209e-17 -0.245485 -0.9694 -6.01266e-17 -0.127018 -0.9919 -3.11104e-17 -0.82851 -0.559975 -2.02926e-16 -0.879474 -0.475947 -2.15409e-16 -0.789141 -0.614213 -1.93284e-16 -0.594633 -0.803997 -1.45643e-16 -0.721956 -0.691939 -1.76828e-16 -0.677282 -0.735724 -1.65886e-16 -0.986361 -0.164595 -2.41589e-16 -0.996397 -0.0848059 -2.44047e-16 -1 8.74228e-08 -2.44929e-16 -0.945817 -0.3247 -2.31658e-16 -0.911228 -0.411901 -2.23187e-16 -0.967733 -0.251978 -2.37026e-16 -0.879474 0.475947 -2.15409e-16 -0.945817 0.324699 -2.31658e-16 -0.911228 0.411901 -2.23187e-16 -0.967733 0.251978 -2.37026e-16 -0.986361 0.164595 -2.41589e-16 -0.996397 0.0848059 -2.44047e-16 -0.594633 0.803997 -1.45643e-16 -0.546948 0.837167 -1.33964e-16 -0.677282 0.735724 -1.65886e-16 -0.82851 0.559975 -2.02926e-16 -0.721956 0.691939 -1.76828e-16 -0.78914 0.614213 -1.93284e-16 -0.245485 0.9694 -6.01265e-17 -0.127018 0.9919 -3.11104e-17 -0.0825794 0.996584 -2.02261e-17 -0.401695 0.915773 -9.8387e-17 -0.450204 0.892926 -1.10268e-16 -0.292823 0.956167 -7.17209e-17 0.042441 0.999099 1.03951e-17 0.210679 0.977555 5.16015e-17 0.0825794 0.996584 2.02261e-17 0.372857 0.927889 9.13235e-17 0.245486 0.9694 6.01266e-17 0.401695 0.915773 9.8387e-17 0.524307 0.851529 1.28418e-16 0.660675 0.750672 1.61819e-16 0.546948 0.837166 1.33964e-16 0.778036 0.62822 1.90564e-16 0.677282 0.735724 1.65886e-16 0.78914 0.614213 1.93284e-16 0.873014 0.487695 2.13827e-16 0.942877 0.33314 2.30938e-16 0.879474 0.475948 2.15409e-16 0.985616 0.169001 2.41406e-16 0.945817 0.3247 2.31658e-16 0.986361 0.164595 2.41589e-16 -0.303163 0.691143 0.656059 -0.18527 0.731616 0.656059 -0.267624 0.705666 0.656059 0.75471 6.59788e-08 0.656059 0.749207 -0.0909702 0.656059 0.75471 6.59788e-08 0.656059 -0.350731 0.668262 0.656059 -0.412787 0.631818 0.656059 -0.428724 0.621114 0.656059 -0.511151 0.555258 0.656059 -0.500465 0.564908 0.656059 -0.564908 0.500465 0.656059 -0.621114 0.428724 0.656059 -0.595572 0.463552 0.656059 -0.668262 0.350731 0.656059 -0.663747 0.359202 0.656059 -0.713817 0.245054 0.656059 -0.705666 0.267624 0.656059 -0.732779 0.180614 0.656059 -0.744416 0.124221 0.656059 -0.75471 -1.31958e-07 0.656059 -0.749207 0.0909701 0.656059 -0.75471 2.27916e-07 0.656059 -0.180614 0.732779 0.656059 -0.0909702 0.749207 0.656059 -0.0623235 0.752132 0.656059 -8.99982e-09 0.75471 0.656059 0.0909702 0.749207 0.656059 0.0623235 0.752132 0.656059 0.180614 0.732779 0.656059 0.18527 0.731616 0.656059 0.303163 0.691143 0.656059 0.267624 0.705666 0.656059 0.412787 0.631818 0.656059 0.350731 0.668262 0.656059 0.500465 0.564908 0.656059 0.428724 0.621114 0.656059 0.511151 0.555258 0.656059 0.564908 0.500465 0.656059 0.595572 0.463552 0.656059 0.621114 0.428724 0.656059 0.668262 0.350731 0.656059 0.663747 0.359202 0.656059 0.705666 0.267624 0.656059 0.713817 0.245054 0.656059 0.744416 0.124221 0.656059 0.732779 0.180614 0.656059 0.749207 0.0909703 0.656059 0.732779 -0.180614 0.656059 0.744416 -0.124221 0.656059 0.621114 -0.428724 0.656059 0.668262 -0.350731 0.656059 0.663747 -0.359202 0.656059 0.713817 -0.245054 0.656059 0.705666 -0.267624 0.656059 0.511151 -0.555258 0.656059 0.428724 -0.621114 0.656059 0.500465 -0.564908 0.656059 0.595572 -0.463552 0.656059 0.564908 -0.500465 0.656059 0.303163 -0.691143 0.656059 0.18527 -0.731616 0.656059 0.267624 -0.705666 0.656059 0.350731 -0.668262 0.656059 0.412787 -0.631818 0.656059 -5.6979e-08 -0.75471 0.656059 0.0623235 -0.752132 0.656059 -0.0623234 -0.752132 0.656059 0.0909702 -0.749207 0.656059 -0.303163 -0.691143 0.656059 -0.267624 -0.705666 0.656059 -0.18527 -0.731616 0.656059 -0.180614 -0.732779 0.656059 -0.412787 -0.631818 0.656059 -0.511151 -0.555258 0.656059 -0.500465 -0.564908 0.656059 -0.350731 -0.668262 0.656059 -0.428724 -0.621114 0.656059 -0.595572 -0.463552 0.656059 -0.564908 -0.500465 0.656059 -0.621114 -0.428724 0.656059 -0.663747 -0.359202 0.656059 -0.668262 -0.350731 0.656059 -0.705666 -0.267624 0.656059 -0.713817 -0.245054 0.656059 -0.732779 -0.180614 0.656059 -0.749207 -0.0909702 0.656059 -0.744416 -0.124221 0.656059 -0.0909702 -0.749207 0.656059 0.180614 -0.732779 0.656059 0.986361 -0.164595 2.41589e-16 1 -1.35811e-22 2.44929e-16 1 1.37186e-11 2.44929e-16 0.789141 -0.614213 1.93284e-16 0.879474 -0.475947 2.15409e-16 0.873014 -0.487695 2.13827e-16 0.945817 -0.324699 2.31658e-16 0.985616 -0.169001 2.41406e-16 0.942877 -0.33314 2.30938e-16 0.524307 -0.851529 1.28418e-16 0.401695 -0.915773 9.8387e-17 0.546948 -0.837166 1.33964e-16 0.778036 -0.62822 1.90564e-16 0.660675 -0.750672 1.61819e-16 0.677282 -0.735724 1.65886e-16 0.0825794 -0.996584 2.02261e-17 0.0424412 -0.999099 1.03951e-17 -0.0825794 -0.996584 -2.02261e-17 0.245485 -0.9694 6.01266e-17 0.372857 -0.927889 9.13235e-17 0.210679 -0.977555 5.16015e-17 -0.546948 -0.837166 -1.33964e-16 -0.401695 -0.915773 -9.8387e-17 -0.450204 -0.892926 -1.10268e-16 -0.292823 -0.956167 -7.17209e-17 -0.245485 -0.9694 -6.01266e-17 -0.127018 -0.9919 -3.11104e-17 -0.82851 -0.559975 -2.02926e-16 -0.879474 -0.475947 -2.15409e-16 -0.78914 -0.614213 -1.93284e-16 -0.594633 -0.803997 -1.45643e-16 -0.721956 -0.691939 -1.76828e-16 -0.677282 -0.735724 -1.65886e-16 -0.986361 -0.164595 -2.41589e-16 -0.996397 -0.0848059 -2.44047e-16 -1 8.74228e-08 -2.44929e-16 -0.945817 -0.3247 -2.31658e-16 -0.911228 -0.411901 -2.23187e-16 -0.967733 -0.251978 -2.37026e-16 -0.879474 0.475947 -2.15409e-16 -0.945817 0.324699 -2.31658e-16 -0.911228 0.411901 -2.23187e-16 -0.967733 0.251978 -2.37026e-16 -0.986361 0.164595 -2.41589e-16 -0.996397 0.0848059 -2.44047e-16 -0.594633 0.803997 -1.45643e-16 -0.546948 0.837167 -1.33964e-16 -0.677282 0.735724 -1.65886e-16 -0.82851 0.559975 -2.02926e-16 -0.721956 0.691939 -1.76828e-16 -0.78914 0.614213 -1.93284e-16 -0.245486 0.9694 -6.01266e-17 -0.127018 0.9919 -3.11104e-17 -0.0825794 0.996584 -2.02261e-17 -0.401695 0.915773 -9.8387e-17 -0.450204 0.892926 -1.10268e-16 -0.292823 0.956167 -7.17209e-17 0.042441 0.999099 1.03951e-17 0.210679 0.977555 5.16015e-17 0.0825794 0.996584 2.02261e-17 0.372857 0.927889 9.13235e-17 0.245485 0.9694 6.01265e-17 0.401695 0.915773 9.8387e-17 0.524307 0.851529 1.28418e-16 0.660675 0.750672 1.61819e-16 0.546948 0.837166 1.33964e-16 0.778036 0.62822 1.90564e-16 0.677282 0.735724 1.65886e-16 0.78914 0.614213 1.93284e-16 0.873014 0.487695 2.13827e-16 0.942877 0.33314 2.30938e-16 0.879474 0.475948 2.15409e-16 0.985616 0.169001 2.41406e-16 0.945817 0.3247 2.31658e-16 0.986361 0.164595 2.41589e-16 -0.18527 0.731616 0.656059 -0.180614 0.732779 0.656059 -0.267624 0.705666 0.656059 0.75471 6.59788e-08 0.656059 0.749207 -0.0909702 0.656059 0.75471 6.59788e-08 0.656059 -0.350731 0.668262 0.656059 -0.303163 0.691143 0.656059 -0.428724 0.621114 0.656059 -0.412787 0.631818 0.656059 -0.511151 0.555258 0.656059 -0.500465 0.564908 0.656059 -0.564908 0.500465 0.656059 -0.595572 0.463552 0.656059 -0.663747 0.359202 0.656059 -0.621114 0.428724 0.656059 -0.668262 0.350731 0.656059 -0.713817 0.245054 0.656059 -0.732779 0.180614 0.656059 -0.705666 0.267624 0.656059 -0.744416 0.124221 0.656059 -0.749207 0.0909701 0.656059 -0.75471 -1.31958e-07 0.656059 -0.75471 2.27916e-07 0.656059 -0.0909702 0.749207 0.656059 -0.0623235 0.752132 0.656059 -8.99982e-09 0.75471 0.656059 0.0909702 0.749207 0.656059 0.0623235 0.752132 0.656059 0.180614 0.732779 0.656059 0.18527 0.731616 0.656059 0.303163 0.691143 0.656059 0.267624 0.705666 0.656059 0.412787 0.631818 0.656059 0.350731 0.668262 0.656059 0.500465 0.564908 0.656059 0.428724 0.621114 0.656059 0.511151 0.555258 0.656059 0.564908 0.500465 0.656059 0.595572 0.463552 0.656059 0.621114 0.428724 0.656059 0.668262 0.350731 0.656059 0.663747 0.359202 0.656059 0.705666 0.267624 0.656059 0.713817 0.245054 0.656059 0.744416 0.124221 0.656059 0.732779 0.180614 0.656059 0.749207 0.0909703 0.656059 0.732779 -0.180614 0.656059 0.744416 -0.124221 0.656059 0.621114 -0.428724 0.656059 0.668262 -0.350731 0.656059 0.663747 -0.359202 0.656059 0.713817 -0.245054 0.656059 0.705666 -0.267624 0.656059 0.511151 -0.555258 0.656059 0.428724 -0.621114 0.656059 0.500465 -0.564908 0.656059 0.595572 -0.463552 0.656059 0.564908 -0.500465 0.656059 0.303163 -0.691143 0.656059 0.18527 -0.731616 0.656059 0.267624 -0.705666 0.656059 0.350731 -0.668262 0.656059 0.412787 -0.631818 0.656059 -5.6979e-08 -0.75471 0.656059 0.0623235 -0.752132 0.656059 -0.0623234 -0.752132 0.656059 0.0909702 -0.749207 0.656059 -0.303163 -0.691143 0.656059 -0.267624 -0.705666 0.656059 -0.18527 -0.731616 0.656059 -0.180614 -0.732779 0.656059 -0.412787 -0.631818 0.656059 -0.511151 -0.555258 0.656059 -0.500465 -0.564908 0.656059 -0.350731 -0.668262 0.656059 -0.428724 -0.621114 0.656059 -0.595572 -0.463552 0.656059 -0.564908 -0.500465 0.656059 -0.621114 -0.428724 0.656059 -0.663747 -0.359202 0.656059 -0.668262 -0.350731 0.656059 -0.705666 -0.267624 0.656059 -0.713817 -0.245054 0.656059 -0.732779 -0.180614 0.656059 -0.749207 -0.0909702 0.656059 -0.744416 -0.124221 0.656059 -0.0909702 -0.749207 0.656059 0.180614 -0.732779 0.656059 0.986361 -0.164595 2.41589e-16 1 -1.35811e-22 2.44929e-16 1 1.37186e-11 2.44929e-16 0.789141 -0.614213 1.93284e-16 0.879474 -0.475947 2.15409e-16 0.873014 -0.487695 2.13827e-16 0.945817 -0.324699 2.31658e-16 0.985616 -0.169001 2.41406e-16 0.942877 -0.33314 2.30938e-16 0.524307 -0.851529 1.28418e-16 0.401695 -0.915773 9.8387e-17 0.546948 -0.837166 1.33964e-16 0.778036 -0.62822 1.90564e-16 0.660675 -0.750672 1.61819e-16 0.677282 -0.735724 1.65886e-16 0.0825794 -0.996584 2.02261e-17 0.0424412 -0.999099 1.03951e-17 -0.0825794 -0.996584 -2.02261e-17 0.245485 -0.9694 6.01266e-17 0.372857 -0.927889 9.13235e-17 0.210679 -0.977555 5.16015e-17 -0.546948 -0.837166 -1.33964e-16 -0.401696 -0.915773 -9.8387e-17 -0.450204 -0.892926 -1.10268e-16 -0.292823 -0.956167 -7.17209e-17 -0.245485 -0.9694 -6.01266e-17 -0.127018 -0.9919 -3.11104e-17 -0.82851 -0.559975 -2.02926e-16 -0.879474 -0.475947 -2.15409e-16 -0.789141 -0.614213 -1.93284e-16 -0.594633 -0.803997 -1.45643e-16 -0.721956 -0.691939 -1.76828e-16 -0.677282 -0.735724 -1.65886e-16 -0.986361 -0.164595 -2.41589e-16 -0.996397 -0.0848059 -2.44047e-16 -1 8.74228e-08 -2.44929e-16 -0.945817 -0.3247 -2.31658e-16 -0.911228 -0.411901 -2.23187e-16 -0.967733 -0.251978 -2.37026e-16 -0.879474 0.475947 -2.15409e-16 -0.945817 0.324699 -2.31658e-16 -0.911228 0.411901 -2.23187e-16 -0.967733 0.251978 -2.37026e-16 -0.986361 0.164595 -2.41589e-16 -0.996397 0.0848059 -2.44047e-16 -0.594633 0.803997 -1.45643e-16 -0.546948 0.837167 -1.33964e-16 -0.677282 0.735724 -1.65886e-16 -0.82851 0.559975 -2.02926e-16 -0.721956 0.691939 -1.76828e-16 -0.78914 0.614213 -1.93284e-16 -0.245485 0.9694 -6.01265e-17 -0.127018 0.9919 -3.11104e-17 -0.0825794 0.996584 -2.02261e-17 -0.401695 0.915773 -9.8387e-17 -0.450204 0.892926 -1.10268e-16 -0.292823 0.956167 -7.17209e-17 0.042441 0.999099 1.03951e-17 0.210679 0.977555 5.16015e-17 0.0825794 0.996584 2.02261e-17 0.372857 0.927889 9.13235e-17 0.245486 0.9694 6.01266e-17 0.401695 0.915773 9.8387e-17 0.524307 0.851529 1.28418e-16 0.660675 0.750672 1.61819e-16 0.546948 0.837166 1.33964e-16 0.778036 0.62822 1.90564e-16 0.677282 0.735724 1.65886e-16 0.78914 0.614213 1.93284e-16 0.873014 0.487695 2.13827e-16 0.942877 0.33314 2.30938e-16 0.879474 0.475948 2.15409e-16 0.985616 0.169001 2.41406e-16 0.945817 0.3247 2.31658e-16 0.986361 0.164595 2.41589e-16 -0.303163 0.691143 0.656059 -0.18527 0.731616 0.656059 -0.267624 0.705666 0.656059 0.75471 6.59788e-08 0.656059 0.749207 -0.0909702 0.656059 0.75471 6.59788e-08 0.656059 -0.350731 0.668262 0.656059 -0.412787 0.631818 0.656059 -0.428724 0.621114 0.656059 -0.511151 0.555258 0.656059 -0.500465 0.564908 0.656059 -0.564908 0.500465 0.656059 -0.621114 0.428724 0.656059 -0.595572 0.463552 0.656059 -0.668262 0.350731 0.656059 -0.663747 0.359202 0.656059 -0.713817 0.245054 0.656059 -0.705666 0.267624 0.656059 -0.732779 0.180614 0.656059 -0.744416 0.124221 0.656059 -0.75471 -1.31958e-07 0.656059 -0.749207 0.0909701 0.656059 -0.75471 2.27916e-07 0.656059 -0.180614 0.732779 0.656059 -0.0909702 0.749207 0.656059 -0.0623235 0.752132 0.656059 -8.99982e-09 0.75471 0.656059 0.0909702 0.749207 0.656059 0.0623235 0.752132 0.656059 0.180614 0.732779 0.656059 0.18527 0.731616 0.656059 0.303163 0.691143 0.656059 0.267624 0.705666 0.656059 0.412787 0.631818 0.656059 0.350731 0.668262 0.656059 0.500465 0.564908 0.656059 0.428724 0.621114 0.656059 0.511151 0.555258 0.656059 0.564908 0.500465 0.656059 0.595572 0.463552 0.656059 0.621114 0.428724 0.656059 0.668262 0.350731 0.656059 0.663747 0.359202 0.656059 0.705666 0.267624 0.656059 0.713817 0.245054 0.656059 0.744416 0.124221 0.656059 0.732779 0.180614 0.656059 0.749207 0.0909703 0.656059 0.732779 -0.180614 0.656059 0.744416 -0.124221 0.656059 0.621114 -0.428724 0.656059 0.668262 -0.350731 0.656059 0.663747 -0.359202 0.656059 0.713817 -0.245054 0.656059 0.705666 -0.267624 0.656059 0.511151 -0.555258 0.656059 0.428724 -0.621114 0.656059 0.500465 -0.564908 0.656059 0.595572 -0.463552 0.656059 0.564908 -0.500465 0.656059 0.303163 -0.691143 0.656059 0.18527 -0.731616 0.656059 0.267624 -0.705666 0.656059 0.350731 -0.668262 0.656059 0.412787 -0.631818 0.656059 -5.6979e-08 -0.75471 0.656059 0.0623235 -0.752132 0.656059 -0.0623234 -0.752132 0.656059 0.0909702 -0.749207 0.656059 -0.303163 -0.691143 0.656059 -0.267624 -0.705666 0.656059 -0.18527 -0.731616 0.656059 -0.180614 -0.732779 0.656059 -0.412787 -0.631818 0.656059 -0.511151 -0.555258 0.656059 -0.500465 -0.564908 0.656059 -0.350731 -0.668262 0.656059 -0.428724 -0.621114 0.656059 -0.595572 -0.463552 0.656059 -0.564908 -0.500465 0.656059 -0.621114 -0.428724 0.656059 -0.663747 -0.359202 0.656059 -0.668262 -0.350731 0.656059 -0.705666 -0.267624 0.656059 -0.713817 -0.245054 0.656059 -0.732779 -0.180614 0.656059 -0.749207 -0.0909702 0.656059 -0.744416 -0.124221 0.656059 -0.0909702 -0.749207 0.656059 0.180614 -0.732779 0.656059 0.986361 -0.164595 2.41589e-16 1 -1.35811e-22 2.44929e-16 1 1.37186e-11 2.44929e-16 0.789141 -0.614213 1.93284e-16 0.879474 -0.475947 2.15409e-16 0.873014 -0.487695 2.13827e-16 0.945817 -0.324699 2.31658e-16 0.985616 -0.169001 2.41406e-16 0.942877 -0.33314 2.30938e-16 0.524307 -0.851529 1.28418e-16 0.401695 -0.915773 9.8387e-17 0.546948 -0.837166 1.33964e-16 0.778036 -0.62822 1.90564e-16 0.660675 -0.750672 1.61819e-16 0.677282 -0.735724 1.65886e-16 0.0825794 -0.996584 2.02261e-17 0.0424412 -0.999099 1.03951e-17 -0.0825794 -0.996584 -2.02261e-17 0.245485 -0.9694 6.01266e-17 0.372857 -0.927889 9.13235e-17 0.210679 -0.977555 5.16015e-17 -0.546948 -0.837166 -1.33964e-16 -0.401696 -0.915773 -9.8387e-17 -0.450204 -0.892926 -1.10268e-16 -0.292823 -0.956167 -7.17209e-17 -0.245485 -0.9694 -6.01266e-17 -0.127018 -0.9919 -3.11104e-17 -0.82851 -0.559975 -2.02926e-16 -0.879474 -0.475947 -2.15409e-16 -0.789141 -0.614213 -1.93284e-16 -0.594633 -0.803997 -1.45643e-16 -0.721956 -0.691939 -1.76828e-16 -0.677282 -0.735724 -1.65886e-16 -0.986361 -0.164595 -2.41589e-16 -0.996397 -0.0848059 -2.44047e-16 -1 8.74228e-08 -2.44929e-16 -0.945817 -0.3247 -2.31658e-16 -0.911228 -0.411901 -2.23187e-16 -0.967733 -0.251978 -2.37026e-16 -0.879474 0.475947 -2.15409e-16 -0.945817 0.324699 -2.31658e-16 -0.911228 0.411901 -2.23187e-16 -0.967733 0.251978 -2.37026e-16 -0.986361 0.164595 -2.41589e-16 -0.996397 0.0848059 -2.44047e-16 -0.594633 0.803997 -1.45643e-16 -0.546948 0.837167 -1.33964e-16 -0.677282 0.735724 -1.65886e-16 -0.82851 0.559975 -2.02926e-16 -0.721956 0.691939 -1.76828e-16 -0.78914 0.614213 -1.93284e-16 -0.245485 0.9694 -6.01265e-17 -0.127018 0.9919 -3.11104e-17 -0.0825794 0.996584 -2.02261e-17 -0.401695 0.915773 -9.8387e-17 -0.450204 0.892926 -1.10268e-16 -0.292823 0.956167 -7.17209e-17 0.042441 0.999099 1.03951e-17 0.210679 0.977555 5.16015e-17 0.0825794 0.996584 2.02261e-17 0.372857 0.927889 9.13235e-17 0.245486 0.9694 6.01266e-17 0.401695 0.915773 9.8387e-17 0.524307 0.851529 1.28418e-16 0.660675 0.750672 1.61819e-16 0.546948 0.837166 1.33964e-16 0.778036 0.62822 1.90564e-16 0.677282 0.735724 1.65886e-16 0.78914 0.614213 1.93284e-16 0.873014 0.487695 2.13827e-16 0.942877 0.33314 2.30938e-16 0.879474 0.475948 2.15409e-16 0.985616 0.169001 2.41406e-16 0.945817 0.3247 2.31658e-16 0.986361 0.164595 2.41589e-16 -0.18527 0.731616 0.656059 -0.180614 0.732779 0.656059 -0.267624 0.705666 0.656059 0.75471 6.59788e-08 0.656059 0.749207 -0.0909702 0.656059 0.75471 6.59788e-08 0.656059 -0.350731 0.668262 0.656059 -0.303163 0.691143 0.656059 -0.428724 0.621114 0.656059 -0.412787 0.631818 0.656059 -0.511151 0.555258 0.656059 -0.500465 0.564908 0.656059 -0.564908 0.500465 0.656059 -0.595572 0.463552 0.656059 -0.663747 0.359202 0.656059 -0.621114 0.428724 0.656059 -0.668262 0.350731 0.656059 -0.713817 0.245054 0.656059 -0.732779 0.180614 0.656059 -0.705666 0.267624 0.656059 -0.744416 0.124221 0.656059 -0.749207 0.0909701 0.656059 -0.75471 -1.31958e-07 0.656059 -0.75471 2.27916e-07 0.656059 -0.0909702 0.749207 0.656059 -0.0623235 0.752132 0.656059 -8.99982e-09 0.75471 0.656059 0.0909702 0.749207 0.656059 0.0623235 0.752132 0.656059 0.180614 0.732779 0.656059 0.18527 0.731616 0.656059 0.303163 0.691143 0.656059 0.267624 0.705666 0.656059 0.412787 0.631818 0.656059 0.350731 0.668262 0.656059 0.500465 0.564908 0.656059 0.428724 0.621114 0.656059 0.511151 0.555258 0.656059 0.564908 0.500465 0.656059 0.595572 0.463552 0.656059 0.621114 0.428724 0.656059 0.668262 0.350731 0.656059 0.663747 0.359202 0.656059 0.705666 0.267624 0.656059 0.713817 0.245054 0.656059 0.744416 0.124221 0.656059 0.732779 0.180614 0.656059 0.749207 0.0909703 0.656059 0.732779 -0.180614 0.656059 0.744416 -0.124221 0.656059 0.621114 -0.428724 0.656059 0.668262 -0.350731 0.656059 0.663747 -0.359202 0.656059 0.713817 -0.245054 0.656059 0.705666 -0.267624 0.656059 0.511151 -0.555258 0.656059 0.428724 -0.621114 0.656059 0.500465 -0.564908 0.656059 0.595572 -0.463552 0.656059 0.564908 -0.500465 0.656059 0.303163 -0.691143 0.656059 0.18527 -0.731616 0.656059 0.267624 -0.705666 0.656059 0.350731 -0.668262 0.656059 0.412787 -0.631818 0.656059 -5.6979e-08 -0.75471 0.656059 0.0623235 -0.752132 0.656059 -0.0623234 -0.752132 0.656059 0.0909702 -0.749207 0.656059 -0.303163 -0.691143 0.656059 -0.267624 -0.705666 0.656059 -0.18527 -0.731616 0.656059 -0.180614 -0.732779 0.656059 -0.412787 -0.631818 0.656059 -0.511151 -0.555258 0.656059 -0.500465 -0.564908 0.656059 -0.350731 -0.668262 0.656059 -0.428724 -0.621114 0.656059 -0.595572 -0.463552 0.656059 -0.564908 -0.500465 0.656059 -0.621114 -0.428724 0.656059 -0.663747 -0.359202 0.656059 -0.668262 -0.350731 0.656059 -0.705666 -0.267624 0.656059 -0.713817 -0.245054 0.656059 -0.732779 -0.180614 0.656059 -0.749207 -0.0909702 0.656059 -0.744416 -0.124221 0.656059 -0.0909702 -0.749207 0.656059 0.180614 -0.732779 0.656059 0.986361 -0.164595 2.41589e-16 1 -1.35811e-22 2.44929e-16 1 1.37186e-11 2.44929e-16 0.789141 -0.614213 1.93284e-16 0.879474 -0.475947 2.15409e-16 0.873014 -0.487695 2.13827e-16 0.945817 -0.324699 2.31658e-16 0.985616 -0.169001 2.41406e-16 0.942877 -0.33314 2.30938e-16 0.524307 -0.851529 1.28418e-16 0.401695 -0.915773 9.8387e-17 0.546948 -0.837166 1.33964e-16 0.778036 -0.62822 1.90564e-16 0.660675 -0.750672 1.61819e-16 0.677282 -0.735724 1.65886e-16 0.0825794 -0.996584 2.02261e-17 0.0424412 -0.999099 1.03951e-17 -0.0825794 -0.996584 -2.02261e-17 0.245485 -0.9694 6.01266e-17 0.372857 -0.927889 9.13235e-17 0.210679 -0.977555 5.16015e-17 -0.546948 -0.837166 -1.33964e-16 -0.401696 -0.915773 -9.8387e-17 -0.450204 -0.892926 -1.10268e-16 -0.292823 -0.956167 -7.17209e-17 -0.245485 -0.9694 -6.01266e-17 -0.127018 -0.9919 -3.11104e-17 -0.82851 -0.559975 -2.02926e-16 -0.879474 -0.475947 -2.15409e-16 -0.789141 -0.614213 -1.93284e-16 -0.594633 -0.803997 -1.45643e-16 -0.721956 -0.691939 -1.76828e-16 -0.677282 -0.735724 -1.65886e-16 -0.986361 -0.164595 -2.41589e-16 -0.996397 -0.0848059 -2.44047e-16 -1 8.74228e-08 -2.44929e-16 -0.945817 -0.3247 -2.31658e-16 -0.911228 -0.411901 -2.23187e-16 -0.967733 -0.251978 -2.37026e-16 -0.879474 0.475947 -2.15409e-16 -0.945817 0.324699 -2.31658e-16 -0.911228 0.411901 -2.23187e-16 -0.967733 0.251978 -2.37026e-16 -0.986361 0.164595 -2.41589e-16 -0.996397 0.0848059 -2.44047e-16 -0.594633 0.803997 -1.45643e-16 -0.546948 0.837167 -1.33964e-16 -0.677282 0.735724 -1.65886e-16 -0.82851 0.559975 -2.02926e-16 -0.721956 0.691939 -1.76828e-16 -0.78914 0.614213 -1.93284e-16 -0.245485 0.9694 -6.01265e-17 -0.127018 0.9919 -3.11104e-17 -0.0825794 0.996584 -2.02261e-17 -0.401695 0.915773 -9.8387e-17 -0.450204 0.892926 -1.10268e-16 -0.292823 0.956167 -7.17209e-17 0.042441 0.999099 1.03951e-17 0.210679 0.977555 5.16015e-17 0.0825794 0.996584 2.02261e-17 0.372857 0.927889 9.13235e-17 0.245486 0.9694 6.01266e-17 0.401695 0.915773 9.8387e-17 0.524307 0.851529 1.28418e-16 0.660675 0.750672 1.61819e-16 0.546948 0.837166 1.33964e-16 0.778036 0.62822 1.90564e-16 0.677282 0.735724 1.65886e-16 0.78914 0.614213 1.93284e-16 0.873014 0.487695 2.13827e-16 0.942877 0.33314 2.30938e-16 0.879474 0.475948 2.15409e-16 0.985616 0.169001 2.41406e-16 0.945817 0.3247 2.31658e-16 0.986361 0.164595 2.41589e-16 -0.18527 0.731616 0.656059 -0.180614 0.732779 0.656059 -0.267624 0.705666 0.656059 0.75471 6.59788e-08 0.656059 0.749207 -0.0909702 0.656059 0.75471 6.59788e-08 0.656059 -0.350731 0.668262 0.656059 -0.303163 0.691143 0.656059 -0.428724 0.621114 0.656059 -0.412787 0.631818 0.656059 -0.511151 0.555258 0.656059 -0.500465 0.564908 0.656059 -0.564908 0.500465 0.656059 -0.595572 0.463552 0.656059 -0.663747 0.359202 0.656059 -0.621114 0.428724 0.656059 -0.668262 0.350731 0.656059 -0.713817 0.245054 0.656059 -0.732779 0.180614 0.656059 -0.705666 0.267624 0.656059 -0.744416 0.124221 0.656059 -0.749207 0.0909701 0.656059 -0.75471 -1.31958e-07 0.656059 -0.75471 2.27916e-07 0.656059 -0.0909702 0.749207 0.656059 -0.0623235 0.752132 0.656059 -8.99982e-09 0.75471 0.656059 0.0909702 0.749207 0.656059 0.0623235 0.752132 0.656059 0.180614 0.732779 0.656059 0.18527 0.731616 0.656059 0.303163 0.691143 0.656059 0.267624 0.705666 0.656059 0.412787 0.631818 0.656059 0.350731 0.668262 0.656059 0.500465 0.564908 0.656059 0.428724 0.621114 0.656059 0.511151 0.555258 0.656059 0.564908 0.500465 0.656059 0.595572 0.463552 0.656059 0.621114 0.428724 0.656059 0.668262 0.350731 0.656059 0.663747 0.359202 0.656059 0.705666 0.267624 0.656059 0.713817 0.245054 0.656059 0.744416 0.124221 0.656059 0.732779 0.180614 0.656059 0.749207 0.0909703 0.656059 0.732779 -0.180614 0.656059 0.744416 -0.124221 0.656059 0.621114 -0.428724 0.656059 0.668262 -0.350731 0.656059 0.663747 -0.359202 0.656059 0.713817 -0.245054 0.656059 0.705666 -0.267624 0.656059 0.511151 -0.555258 0.656059 0.428724 -0.621114 0.656059 0.500465 -0.564908 0.656059 0.595572 -0.463552 0.656059 0.564908 -0.500465 0.656059 0.303163 -0.691143 0.656059 0.18527 -0.731616 0.656059 0.267624 -0.705666 0.656059 0.350731 -0.668262 0.656059 0.412787 -0.631818 0.656059 -5.6979e-08 -0.75471 0.656059 0.0623235 -0.752132 0.656059 -0.0623234 -0.752132 0.656059 0.0909702 -0.749207 0.656059 -0.303163 -0.691143 0.656059 -0.267624 -0.705666 0.656059 -0.18527 -0.731616 0.656059 -0.180614 -0.732779 0.656059 -0.412787 -0.631818 0.656059 -0.511151 -0.555258 0.656059 -0.500465 -0.564908 0.656059 -0.350731 -0.668262 0.656059 -0.428724 -0.621114 0.656059 -0.595572 -0.463552 0.656059 -0.564908 -0.500465 0.656059 -0.621114 -0.428724 0.656059 -0.663747 -0.359202 0.656059 -0.668262 -0.350731 0.656059 -0.705666 -0.267624 0.656059 -0.713817 -0.245054 0.656059 -0.732779 -0.180614 0.656059 -0.749207 -0.0909702 0.656059 -0.744416 -0.124221 0.656059 -0.0909702 -0.749207 0.656059 0.180614 -0.732779 0.656059 0.986361 -0.164595 2.41589e-16 1 -1.35811e-22 2.44929e-16 1 1.37186e-11 2.44929e-16 0.789141 -0.614213 1.93284e-16 0.879474 -0.475947 2.15409e-16 0.873014 -0.487695 2.13827e-16 0.945817 -0.324699 2.31658e-16 0.985616 -0.169001 2.41406e-16 0.942877 -0.33314 2.30938e-16 0.524307 -0.851529 1.28418e-16 0.401695 -0.915773 9.8387e-17 0.546948 -0.837166 1.33964e-16 0.778036 -0.62822 1.90564e-16 0.660675 -0.750672 1.61819e-16 0.677282 -0.735724 1.65886e-16 0.0825794 -0.996584 2.02261e-17 0.0424412 -0.999099 1.03951e-17 -0.0825794 -0.996584 -2.02261e-17 0.245485 -0.9694 6.01266e-17 0.372857 -0.927889 9.13235e-17 0.210679 -0.977555 5.16015e-17 -0.546948 -0.837166 -1.33964e-16 -0.401696 -0.915773 -9.8387e-17 -0.450204 -0.892926 -1.10268e-16 -0.292823 -0.956167 -7.17209e-17 -0.245485 -0.9694 -6.01266e-17 -0.127018 -0.9919 -3.11104e-17 -0.82851 -0.559975 -2.02926e-16 -0.879474 -0.475947 -2.15409e-16 -0.789141 -0.614213 -1.93284e-16 -0.594633 -0.803997 -1.45643e-16 -0.721956 -0.691939 -1.76828e-16 -0.677282 -0.735724 -1.65886e-16 -0.986361 -0.164595 -2.41589e-16 -0.996397 -0.0848059 -2.44047e-16 -1 8.74228e-08 -2.44929e-16 -0.945817 -0.3247 -2.31658e-16 -0.911228 -0.411901 -2.23187e-16 -0.967733 -0.251978 -2.37026e-16 -0.879474 0.475947 -2.15409e-16 -0.945817 0.324699 -2.31658e-16 -0.911228 0.411901 -2.23187e-16 -0.967733 0.251978 -2.37026e-16 -0.986361 0.164595 -2.41589e-16 -0.996397 0.0848059 -2.44047e-16 -0.594633 0.803997 -1.45643e-16 -0.546948 0.837167 -1.33964e-16 -0.677282 0.735724 -1.65886e-16 -0.82851 0.559975 -2.02926e-16 -0.721956 0.691939 -1.76828e-16 -0.78914 0.614213 -1.93284e-16 -0.245485 0.9694 -6.01265e-17 -0.127018 0.9919 -3.11104e-17 -0.0825794 0.996584 -2.02261e-17 -0.401695 0.915773 -9.8387e-17 -0.450204 0.892926 -1.10268e-16 -0.292823 0.956167 -7.17209e-17 0.042441 0.999099 1.03951e-17 0.210679 0.977555 5.16015e-17 0.0825794 0.996584 2.02261e-17 0.372857 0.927889 9.13235e-17 0.245486 0.9694 6.01266e-17 0.401695 0.915773 9.8387e-17 0.524307 0.851529 1.28418e-16 0.660675 0.750672 1.61819e-16 0.546948 0.837166 1.33964e-16 0.778036 0.62822 1.90564e-16 0.677282 0.735724 1.65886e-16 0.78914 0.614213 1.93284e-16 0.873014 0.487695 2.13827e-16 0.942877 0.33314 2.30938e-16 0.879474 0.475948 2.15409e-16 0.985616 0.169001 2.41406e-16 0.945817 0.3247 2.31658e-16 0.986361 0.164595 2.41589e-16 -0.18527 0.731616 0.656059 -0.180614 0.732779 0.656059 -0.267624 0.705666 0.656059 0.75471 6.59788e-08 0.656059 0.749207 -0.0909702 0.656059 0.75471 6.59788e-08 0.656059 -0.350731 0.668262 0.656059 -0.303163 0.691143 0.656059 -0.428724 0.621114 0.656059 -0.412787 0.631818 0.656059 -0.511151 0.555258 0.656059 -0.500465 0.564908 0.656059 -0.564908 0.500465 0.656059 -0.595572 0.463552 0.656059 -0.663747 0.359202 0.656059 -0.621114 0.428724 0.656059 -0.668262 0.350731 0.656059 -0.713817 0.245054 0.656059 -0.732779 0.180614 0.656059 -0.705666 0.267624 0.656059 -0.744416 0.124221 0.656059 -0.749207 0.0909701 0.656059 -0.75471 -1.31958e-07 0.656059 -0.75471 2.27916e-07 0.656059 -0.0909702 0.749207 0.656059 -0.0623235 0.752132 0.656059 -8.99982e-09 0.75471 0.656059 0.0909702 0.749207 0.656059 0.0623235 0.752132 0.656059 0.180614 0.732779 0.656059 0.18527 0.731616 0.656059 0.303163 0.691143 0.656059 0.267624 0.705666 0.656059 0.412787 0.631818 0.656059 0.350731 0.668262 0.656059 0.500465 0.564908 0.656059 0.428724 0.621114 0.656059 0.511151 0.555258 0.656059 0.564908 0.500465 0.656059 0.595572 0.463552 0.656059 0.621114 0.428724 0.656059 0.668262 0.350731 0.656059 0.663747 0.359202 0.656059 0.705666 0.267624 0.656059 0.713817 0.245054 0.656059 0.744416 0.124221 0.656059 0.732779 0.180614 0.656059 0.749207 0.0909703 0.656059 0.732779 -0.180614 0.656059 0.744416 -0.124221 0.656059 0.621114 -0.428724 0.656059 0.668262 -0.350731 0.656059 0.663747 -0.359202 0.656059 0.713817 -0.245054 0.656059 0.705666 -0.267624 0.656059 0.511151 -0.555258 0.656059 0.428724 -0.621114 0.656059 0.500465 -0.564908 0.656059 0.595572 -0.463552 0.656059 0.564908 -0.500465 0.656059 0.303163 -0.691143 0.656059 0.18527 -0.731616 0.656059 0.267624 -0.705666 0.656059 0.350731 -0.668262 0.656059 0.412787 -0.631818 0.656059 -5.6979e-08 -0.75471 0.656059 0.0623235 -0.752132 0.656059 -0.0623234 -0.752132 0.656059 0.0909702 -0.749207 0.656059 -0.303163 -0.691143 0.656059 -0.267624 -0.705666 0.656059 -0.18527 -0.731616 0.656059 -0.180614 -0.732779 0.656059 -0.412787 -0.631818 0.656059 -0.511151 -0.555258 0.656059 -0.500465 -0.564908 0.656059 -0.350731 -0.668262 0.656059 -0.428724 -0.621114 0.656059 -0.595572 -0.463552 0.656059 -0.564908 -0.500465 0.656059 -0.621114 -0.428724 0.656059 -0.663747 -0.359202 0.656059 -0.668262 -0.350731 0.656059 -0.705666 -0.267624 0.656059 -0.713817 -0.245054 0.656059 -0.732779 -0.180614 0.656059 -0.749207 -0.0909702 0.656059 -0.744416 -0.124221 0.656059 -0.0909702 -0.749207 0.656059 0.180614 -0.732779 0.656059 0.986361 -0.164595 2.41589e-16 1 -1.35811e-22 2.44929e-16 1 1.37186e-11 2.44929e-16 0.789141 -0.614213 1.93284e-16 0.879474 -0.475947 2.15409e-16 0.873014 -0.487695 2.13827e-16 0.945817 -0.324699 2.31658e-16 0.985616 -0.169001 2.41406e-16 0.942877 -0.33314 2.30938e-16 0.524307 -0.851529 1.28418e-16 0.401695 -0.915773 9.8387e-17 0.546948 -0.837166 1.33964e-16 0.778036 -0.62822 1.90564e-16 0.660675 -0.750672 1.61819e-16 0.677282 -0.735724 1.65886e-16 0.0825794 -0.996584 2.02261e-17 0.0424412 -0.999099 1.03951e-17 -0.0825794 -0.996584 -2.02261e-17 0.245485 -0.9694 6.01266e-17 0.372857 -0.927889 9.13235e-17 0.210679 -0.977555 5.16015e-17 -0.546948 -0.837166 -1.33964e-16 -0.401696 -0.915773 -9.8387e-17 -0.450204 -0.892926 -1.10268e-16 -0.292823 -0.956167 -7.17209e-17 -0.245485 -0.9694 -6.01266e-17 -0.127018 -0.9919 -3.11104e-17 -0.82851 -0.559975 -2.02926e-16 -0.879474 -0.475947 -2.15409e-16 -0.789141 -0.614213 -1.93284e-16 -0.594633 -0.803997 -1.45643e-16 -0.721956 -0.691939 -1.76828e-16 -0.677282 -0.735724 -1.65886e-16 -0.986361 -0.164595 -2.41589e-16 -0.996397 -0.0848059 -2.44047e-16 -1 8.74228e-08 -2.44929e-16 -0.945817 -0.3247 -2.31658e-16 -0.911228 -0.411901 -2.23187e-16 -0.967733 -0.251978 -2.37026e-16 -0.879474 0.475947 -2.15409e-16 -0.945817 0.324699 -2.31658e-16 -0.911228 0.411901 -2.23187e-16 -0.967733 0.251978 -2.37026e-16 -0.986361 0.164595 -2.41589e-16 -0.996397 0.0848059 -2.44047e-16 -0.594633 0.803997 -1.45643e-16 -0.546948 0.837167 -1.33964e-16 -0.677282 0.735724 -1.65886e-16 -0.82851 0.559975 -2.02926e-16 -0.721956 0.691939 -1.76828e-16 -0.78914 0.614213 -1.93284e-16 -0.245485 0.9694 -6.01265e-17 -0.127018 0.9919 -3.11104e-17 -0.0825794 0.996584 -2.02261e-17 -0.401695 0.915773 -9.8387e-17 -0.450204 0.892926 -1.10268e-16 -0.292823 0.956167 -7.17209e-17 0.042441 0.999099 1.03951e-17 0.210679 0.977555 5.16015e-17 0.0825794 0.996584 2.02261e-17 0.372857 0.927889 9.13235e-17 0.245486 0.9694 6.01266e-17 0.401695 0.915773 9.8387e-17 0.524307 0.851529 1.28418e-16 0.660675 0.750672 1.61819e-16 0.546948 0.837166 1.33964e-16 0.778036 0.62822 1.90564e-16 0.677282 0.735724 1.65886e-16 0.78914 0.614213 1.93284e-16 0.873014 0.487695 2.13827e-16 0.942877 0.33314 2.30938e-16 0.879474 0.475948 2.15409e-16 0.985616 0.169001 2.41406e-16 0.945817 0.3247 2.31658e-16 0.986361 0.164595 2.41589e-16 -0.18527 0.731616 0.656059 -0.180614 0.732779 0.656059 -0.267624 0.705666 0.656059 0.75471 6.59788e-08 0.656059 0.749207 -0.0909702 0.656059 0.75471 6.59788e-08 0.656059 -0.350731 0.668262 0.656059 -0.303163 0.691143 0.656059 -0.428724 0.621114 0.656059 -0.412787 0.631818 0.656059 -0.511151 0.555258 0.656059 -0.500465 0.564908 0.656059 -0.564908 0.500465 0.656059 -0.595572 0.463552 0.656059 -0.663747 0.359202 0.656059 -0.621114 0.428724 0.656059 -0.668262 0.350731 0.656059 -0.713817 0.245054 0.656059 -0.732779 0.180614 0.656059 -0.705666 0.267624 0.656059 -0.744416 0.124221 0.656059 -0.749207 0.0909701 0.656059 -0.75471 -1.31958e-07 0.656059 -0.75471 2.27916e-07 0.656059 -0.0909702 0.749207 0.656059 -0.0623235 0.752132 0.656059 -8.99982e-09 0.75471 0.656059 0.0909702 0.749207 0.656059 0.0623235 0.752132 0.656059 0.180614 0.732779 0.656059 0.18527 0.731616 0.656059 0.303163 0.691143 0.656059 0.267624 0.705666 0.656059 0.412787 0.631818 0.656059 0.350731 0.668262 0.656059 0.500465 0.564908 0.656059 0.428724 0.621114 0.656059 0.511151 0.555258 0.656059 0.564908 0.500465 0.656059 0.595572 0.463552 0.656059 0.621114 0.428724 0.656059 0.668262 0.350731 0.656059 0.663747 0.359202 0.656059 0.705666 0.267624 0.656059 0.713817 0.245054 0.656059 0.744416 0.124221 0.656059 0.732779 0.180614 0.656059 0.749207 0.0909703 0.656059 0.732779 -0.180614 0.656059 0.744416 -0.124221 0.656059 0.621114 -0.428724 0.656059 0.668262 -0.350731 0.656059 0.663747 -0.359202 0.656059 0.713817 -0.245054 0.656059 0.705666 -0.267624 0.656059 0.511151 -0.555258 0.656059 0.428724 -0.621114 0.656059 0.500465 -0.564908 0.656059 0.595572 -0.463552 0.656059 0.564908 -0.500465 0.656059 0.303163 -0.691143 0.656059 0.18527 -0.731616 0.656059 0.267624 -0.705666 0.656059 0.350731 -0.668262 0.656059 0.412787 -0.631818 0.656059 -5.6979e-08 -0.75471 0.656059 0.0623235 -0.752132 0.656059 -0.0623234 -0.752132 0.656059 0.0909702 -0.749207 0.656059 -0.303163 -0.691143 0.656059 -0.267624 -0.705666 0.656059 -0.18527 -0.731616 0.656059 -0.180614 -0.732779 0.656059 -0.412787 -0.631818 0.656059 -0.511151 -0.555258 0.656059 -0.500465 -0.564908 0.656059 -0.350731 -0.668262 0.656059 -0.428724 -0.621114 0.656059 -0.595572 -0.463552 0.656059 -0.564908 -0.500465 0.656059 -0.621114 -0.428724 0.656059 -0.663747 -0.359202 0.656059 -0.668262 -0.350731 0.656059 -0.705666 -0.267624 0.656059 -0.713817 -0.245054 0.656059 -0.732779 -0.180614 0.656059 -0.749207 -0.0909702 0.656059 -0.744416 -0.124221 0.656059 -0.0909702 -0.749207 0.656059 0.180614 -0.732779 0.656059 0.986361 -0.164595 2.41589e-16 1 3.89232e-23 2.44929e-16 1 1.37186e-11 2.44929e-16 0.789141 -0.614213 1.93284e-16 0.879474 -0.475947 2.15409e-16 0.873014 -0.487695 2.13827e-16 0.945817 -0.324699 2.31658e-16 0.985616 -0.169001 2.41406e-16 0.942877 -0.33314 2.30938e-16 0.524307 -0.851529 1.28418e-16 0.401695 -0.915773 9.8387e-17 0.546948 -0.837166 1.33964e-16 0.778036 -0.62822 1.90564e-16 0.660675 -0.750672 1.61819e-16 0.677282 -0.735724 1.65886e-16 0.0825794 -0.996584 2.02261e-17 0.0424412 -0.999099 1.03951e-17 -0.0825794 -0.996584 -2.02261e-17 0.245485 -0.9694 6.01266e-17 0.372857 -0.927889 9.13235e-17 0.210679 -0.977555 5.16015e-17 -0.546948 -0.837166 -1.33964e-16 -0.401696 -0.915773 -9.8387e-17 -0.450204 -0.892926 -1.10268e-16 -0.292823 -0.956167 -7.17209e-17 -0.245485 -0.9694 -6.01266e-17 -0.127018 -0.9919 -3.11104e-17 -0.82851 -0.559975 -2.02926e-16 -0.879474 -0.475947 -2.15409e-16 -0.789141 -0.614213 -1.93284e-16 -0.594633 -0.803997 -1.45643e-16 -0.721956 -0.691939 -1.76828e-16 -0.677282 -0.735724 -1.65886e-16 -0.986361 -0.164595 -2.41589e-16 -0.996397 -0.0848059 -2.44047e-16 -1 8.74228e-08 -2.44929e-16 -0.945817 -0.3247 -2.31658e-16 -0.911228 -0.411901 -2.23187e-16 -0.967733 -0.251978 -2.37026e-16 -0.879474 0.475947 -2.15409e-16 -0.945817 0.324699 -2.31658e-16 -0.911228 0.411901 -2.23187e-16 -0.967733 0.251978 -2.37026e-16 -0.986361 0.164595 -2.41589e-16 -0.996397 0.0848059 -2.44047e-16 -0.594633 0.803997 -1.45643e-16 -0.546948 0.837167 -1.33964e-16 -0.677282 0.735724 -1.65886e-16 -0.82851 0.559975 -2.02926e-16 -0.721956 0.691939 -1.76828e-16 -0.78914 0.614213 -1.93284e-16 -0.245485 0.9694 -6.01265e-17 -0.127018 0.9919 -3.11104e-17 -0.0825794 0.996584 -2.02261e-17 -0.401695 0.915773 -9.8387e-17 -0.450204 0.892926 -1.10268e-16 -0.292823 0.956167 -7.17209e-17 0.042441 0.999099 1.03951e-17 0.210679 0.977555 5.16015e-17 0.0825794 0.996584 2.02261e-17 0.372857 0.927889 9.13235e-17 0.245486 0.9694 6.01266e-17 0.401695 0.915773 9.8387e-17 0.524307 0.851529 1.28418e-16 0.660675 0.750672 1.61819e-16 0.546948 0.837166 1.33964e-16 0.778036 0.62822 1.90564e-16 0.677282 0.735724 1.65886e-16 0.78914 0.614213 1.93284e-16 0.873014 0.487695 2.13827e-16 0.942877 0.33314 2.30938e-16 0.879474 0.475948 2.15409e-16 0.985616 0.169001 2.41406e-16 0.945817 0.3247 2.31658e-16 0.986361 0.164595 2.41589e-16 -0.18527 0.731616 0.656059 -0.180614 0.732779 0.656059 -0.267624 0.705666 0.656059 0.75471 6.59788e-08 0.656059 0.749207 -0.0909702 0.656059 0.75471 6.59788e-08 0.656059 -0.350731 0.668262 0.656059 -0.303163 0.691143 0.656059 -0.428724 0.621114 0.656059 -0.412787 0.631818 0.656059 -0.511151 0.555258 0.656059 -0.500465 0.564908 0.656059 -0.564908 0.500465 0.656059 -0.595572 0.463552 0.656059 -0.663747 0.359202 0.656059 -0.621114 0.428724 0.656059 -0.668262 0.350731 0.656059 -0.713817 0.245054 0.656059 -0.732779 0.180614 0.656059 -0.705666 0.267624 0.656059 -0.744416 0.124221 0.656059 -0.749207 0.0909701 0.656059 -0.75471 -1.31958e-07 0.656059 -0.75471 2.27916e-07 0.656059 -0.0909702 0.749207 0.656059 -0.0623235 0.752132 0.656059 -8.99982e-09 0.75471 0.656059 0.0909702 0.749207 0.656059 0.0623235 0.752132 0.656059 0.180614 0.732779 0.656059 0.18527 0.731616 0.656059 0.303163 0.691143 0.656059 0.267624 0.705666 0.656059 0.412787 0.631818 0.656059 0.350731 0.668262 0.656059 0.500465 0.564908 0.656059 0.428724 0.621114 0.656059 0.511151 0.555258 0.656059 0.564908 0.500465 0.656059 0.595572 0.463552 0.656059 0.621114 0.428724 0.656059 0.668262 0.350731 0.656059 0.663747 0.359202 0.656059 0.705666 0.267624 0.656059 0.713817 0.245054 0.656059 0.744416 0.124221 0.656059 0.732779 0.180614 0.656059 0.749207 0.0909703 0.656059 0.732779 -0.180614 0.656059 0.744416 -0.124221 0.656059 0.621114 -0.428724 0.656059 0.668262 -0.350731 0.656059 0.663747 -0.359202 0.656059 0.713817 -0.245054 0.656059 0.705666 -0.267624 0.656059 0.511151 -0.555258 0.656059 0.428724 -0.621114 0.656059 0.500465 -0.564908 0.656059 0.595572 -0.463552 0.656059 0.564908 -0.500465 0.656059 0.303163 -0.691143 0.656059 0.18527 -0.731616 0.656059 0.267624 -0.705666 0.656059 0.350731 -0.668262 0.656059 0.412787 -0.631818 0.656059 -5.6979e-08 -0.75471 0.656059 0.0623235 -0.752132 0.656059 -0.0623234 -0.752132 0.656059 0.0909702 -0.749207 0.656059 -0.303163 -0.691143 0.656059 -0.267624 -0.705666 0.656059 -0.18527 -0.731616 0.656059 -0.180614 -0.732779 0.656059 -0.412787 -0.631818 0.656059 -0.511151 -0.555258 0.656059 -0.500465 -0.564908 0.656059 -0.350731 -0.668262 0.656059 -0.428724 -0.621114 0.656059 -0.595572 -0.463552 0.656059 -0.564908 -0.500465 0.656059 -0.621114 -0.428724 0.656059 -0.663747 -0.359202 0.656059 -0.668262 -0.350731 0.656059 -0.705666 -0.267624 0.656059 -0.713817 -0.245054 0.656059 -0.732779 -0.180614 0.656059 -0.749207 -0.0909702 0.656059 -0.744416 -0.124221 0.656059 -0.0909702 -0.749207 0.656059 0.180614 -0.732779 0.656059 0.986361 -0.164595 2.41589e-16 1 -1.35811e-22 2.44929e-16 1 1.37186e-11 2.44929e-16 0.789141 -0.614213 1.93284e-16 0.879474 -0.475947 2.15409e-16 0.873014 -0.487695 2.13827e-16 0.945817 -0.324699 2.31658e-16 0.985616 -0.169001 2.41406e-16 0.942877 -0.33314 2.30938e-16 0.524307 -0.851529 1.28418e-16 0.401695 -0.915773 9.8387e-17 0.546948 -0.837166 1.33964e-16 0.778036 -0.62822 1.90564e-16 0.660675 -0.750672 1.61819e-16 0.677282 -0.735724 1.65886e-16 0.0825794 -0.996584 2.02261e-17 0.0424412 -0.999099 1.03951e-17 -0.0825794 -0.996584 -2.02261e-17 0.245485 -0.9694 6.01266e-17 0.372857 -0.927889 9.13235e-17 0.210679 -0.977555 5.16015e-17 -0.546948 -0.837166 -1.33964e-16 -0.401696 -0.915773 -9.8387e-17 -0.450204 -0.892926 -1.10268e-16 -0.292823 -0.956167 -7.17209e-17 -0.245485 -0.9694 -6.01266e-17 -0.127018 -0.9919 -3.11104e-17 -0.82851 -0.559975 -2.02926e-16 -0.879474 -0.475947 -2.15409e-16 -0.789141 -0.614213 -1.93284e-16 -0.594633 -0.803997 -1.45643e-16 -0.721956 -0.691939 -1.76828e-16 -0.677282 -0.735724 -1.65886e-16 -0.986361 -0.164595 -2.41589e-16 -0.996397 -0.0848059 -2.44047e-16 -1 8.74228e-08 -2.44929e-16 -0.945817 -0.3247 -2.31658e-16 -0.911228 -0.411901 -2.23187e-16 -0.967733 -0.251978 -2.37026e-16 -0.879474 0.475947 -2.15409e-16 -0.945817 0.324699 -2.31658e-16 -0.911228 0.411901 -2.23187e-16 -0.967733 0.251978 -2.37026e-16 -0.986361 0.164595 -2.41589e-16 -0.996397 0.0848059 -2.44047e-16 -0.594633 0.803997 -1.45643e-16 -0.546948 0.837167 -1.33964e-16 -0.677282 0.735724 -1.65886e-16 -0.82851 0.559975 -2.02926e-16 -0.721956 0.691939 -1.76828e-16 -0.78914 0.614213 -1.93284e-16 -0.245485 0.9694 -6.01265e-17 -0.127018 0.9919 -3.11104e-17 -0.0825794 0.996584 -2.02261e-17 -0.401695 0.915773 -9.8387e-17 -0.450204 0.892926 -1.10268e-16 -0.292823 0.956167 -7.17209e-17 0.042441 0.999099 1.03951e-17 0.210679 0.977555 5.16015e-17 0.0825794 0.996584 2.02261e-17 0.372857 0.927889 9.13235e-17 0.245486 0.9694 6.01266e-17 0.401695 0.915773 9.8387e-17 0.524307 0.851529 1.28418e-16 0.660675 0.750672 1.61819e-16 0.546948 0.837166 1.33964e-16 0.778036 0.62822 1.90564e-16 0.677282 0.735724 1.65886e-16 0.78914 0.614213 1.93284e-16 0.873014 0.487695 2.13827e-16 0.942877 0.33314 2.30938e-16 0.879474 0.475948 2.15409e-16 0.985616 0.169001 2.41406e-16 0.945817 0.3247 2.31658e-16 0.986361 0.164595 2.41589e-16 -0.18527 0.731616 0.656059 -0.180614 0.732779 0.656059 -0.267624 0.705666 0.656059 0.75471 6.59788e-08 0.656059 0.749207 -0.0909702 0.656059 0.75471 6.59788e-08 0.656059 -0.350731 0.668262 0.656059 -0.303163 0.691143 0.656059 -0.428724 0.621114 0.656059 -0.412787 0.631818 0.656059 -0.511151 0.555258 0.656059 -0.500465 0.564908 0.656059 -0.564908 0.500465 0.656059 -0.595572 0.463552 0.656059 -0.663747 0.359202 0.656059 -0.621114 0.428724 0.656059 -0.668262 0.350731 0.656059 -0.713817 0.245054 0.656059 -0.732779 0.180614 0.656059 -0.705666 0.267624 0.656059 -0.744416 0.124221 0.656059 -0.749207 0.0909701 0.656059 -0.75471 -1.31958e-07 0.656059 -0.75471 2.27916e-07 0.656059 -0.0909702 0.749207 0.656059 -0.0623235 0.752132 0.656059 -8.99982e-09 0.75471 0.656059 0.0909702 0.749207 0.656059 0.0623235 0.752132 0.656059 0.180614 0.732779 0.656059 0.18527 0.731616 0.656059 0.303163 0.691143 0.656059 0.267624 0.705666 0.656059 0.412787 0.631818 0.656059 0.350731 0.668262 0.656059 0.500465 0.564908 0.656059 0.428724 0.621114 0.656059 0.511151 0.555258 0.656059 0.564908 0.500465 0.656059 0.595572 0.463552 0.656059 0.621114 0.428724 0.656059 0.668262 0.350731 0.656059 0.663747 0.359202 0.656059 0.705666 0.267624 0.656059 0.713817 0.245054 0.656059 0.744416 0.124221 0.656059 0.732779 0.180614 0.656059 0.749207 0.0909703 0.656059 0.732779 -0.180614 0.656059 0.744416 -0.124221 0.656059 0.621114 -0.428724 0.656059 0.668262 -0.350731 0.656059 0.663747 -0.359202 0.656059 0.713817 -0.245054 0.656059 0.705666 -0.267624 0.656059 0.511151 -0.555258 0.656059 0.428724 -0.621114 0.656059 0.500465 -0.564908 0.656059 0.595572 -0.463552 0.656059 0.564908 -0.500465 0.656059 0.303163 -0.691143 0.656059 0.18527 -0.731616 0.656059 0.267624 -0.705666 0.656059 0.350731 -0.668262 0.656059 0.412787 -0.631818 0.656059 -5.6979e-08 -0.75471 0.656059 0.0623235 -0.752132 0.656059 -0.0623234 -0.752132 0.656059 0.0909702 -0.749207 0.656059 -0.303163 -0.691143 0.656059 -0.267624 -0.705666 0.656059 -0.18527 -0.731616 0.656059 -0.180614 -0.732779 0.656059 -0.412787 -0.631818 0.656059 -0.511151 -0.555258 0.656059 -0.500465 -0.564908 0.656059 -0.350731 -0.668262 0.656059 -0.428724 -0.621114 0.656059 -0.595572 -0.463552 0.656059 -0.564908 -0.500465 0.656059 -0.621114 -0.428724 0.656059 -0.663747 -0.359202 0.656059 -0.668262 -0.350731 0.656059 -0.705666 -0.267624 0.656059 -0.713817 -0.245054 0.656059 -0.732779 -0.180614 0.656059 -0.749207 -0.0909702 0.656059 -0.744416 -0.124221 0.656059 -0.0909702 -0.749207 0.656059 0.180614 -0.732779 0.656059 0.986361 -0.164595 2.41589e-16 1 3.89232e-23 2.44929e-16 1 1.37186e-11 2.44929e-16 0.789141 -0.614213 1.93284e-16 0.879474 -0.475947 2.15409e-16 0.873014 -0.487695 2.13827e-16 0.945817 -0.324699 2.31658e-16 0.985616 -0.169001 2.41406e-16 0.942877 -0.33314 2.30938e-16 0.524307 -0.851529 1.28418e-16 0.401695 -0.915773 9.8387e-17 0.546948 -0.837166 1.33964e-16 0.778036 -0.62822 1.90564e-16 0.660675 -0.750672 1.61819e-16 0.677282 -0.735724 1.65886e-16 0.0825794 -0.996584 2.02261e-17 0.0424412 -0.999099 1.03951e-17 -0.0825794 -0.996584 -2.02261e-17 0.245485 -0.9694 6.01266e-17 0.372857 -0.927889 9.13235e-17 0.210679 -0.977555 5.16015e-17 -0.546948 -0.837166 -1.33964e-16 -0.401696 -0.915773 -9.8387e-17 -0.450204 -0.892926 -1.10268e-16 -0.292823 -0.956167 -7.17209e-17 -0.245485 -0.9694 -6.01266e-17 -0.127018 -0.9919 -3.11104e-17 -0.82851 -0.559975 -2.02926e-16 -0.879474 -0.475947 -2.15409e-16 -0.789141 -0.614213 -1.93284e-16 -0.594633 -0.803997 -1.45643e-16 -0.721956 -0.691939 -1.76828e-16 -0.677282 -0.735724 -1.65886e-16 -0.986361 -0.164595 -2.41589e-16 -0.996397 -0.0848059 -2.44047e-16 -1 8.74228e-08 -2.44929e-16 -0.945817 -0.3247 -2.31658e-16 -0.911228 -0.411901 -2.23187e-16 -0.967733 -0.251978 -2.37026e-16 -0.879474 0.475947 -2.15409e-16 -0.945817 0.324699 -2.31658e-16 -0.911228 0.411901 -2.23187e-16 -0.967733 0.251978 -2.37026e-16 -0.986361 0.164595 -2.41589e-16 -0.996397 0.0848059 -2.44047e-16 -0.594633 0.803997 -1.45643e-16 -0.546948 0.837167 -1.33964e-16 -0.677282 0.735724 -1.65886e-16 -0.82851 0.559975 -2.02926e-16 -0.721956 0.691939 -1.76828e-16 -0.78914 0.614213 -1.93284e-16 -0.245485 0.9694 -6.01265e-17 -0.127018 0.9919 -3.11104e-17 -0.0825794 0.996584 -2.02261e-17 -0.401695 0.915773 -9.8387e-17 -0.450204 0.892926 -1.10268e-16 -0.292823 0.956167 -7.17209e-17 0.042441 0.999099 1.03951e-17 0.210679 0.977555 5.16015e-17 0.0825794 0.996584 2.02261e-17 0.372857 0.927889 9.13235e-17 0.245486 0.9694 6.01266e-17 0.401695 0.915773 9.8387e-17 0.524307 0.851529 1.28418e-16 0.660675 0.750672 1.61819e-16 0.546948 0.837166 1.33964e-16 0.778036 0.62822 1.90564e-16 0.677282 0.735724 1.65886e-16 0.78914 0.614213 1.93284e-16 0.873014 0.487695 2.13827e-16 0.942877 0.33314 2.30938e-16 0.879474 0.475948 2.15409e-16 0.985616 0.169001 2.41406e-16 0.945817 0.3247 2.31658e-16 0.986361 0.164595 2.41589e-16 -0.303163 0.691143 0.656059 -0.18527 0.731616 0.656059 -0.267624 0.705666 0.656059 0.75471 6.59788e-08 0.656059 0.749207 -0.0909702 0.656059 0.75471 6.59788e-08 0.656059 -0.350731 0.668262 0.656059 -0.412787 0.631818 0.656059 -0.428724 0.621114 0.656059 -0.511151 0.555258 0.656059 -0.500465 0.564908 0.656059 -0.564908 0.500465 0.656059 -0.621114 0.428724 0.656059 -0.595572 0.463552 0.656059 -0.668262 0.350731 0.656059 -0.663747 0.359202 0.656059 -0.713817 0.245054 0.656059 -0.705666 0.267624 0.656059 -0.732779 0.180614 0.656059 -0.744416 0.124221 0.656059 -0.75471 -1.31958e-07 0.656059 -0.749207 0.0909701 0.656059 -0.75471 2.27916e-07 0.656059 -0.180614 0.732779 0.656059 -0.0909702 0.749207 0.656059 -0.0623235 0.752132 0.656059 -8.99982e-09 0.75471 0.656059 0.0909702 0.749207 0.656059 0.0623235 0.752132 0.656059 0.180614 0.732779 0.656059 0.18527 0.731616 0.656059 0.303163 0.691143 0.656059 0.267624 0.705666 0.656059 0.412787 0.631818 0.656059 0.350731 0.668262 0.656059 0.500465 0.564908 0.656059 0.428724 0.621114 0.656059 0.511151 0.555258 0.656059 0.564908 0.500465 0.656059 0.595572 0.463552 0.656059 0.621114 0.428724 0.656059 0.668262 0.350731 0.656059 0.663747 0.359202 0.656059 0.705666 0.267624 0.656059 0.713817 0.245054 0.656059 0.744416 0.124221 0.656059 0.732779 0.180614 0.656059 0.749207 0.0909703 0.656059 0.732779 -0.180614 0.656059 0.744416 -0.124221 0.656059 0.621114 -0.428724 0.656059 0.668262 -0.350731 0.656059 0.663747 -0.359202 0.656059 0.713817 -0.245054 0.656059 0.705666 -0.267624 0.656059 0.511151 -0.555258 0.656059 0.428724 -0.621114 0.656059 0.500465 -0.564908 0.656059 0.595572 -0.463552 0.656059 0.564908 -0.500465 0.656059 0.303163 -0.691143 0.656059 0.18527 -0.731616 0.656059 0.267624 -0.705666 0.656059 0.350731 -0.668262 0.656059 0.412787 -0.631818 0.656059 -5.6979e-08 -0.75471 0.656059 0.0623235 -0.752132 0.656059 -0.0623234 -0.752132 0.656059 0.0909702 -0.749207 0.656059 -0.303163 -0.691143 0.656059 -0.267624 -0.705666 0.656059 -0.18527 -0.731616 0.656059 -0.180614 -0.732779 0.656059 -0.412787 -0.631818 0.656059 -0.511151 -0.555258 0.656059 -0.500465 -0.564908 0.656059 -0.350731 -0.668262 0.656059 -0.428724 -0.621114 0.656059 -0.595572 -0.463552 0.656059 -0.564908 -0.500465 0.656059 -0.621114 -0.428724 0.656059 -0.663747 -0.359202 0.656059 -0.668262 -0.350731 0.656059 -0.705666 -0.267624 0.656059 -0.713817 -0.245054 0.656059 -0.732779 -0.180614 0.656059 -0.749207 -0.0909702 0.656059 -0.744416 -0.124221 0.656059 -0.0909702 -0.749207 0.656059 0.180614 -0.732779 0.656059 0.986361 -0.164595 2.41589e-16 1 -1.35811e-22 2.44929e-16 1 1.37186e-11 2.44929e-16 0.789141 -0.614213 1.93284e-16 0.879474 -0.475947 2.15409e-16 0.873014 -0.487695 2.13827e-16 0.945817 -0.324699 2.31658e-16 0.985616 -0.169001 2.41406e-16 0.942877 -0.33314 2.30938e-16 0.524307 -0.851529 1.28418e-16 0.401695 -0.915773 9.8387e-17 0.546948 -0.837166 1.33964e-16 0.778036 -0.62822 1.90564e-16 0.660675 -0.750672 1.61819e-16 0.677282 -0.735724 1.65886e-16 0.0825794 -0.996584 2.02261e-17 0.0424412 -0.999099 1.03951e-17 -0.0825794 -0.996584 -2.02261e-17 0.245485 -0.9694 6.01266e-17 0.372857 -0.927889 9.13235e-17 0.210679 -0.977555 5.16015e-17 -0.546948 -0.837166 -1.33964e-16 -0.401695 -0.915773 -9.8387e-17 -0.450204 -0.892926 -1.10268e-16 -0.292823 -0.956167 -7.17209e-17 -0.245485 -0.9694 -6.01266e-17 -0.127018 -0.9919 -3.11104e-17 -0.82851 -0.559975 -2.02926e-16 -0.879474 -0.475947 -2.15409e-16 -0.78914 -0.614213 -1.93284e-16 -0.594633 -0.803997 -1.45643e-16 -0.721956 -0.691939 -1.76828e-16 -0.677282 -0.735724 -1.65886e-16 -0.986361 -0.164595 -2.41589e-16 -0.996397 -0.0848059 -2.44047e-16 -1 8.74228e-08 -2.44929e-16 -0.945817 -0.3247 -2.31658e-16 -0.911228 -0.411901 -2.23187e-16 -0.967733 -0.251978 -2.37026e-16 -0.879474 0.475947 -2.15409e-16 -0.945817 0.324699 -2.31658e-16 -0.911228 0.411901 -2.23187e-16 -0.967733 0.251978 -2.37026e-16 -0.986361 0.164595 -2.41589e-16 -0.996397 0.0848059 -2.44047e-16 -0.594633 0.803997 -1.45643e-16 -0.546948 0.837167 -1.33964e-16 -0.677282 0.735724 -1.65886e-16 -0.82851 0.559975 -2.02926e-16 -0.721956 0.691939 -1.76828e-16 -0.78914 0.614213 -1.93284e-16 -0.245486 0.9694 -6.01266e-17 -0.127018 0.9919 -3.11104e-17 -0.0825794 0.996584 -2.02261e-17 -0.401695 0.915773 -9.8387e-17 -0.450204 0.892926 -1.10268e-16 -0.292823 0.956167 -7.17209e-17 0.042441 0.999099 1.03951e-17 0.210679 0.977555 5.16015e-17 0.0825794 0.996584 2.02261e-17 0.372857 0.927889 9.13235e-17 0.245485 0.9694 6.01265e-17 0.401695 0.915773 9.8387e-17 0.524307 0.851529 1.28418e-16 0.660675 0.750672 1.61819e-16 0.546948 0.837166 1.33964e-16 0.778036 0.62822 1.90564e-16 0.677282 0.735724 1.65886e-16 0.78914 0.614213 1.93284e-16 0.873014 0.487695 2.13827e-16 0.942877 0.33314 2.30938e-16 0.879474 0.475948 2.15409e-16 0.985616 0.169001 2.41406e-16 0.945817 0.3247 2.31658e-16 0.986361 0.164595 2.41589e-16 -0.18527 0.731616 0.656059 -0.180614 0.732779 0.656059 -0.267624 0.705666 0.656059 0.75471 6.59788e-08 0.656059 0.749207 -0.0909702 0.656059 0.75471 6.59788e-08 0.656059 -0.350731 0.668262 0.656059 -0.303163 0.691143 0.656059 -0.428724 0.621114 0.656059 -0.412787 0.631818 0.656059 -0.511151 0.555258 0.656059 -0.500465 0.564908 0.656059 -0.564908 0.500465 0.656059 -0.595572 0.463552 0.656059 -0.663747 0.359202 0.656059 -0.621114 0.428724 0.656059 -0.668262 0.350731 0.656059 -0.713817 0.245054 0.656059 -0.732779 0.180614 0.656059 -0.705666 0.267624 0.656059 -0.744416 0.124221 0.656059 -0.749207 0.0909701 0.656059 -0.75471 -1.31958e-07 0.656059 -0.75471 2.27916e-07 0.656059 -0.0909702 0.749207 0.656059 -0.0623235 0.752132 0.656059 -8.99982e-09 0.75471 0.656059 0.0909702 0.749207 0.656059 0.0623235 0.752132 0.656059 0.180614 0.732779 0.656059 0.18527 0.731616 0.656059 0.303163 0.691143 0.656059 0.267624 0.705666 0.656059 0.412787 0.631818 0.656059 0.350731 0.668262 0.656059 0.500465 0.564908 0.656059 0.428724 0.621114 0.656059 0.511151 0.555258 0.656059 0.564908 0.500465 0.656059 0.595572 0.463552 0.656059 0.621114 0.428724 0.656059 0.668262 0.350731 0.656059 0.663747 0.359202 0.656059 0.705666 0.267624 0.656059 0.713817 0.245054 0.656059 0.744416 0.124221 0.656059 0.732779 0.180614 0.656059 0.749207 0.0909703 0.656059 0.732779 -0.180614 0.656059 0.744416 -0.124221 0.656059 0.621114 -0.428724 0.656059 0.668262 -0.350731 0.656059 0.663747 -0.359202 0.656059 0.713817 -0.245054 0.656059 0.705666 -0.267624 0.656059 0.511151 -0.555258 0.656059 0.428724 -0.621114 0.656059 0.500465 -0.564908 0.656059 0.595572 -0.463552 0.656059 0.564908 -0.500465 0.656059 0.303163 -0.691143 0.656059 0.18527 -0.731616 0.656059 0.267624 -0.705666 0.656059 0.350731 -0.668262 0.656059 0.412787 -0.631818 0.656059 -5.6979e-08 -0.75471 0.656059 0.0623235 -0.752132 0.656059 -0.0623234 -0.752132 0.656059 0.0909702 -0.749207 0.656059 -0.303163 -0.691143 0.656059 -0.267624 -0.705666 0.656059 -0.18527 -0.731616 0.656059 -0.180614 -0.732779 0.656059 -0.412787 -0.631818 0.656059 -0.511151 -0.555258 0.656059 -0.500465 -0.564908 0.656059 -0.350731 -0.668262 0.656059 -0.428724 -0.621114 0.656059 -0.595572 -0.463552 0.656059 -0.564908 -0.500465 0.656059 -0.621114 -0.428724 0.656059 -0.663747 -0.359202 0.656059 -0.668262 -0.350731 0.656059 -0.705666 -0.267624 0.656059 -0.713817 -0.245054 0.656059 -0.732779 -0.180614 0.656059 -0.749207 -0.0909702 0.656059 -0.744416 -0.124221 0.656059 -0.0909702 -0.749207 0.656059 0.180614 -0.732779 0.656059 -0.042441 0.999099 -1.03951e-17 -0.210679 0.977555 -5.16015e-17 -0.0825794 0.996584 -2.02261e-17 0.996397 -0.0848059 2.44047e-16 0.996397 0.0848059 2.44047e-16 1 8.74228e-08 2.44929e-16 -0.372857 0.927889 -9.13235e-17 -0.245486 0.9694 -6.01266e-17 -0.401695 0.915773 -9.8387e-17 -0.524307 0.851529 -1.28418e-16 -0.660675 0.750672 -1.61819e-16 -0.546948 0.837166 -1.33964e-16 -0.778036 0.62822 -1.90564e-16 -0.677282 0.735724 -1.65886e-16 -0.78914 0.614213 -1.93284e-16 -0.873014 0.487695 -2.13827e-16 -0.942877 0.33314 -2.30938e-16 -0.879474 0.475948 -2.15409e-16 -0.985616 0.169001 -2.41406e-16 -0.945817 0.3247 -2.31658e-16 -0.986361 0.164595 -2.41589e-16 -1 3.01992e-07 -2.44929e-16 -1 -1.74846e-07 -2.44929e-16 0.0825794 0.996584 2.02261e-17 0.127018 0.9919 3.11104e-17 0.245486 0.9694 6.01266e-17 0.292823 0.956167 7.17209e-17 0.401695 0.915773 9.8387e-17 0.450204 0.892926 1.10268e-16 0.594633 0.803997 1.45643e-16 0.546948 0.837167 1.33964e-16 0.677282 0.735724 1.65886e-16 0.721956 0.691939 1.76828e-16 0.78914 0.614213 1.93284e-16 0.82851 0.559975 2.02926e-16 0.911228 0.411901 2.23187e-16 0.879474 0.475947 2.15409e-16 0.945817 0.324699 2.31658e-16 0.967733 0.251978 2.37026e-16 0.986361 0.164595 2.41589e-16 0.82851 -0.559975 2.02926e-16 0.911228 -0.411901 2.23187e-16 0.879474 -0.475947 2.15409e-16 0.967733 -0.251978 2.37026e-16 0.986361 -0.164595 2.41589e-16 0.945817 -0.3247 2.31658e-16 0.546948 -0.837166 1.33964e-16 0.450204 -0.892926 1.10268e-16 0.594633 -0.803997 1.45643e-16 0.789141 -0.614213 1.93284e-16 0.677282 -0.735724 1.65886e-16 0.721956 -0.691939 1.76828e-16 0.127018 -0.9919 3.11104e-17 0.0825794 -0.996584 2.02261e-17 -0.0424412 -0.999099 -1.03951e-17 0.292823 -0.956167 7.17209e-17 0.401695 -0.915773 9.8387e-17 0.245485 -0.9694 6.01266e-17 -0.524307 -0.851529 -1.28418e-16 -0.372857 -0.927889 -9.13235e-17 -0.401695 -0.915773 -9.8387e-17 -0.245485 -0.9694 -6.01266e-17 -0.210679 -0.977555 -5.16015e-17 -0.0825794 -0.996584 -2.02261e-17 -0.789141 -0.614213 -1.93284e-16 -0.778036 -0.62822 -1.90564e-16 -0.677282 -0.735724 -1.65886e-16 -0.546948 -0.837166 -1.33964e-16 -0.660675 -0.750672 -1.61819e-16 -0.873014 -0.487695 -2.13827e-16 -0.879474 -0.475947 -2.15409e-16 -0.945817 -0.324699 -2.31658e-16 -0.942877 -0.33314 -2.30938e-16 -0.986361 -0.164595 -2.41589e-16 -0.985616 -0.169001 -2.41406e-16</float_array>
          <technique_common>
            <accessor count="3814" source="#ID8" stride="3">
              <param name="X" type="float"/>
              <param name="Y" type="float"/>
              <param name="Z" type="float"/>
            </accessor>
          </technique_common>
        </source>
        <vertices id="ID9">
          <input semantic="POSITION" source="#ID5"/>
          <input semantic="NORMAL" source="#ID7"/>
        </vertices>
        <triangles count="3834" material="ID10">
          <input offset="0" semantic="VERTEX" source="#ID9"/>
          <p>0 1 2 0 2 3 4 5 6 6 7 4 8 9 10 11 12 13 14 15 16 17 18 19 20 21 22 23 24 25 22 26 27 28 29 30 31 32 33 34 35 36 37 38 39 40 41 42 43 44 45 46 47 48 49 50 51 52 53 54 55 56 57 12 58 59 11 58 12 60 61 62 59 63 12 64 65 66 67 56 55 56 68 69 70 8 71 72 71 8 73 8 74 8 70 74 8 75 9 8 73 75 8 76 77 10 76 8 78 52 77 8 77 52 12 52 79 52 78 53 80 52 81 52 54 81 82 52 83 52 80 83 84 52 85 52 82 85 52 86 79 52 84 86 87 12 88 12 79 88 89 12 90 12 87 90 91 12 92 12 89 92 93 12 94 12 91 94 13 12 95 12 93 95 96 97 98 99 100 101 102 103 98 104 105 106 107 108 109 110 111 112 113 114 115 105 116 106 117 118 102 119 120 121 122 123 124 25 125 120 25 120 119 126 37 127 128 34 129 130 37 131 37 132 131 133 37 134 37 130 134 39 135 37 37 133 38 37 136 137 135 136 37 138 139 140 141 142 143 101 100 144 145 144 100 144 145 29 146 147 140 99 147 146 139 146 140 148 149 150 151 152 153 104 154 155 156 157 112 158 159 160 110 161 97 104 155 105 96 110 97 19 18 162 139 138 156 138 157 156 147 99 101 163 28 30 30 29 145 164 163 150 163 164 28 164 150 149 143 142 148 149 148 142 165 37 137 166 167 141 143 166 141 165 137 167 165 167 166 37 168 169 165 168 37 37 170 171 169 170 37 37 172 173 171 172 37 17 174 18 173 175 37 176 177 178 49 162 50 162 49 19 51 50 179 180 181 182 183 184 185 152 151 186 187 188 189 190 112 111 191 192 193 194 195 157 196 197 160 198 199 197 160 159 196 187 200 188 201 42 202 42 203 202 204 42 205 42 201 205 118 103 102 206 109 207 208 209 210 211 212 213 117 214 118 154 158 155 112 161 110 190 111 191 185 193 192 193 190 191 200 184 183 183 185 192 215 216 177 200 187 184 188 217 189 153 218 217 189 217 218 151 219 186 152 218 153 177 216 178 220 186 219 221 222 223 16 224 225 226 42 227 226 180 42 228 56 229 56 230 42 227 42 230 231 230 56 232 42 233 234 32 31 235 42 236 42 232 236 203 42 235 215 222 216 237 238 239 240 241 242 219 243 244 245 243 219 233 42 180 219 246 245 247 248 246 249 250 251 22 37 252 253 254 255 256 257 258 259 260 261 253 259 261 14 16 225 262 22 263 264 265 266 267 224 16 268 239 269 270 239 271 239 241 240 272 239 273 239 270 273 274 239 275 239 272 275 276 239 277 239 274 277 237 239 278 239 276 278 238 279 239 239 280 281 279 280 239 282 283 284 285 281 286 287 288 289 290 291 292 221 223 289 288 221 289 42 293 294 295 296 206 42 297 298 294 297 42 299 35 300 42 301 302 298 301 42 303 304 305 303 306 304 106 307 304 305 304 307 114 119 121 307 106 116 158 154 159 198 308 199 196 198 197 309 310 308 199 308 310 157 161 112 309 311 312 312 310 309 194 311 195 311 194 312 161 157 195 103 96 98 117 313 214 210 209 313 214 313 209 208 210 212 107 211 213 211 208 212 207 109 108 108 107 213 295 206 207 314 296 295 42 204 314 314 204 296 315 42 316 42 314 316 293 42 317 42 315 317 318 319 320 321 322 323 44 324 325 43 324 44 44 326 327 325 326 44 44 328 329 327 328 44 330 46 329 44 329 46 46 331 47 46 330 331 332 56 48 46 48 56 333 56 334 56 332 334 57 56 335 56 333 335 56 67 68 56 69 336 337 338 339 336 340 56 341 337 339 72 342 71 342 321 323 72 321 342 343 44 12 62 344 345 320 319 346 347 61 60 348 44 343 349 350 348 351 44 352 44 348 352 353 44 354 44 351 354 45 44 353 355 356 357 306 358 359 35 357 360 356 360 357 361 35 362 35 360 362 363 35 364 35 361 364 365 35 366 35 363 366 35 367 300 35 365 367 368 369 370 299 369 35 114 121 115 306 303 358 122 359 371 359 358 371 124 359 122 123 372 373 373 124 123 302 372 374 372 302 373 375 42 374 302 374 42 376 42 377 42 375 40 378 42 379 42 41 379 42 380 377 42 378 380 381 357 376 42 376 357 382 357 383 357 381 383 384 357 385 357 382 385 355 357 386 357 384 386 132 37 387 388 34 389 113 307 116 114 113 116 307 390 370 390 307 113 368 36 369 390 368 370 369 36 35 391 34 392 34 36 392 34 393 129 34 391 393 34 394 395 128 394 34 396 397 398 395 389 34 399 396 388 34 388 396 400 396 401 396 399 401 402 396 403 396 400 403 396 404 397 396 402 404 37 396 405 398 405 396 406 37 407 37 405 407 408 37 409 37 406 409 127 37 410 37 408 410 126 411 37 387 412 132 411 387 37 24 23 412 132 412 23 25 24 125 413 414 239 264 415 416 417 418 419 420 22 421 22 27 421 22 420 20 22 422 423 21 422 22 419 423 417 22 423 419 419 424 425 418 424 419 426 264 425 419 425 264 22 427 263 264 426 415 428 264 429 264 416 429 430 264 431 264 428 431 432 264 433 264 430 433 264 434 265 264 432 434 16 264 435 266 435 264 16 435 267 239 436 271 437 436 239 255 438 253 438 255 439 262 440 22 22 441 442 443 22 444 22 445 444 446 22 447 22 443 447 26 22 446 220 179 50 448 449 450 451 174 452 174 451 18 453 454 452 451 452 454 455 453 175 455 454 453 37 175 456 453 456 175 457 37 458 37 456 458 37 457 252 459 22 460 22 252 460 461 22 462 22 459 462 441 22 463 22 461 463 442 427 22 254 253 261 464 22 465 440 465 22 260 259 445 445 22 260 22 464 260 255 254 256 258 257 251 256 254 257 466 250 249 250 258 251 466 449 448 449 466 249 450 467 448 32 467 33 450 33 467 468 469 247 180 182 233 219 244 220 179 220 244 341 470 471 472 473 468 474 56 475 56 476 475 56 474 229 56 477 478 228 477 56 478 231 56 181 479 480 480 182 181 481 473 472 479 481 472 479 472 480 245 246 482 469 468 473 482 246 248 469 248 247 243 234 483 483 244 243 234 31 483 176 234 484 64 66 485 281 486 239 487 488 489 234 176 32 490 491 492 493 494 340 178 32 176 318 471 470 495 492 491 495 496 497 341 339 470 494 493 498 499 56 500 501 56 502 503 56 504 56 499 504 505 56 506 56 503 506 476 56 505 241 507 242 508 269 239 239 240 508 239 268 509 413 239 510 239 509 510 414 437 239 511 436 512 271 436 511 512 439 513 511 512 513 439 514 438 514 439 512 14 514 15 438 514 14 515 16 516 16 15 516 517 16 518 16 515 518 519 16 520 16 517 520 521 522 16 523 16 524 16 519 524 525 16 526 16 523 526 527 16 528 16 525 528 16 527 521 529 241 522 16 522 241 530 241 531 241 529 531 532 241 533 241 530 533 534 241 535 241 532 535 507 241 536 241 534 536 493 340 336 288 287 292 56 340 502 537 490 492 538 539 540 541 500 501 497 488 542 543 544 542 542 488 543 544 545 484 545 544 543 545 176 484 222 215 223 546 291 290 290 292 287 547 546 548 546 547 291 282 284 548 547 548 284 283 282 549 549 550 551 551 283 549 286 550 285 550 286 551 486 281 285 552 8 486 239 486 8 553 8 554 8 552 554 555 8 556 8 553 556 557 8 558 8 555 558 559 8 560 8 557 560 561 8 562 8 559 562 72 8 563 8 561 563 470 319 318 564 487 565 338 566 485 337 566 338 338 485 66 498 65 567 567 65 64 498 567 494 491 496 495 500 56 501 500 568 540 568 500 541 538 569 539 568 538 540 570 537 492 571 570 569 539 569 570 570 571 537 497 496 489 565 487 489 488 497 489 345 564 565 62 61 344 345 344 564 347 60 572 322 572 573 572 322 347 574 323 573 322 573 323 575 574 63 575 323 574 576 12 574 63 574 12 348 343 349 577 12 578 12 576 578 12 579 343 12 577 579 349 580 350 581 346 580 350 580 346 320 346 581 582 583 584 585 586 587 588 589 590 591 592 593 594 595 596 597 598 599 600 601 602 603 604 605 606 607 600 608 609 610 611 612 613 614 615 604 616 617 618 619 620 621 622 623 624 625 609 626 627 626 628 626 629 628 630 626 631 626 627 631 632 626 633 626 630 633 634 626 635 626 632 635 636 626 637 626 634 637 638 626 639 626 636 639 626 638 625 640 609 641 609 625 641 642 609 643 609 640 643 644 609 645 609 642 645 646 609 647 609 644 647 609 646 610 609 648 649 608 648 609 649 650 609 609 651 652 650 651 609 653 624 652 609 652 624 654 624 655 624 653 655 656 624 657 624 654 657 623 658 624 624 656 622 624 659 660 658 659 624 598 661 662 660 663 624 664 665 666 597 661 598 667 668 669 670 671 672 673 674 675 676 677 626 665 678 679 680 681 682 682 676 626 683 626 684 626 685 684 686 626 687 626 683 687 629 626 686 688 689 690 691 692 693 694 695 696 697 620 698 699 700 701 696 702 703 704 705 706 707 704 701 708 709 710 710 711 712 713 714 715 716 717 718 719 720 721 614 722 615 723 724 725 726 719 723 611 725 724 613 727 728 729 730 731 691 693 732 691 728 727 733 734 693 692 735 693 732 693 736 693 737 738 735 737 693 693 739 740 738 739 693 693 741 742 740 741 693 743 744 745 742 746 693 747 748 749 585 749 748 747 750 751 750 747 749 752 753 754 750 755 751 756 757 758 759 760 761 689 688 762 763 690 764 765 766 767 768 769 770 771 772 773 774 770 769 775 776 777 778 779 780 781 782 783 784 785 786 787 788 789 790 694 789 621 791 792 793 794 795 614 604 603 721 720 795 796 797 605 798 799 800 801 797 796 802 731 803 801 803 731 621 792 619 804 593 805 806 807 808 600 624 809 810 811 812 813 600 814 815 816 817 818 819 820 821 822 823 824 825 826 734 827 693 828 693 829 830 831 808 832 808 833 834 693 821 835 808 836 693 837 736 838 693 839 693 834 839 840 693 841 693 838 841 693 840 837 728 691 732 612 727 613 724 612 611 723 725 726 719 726 720 794 793 713 721 795 794 715 714 716 713 793 714 708 718 717 718 715 716 711 710 709 709 708 717 706 712 711 704 707 705 706 705 712 701 700 707 699 702 700 703 694 696 699 703 702 582 584 842 584 583 722 698 843 697 583 615 722 844 786 785 801 796 803 799 845 846 798 845 799 847 848 849 846 850 799 851 852 853 849 848 853 854 855 856 729 857 730 857 858 859 860 729 731 802 861 731 861 860 731 861 862 863 802 862 861 605 797 603 843 842 697 582 842 843 698 620 619 791 787 792 788 790 789 791 788 787 790 864 694 781 784 865 694 864 695 866 867 868 785 869 844 844 869 775 870 871 872 777 776 871 779 778 873 873 870 872 865 782 781 783 782 874 875 876 877 695 864 874 878 877 876 879 880 881 867 878 868 882 883 884 885 866 882 886 887 888 887 884 883 889 890 891 890 886 891 892 893 799 799 894 889 893 894 799 877 895 875 896 799 897 799 889 897 800 799 898 799 896 898 899 808 900 901 902 903 904 905 906 624 907 908 624 909 910 911 624 912 913 914 624 915 600 916 600 809 916 917 918 919 600 915 814 920 600 921 600 813 921 607 922 600 600 920 606 600 923 924 922 923 600 600 925 926 924 925 600 927 928 600 926 927 600 929 930 919 931 932 933 934 935 932 936 937 938 805 939 804 940 806 808 899 940 808 941 854 856 856 855 942 943 944 945 946 947 948 855 949 950 951 662 661 855 946 949 952 953 954 802 955 956 955 802 957 949 946 948 862 802 956 958 959 960 667 961 962 963 964 965 966 967 968 857 859 730 969 970 903 902 969 903 970 971 972 971 970 969 906 905 972 906 972 971 973 974 975 765 976 977 799 978 892 799 979 978 890 889 894 888 891 886 883 888 887 882 884 885 866 885 867 868 878 876 780 895 778 895 780 875 695 874 771 784 786 865 779 873 872 871 870 777 775 869 776 874 864 783 772 879 773 874 772 771 881 880 976 773 879 881 765 977 766 976 880 977 767 766 768 980 799 981 770 767 768 774 982 743 982 774 769 744 983 745 982 744 743 984 985 983 745 983 985 984 986 987 987 985 984 988 986 763 986 988 987 988 763 764 975 989 973 973 990 974 991 992 993 994 995 996 799 980 997 997 998 799 799 998 999 1000 1001 799 1002 1003 799 1004 1005 1006 1007 799 1008 799 991 1008 1009 799 1010 799 1007 1010 979 799 1011 799 1009 1011 667 1012 1013 1014 1015 675 1016 682 1017 682 1018 1017 1019 682 1020 682 1016 1020 682 1019 680 681 676 682 1021 677 1022 1023 626 677 1024 1014 1025 626 1023 1026 1025 1027 1024 1028 1029 1030 1031 1032 1033 1034 943 945 1035 685 626 1036 961 1037 962 961 1036 667 1038 1039 668 667 1040 1039 1040 667 1038 667 1041 1042 667 1043 1044 1045 1046 1047 1048 1049 1050 667 1051 667 1042 1051 1052 667 1053 667 1050 1053 1054 667 1055 667 1052 1055 1056 667 1057 667 1054 1057 667 1058 1012 667 1056 1058 667 1059 1060 1013 1059 667 1061 1049 1060 667 1060 1049 1049 1061 1047 1049 1062 1063 1048 1062 1049 682 1049 1064 1063 1064 1049 1065 682 1066 682 1064 1066 1067 682 1068 682 1065 1068 1069 682 1070 682 1067 1070 1071 682 1072 682 1069 1072 1018 682 1073 682 1071 1073 996 995 1074 1075 1000 799 1076 1005 1077 1005 1078 1077 1079 1005 1080 1005 1076 1080 1081 1005 1082 1005 1079 1082 1005 1081 1006 799 1005 1083 1004 1083 1005 1075 799 1003 799 1083 1002 799 1001 981 991 799 992 999 992 799 991 993 1074 1084 616 1085 1074 993 996 995 994 1086 1086 989 1087 1087 995 1086 974 990 761 989 975 1087 1088 761 760 759 761 990 1089 1088 760 1090 1089 1091 1089 1090 1088 690 1090 688 1091 688 1090 1084 1092 1093 1094 762 1095 1084 1085 1092 1093 1092 1096 1097 1098 1085 1099 1092 1085 1100 1101 1085 1102 616 1103 616 1084 1103 1104 616 1105 616 1102 1105 1106 616 1107 616 1104 1107 1108 616 1109 616 1106 1109 617 616 1110 616 1108 1110 618 1111 616 1005 616 1112 1111 1112 616 1113 1005 1114 1005 1112 1114 1078 1005 1113 1115 693 1116 748 586 585 1117 1118 1119 587 590 1120 1120 585 587 588 746 589 590 589 1120 1121 693 588 746 588 693 1122 693 1123 693 1121 1123 1124 693 1125 693 1122 1125 1126 693 1127 693 1124 1127 693 1128 1116 693 1126 1128 1117 693 1129 1115 1129 693 1130 1117 1131 1117 1129 1131 1132 1117 1133 1117 1130 1133 1117 1132 1118 1117 1134 1135 1119 1134 1117 1135 1136 1117 1117 1137 1138 1136 1137 1117 1085 1117 1139 1138 1139 1117 1140 1085 1141 1085 1139 1141 1142 1085 1143 1085 1140 1143 689 764 690 1085 1142 1097 1144 1085 1145 1085 1098 1145 1085 1146 1099 1085 1144 1100 1085 1101 1146 1096 1094 1147 1147 1093 1096 688 1095 762 1094 1095 1147 757 689 758 689 757 764 756 1148 757 752 1148 753 756 753 1148 754 1149 752 751 755 1149 752 1149 755 596 932 1150 854 941 1151 592 591 1152 1153 1154 1155 941 1156 1151 1157 1158 1159 1160 1152 1161 591 1161 1152 1161 1162 1163 1163 1160 1161 1164 1165 932 1165 1166 932 1164 932 935 1167 932 1168 1169 932 1170 1171 932 1172 932 1167 1172 932 1171 1150 1173 596 1174 596 1150 1174 1175 596 1176 596 1173 1176 595 1177 596 596 1175 594 596 1178 1179 1177 1178 596 596 1180 1181 1179 1180 596 596 1182 1183 1181 1182 596 1184 1185 1186 596 1187 1188 1183 1187 596 596 1189 1190 1188 1189 596 1191 1184 1190 596 1190 1184 1192 1184 1193 1184 1191 1193 1184 1192 1185 808 1184 1194 1186 1194 1184 1195 808 1196 808 1194 1196 1197 808 1198 808 1195 1198 1199 808 1200 808 1197 1200 1201 808 1202 808 1199 1202 900 808 1203 808 1201 1203 1204 1205 1206 805 1207 939 936 938 1208 1156 1155 1154 1154 1151 1156 1209 1154 1153 1209 1210 1211 1210 1209 1153 1152 1212 592 1159 1211 1213 1210 1213 1211 1214 1158 1157 1159 1213 1157 1214 1215 1212 1215 1214 1157 1215 592 1212 593 804 591 1207 1216 1217 1217 939 1207 1216 936 1208 1216 1208 1217 808 807 937 807 938 937 1218 808 1219 808 937 1219 1220 808 1221 808 1218 1221 808 1220 1222 1223 693 827 808 1222 830 1224 808 1225 808 831 1225 808 1224 833 733 693 808 832 836 808 1226 733 808 835 1226 808 822 693 828 1223 829 693 822 1227 823 822 821 693 825 824 1227 823 1227 824 817 826 825 1228 816 815 815 817 825 816 820 819 820 816 1228 818 810 819 811 1229 812 818 811 810 1206 1205 1229 812 1229 1205 1205 1204 957 955 957 1204 1230 863 1231 1046 1045 1232 961 667 669 1233 1232 1234 1232 1045 1234 1235 1233 1234 667 962 1033 1234 965 1235 1033 1032 1043 964 1235 965 1236 1237 1238 1239 1240 1241 1231 950 1230 1242 1243 1244 942 950 1231 947 1245 948 1246 1247 1248 1249 1250 1251 1252 1253 1254 862 1231 863 858 852 859 851 853 848 859 852 851 1255 847 849 1256 1257 1255 847 1255 1257 799 1258 667 1259 1260 1257 1257 1256 1259 1260 1261 1262 1261 1260 1259 1263 1264 1261 1262 1261 1264 1263 1265 1266 1266 1264 1263 799 850 1265 1265 850 1266 1267 799 1268 799 1265 1268 1269 799 1270 799 1267 1270 799 1271 1258 799 1269 1271 1272 667 1273 667 1258 1273 1274 667 1275 667 1272 1275 1276 667 1277 667 1274 1277 1278 667 1279 667 1276 1279 1041 667 1278 917 919 1280 932 1281 1282 1283 1281 1284 1281 1285 1284 1286 1281 1287 1281 1283 1287 1288 1281 1289 1281 1286 1289 1290 1281 1291 1281 1288 1291 1292 1281 1293 1281 1290 1293 1294 1281 1295 1281 1292 1295 1281 1294 1282 1296 932 1297 932 1282 1297 1298 932 1299 932 1296 1299 1300 932 1301 932 1298 1301 1302 1303 1304 1163 930 929 932 1300 933 930 1163 1305 1162 1305 1163 932 931 934 1166 1306 932 932 1306 1307 1170 932 1308 932 1307 1308 1309 1305 1162 1169 1310 1168 1169 1168 932 1310 1311 1312 1311 1310 1169 1312 1309 1162 1311 1309 1312 918 929 919 1304 1303 1280 1303 917 1280 1302 1313 928 1313 1302 1304 1314 600 1313 928 1313 600 1315 600 1316 600 1314 1316 1317 600 1318 600 1315 1318 1319 600 1320 600 1317 1320 602 1321 600 600 1319 601 1281 600 1322 1321 1322 600 1285 1281 1323 1281 1322 1323 855 950 942 1324 968 1325 662 1326 663 1326 662 951 905 904 1327 1328 624 1326 663 1326 624 1327 904 809 624 1328 907 1329 624 1330 624 908 1330 624 1331 1327 1331 624 1332 624 1329 909 1332 624 1333 624 910 913 1333 624 911 624 914 912 624 1327 809 966 901 967 901 966 902 967 1325 968 1325 1246 1324 1248 1247 1250 1324 1246 1248 1249 1251 1334 1250 1247 1251 1230 950 1242 1334 1254 1253 1253 1249 1334 1252 1335 1336 1335 1252 1254 1245 947 1337 1338 1336 1339 1335 1339 1336 1340 1337 1338 1338 1339 1340 1245 1337 1340 1341 1244 1243 1243 1242 950 1238 1341 1236 1341 1238 1244 1236 1239 1237 1240 1239 1342 1237 1239 1241 1343 1344 1345 1346 1342 1347 963 1348 1349 1350 1351 958 963 1349 964 1352 1028 945 1031 1024 1027 1353 1035 626 1026 1353 626 945 944 599 597 599 1354 599 944 1354 1031 1027 1032 1352 1029 1028 675 1015 673 1355 1044 1356 1046 1356 1044 1036 1037 1356 1037 1355 1356 667 1033 1043 1015 1014 1024 674 673 671 666 670 672 670 674 671 1034 945 1028 664 666 672 678 1357 679 665 679 666 1358 1357 1359 678 1359 1357 1360 1361 1358 1358 1359 1360 1362 1021 1361 1362 1361 1360 1021 1022 1361 1021 1023 677 1030 1363 1035 685 1035 1363 1029 1363 1030 943 1034 1351 960 1350 958 1351 1034 958 1343 960 959 1344 1364 1345 1344 1343 959 1342 1346 1240 1364 1347 1342 1344 1347 1364 954 953 1346 1240 1346 953 953 952 1348 1349 1348 952 1365 1366 1367 1366 1365 1368 1369 1370 1371 1370 1369 1372 1373 1374 1375 1375 1376 1373 1377 1378 1379 1378 1377 1380 1381 1382 1383 1382 1381 1384 1385 1386 1387 1385 1387 1388 1389 1390 1391 1391 1392 1389 1393 1394 1395 1393 1396 1394 1397 1398 1399 1397 1399 1400 1401 1402 1403 1403 1404 1401 1405 1406 1407 1405 1407 1408 1409 1410 1411 1411 1412 1409 1413 1414 1415 1414 1413 1416 1417 1418 1419 1417 1419 1420 1421 1422 1423 1423 1424 1421 1425 1426 1427 1425 1428 1426 1429 1430 1431 1432 1433 1434 1435 1436 1437 1438 1439 1440 1441 1442 1443 1444 1445 1446 1447 1448 1449 1450 1451 1452 1453 1454 1455 1456 1457 1458 1459 1460 1461 1462 1463 1464 1465 1466 1467 1468 1469 1470 1471 1472 1473 1474 1475 1476 1477 1478 1479 1480 1481 1482 1483 1484 1485 1486 1487 1488 1488 1482 1486 1489 1490 1487 1488 1487 1490 1491 1489 1492 1489 1491 1490 1492 1493 1494 1494 1491 1492 1495 1496 1493 1494 1493 1496 1497 1495 1498 1495 1497 1496 1498 1499 1500 1500 1497 1498 1501 1502 1499 1500 1499 1502 1503 1501 1431 1501 1503 1502 1430 1503 1431 1485 1481 1480 1482 1481 1486 1475 1484 1483 1483 1485 1480 1478 1474 1476 1474 1484 1475 1477 1479 1468 1478 1476 1479 1470 1469 1471 1477 1468 1470 1472 1464 1473 1469 1472 1471 1462 1467 1463 1464 1463 1473 1457 1466 1465 1465 1467 1462 1460 1456 1458 1456 1466 1457 1459 1461 1450 1460 1458 1461 1452 1451 1453 1459 1450 1452 1454 1446 1455 1451 1454 1453 1444 1449 1445 1446 1445 1455 1439 1448 1447 1447 1449 1444 1442 1438 1440 1438 1448 1439 1441 1443 1432 1442 1440 1443 1434 1433 1437 1441 1432 1434 1435 1429 1436 1433 1435 1437 1431 1436 1429 1504 1505 1506 1507 1508 1509 1506 1510 1511 1511 1504 1506 1512 1513 1510 1511 1510 1513 1514 1512 1515 1512 1514 1513 1516 1517 1514 1514 1515 1516 1518 1517 1519 1516 1519 1517 1518 1520 1521 1520 1518 1519 1522 1521 1523 1521 1520 1523 1524 1522 1525 1522 1524 1521 1526 1524 1525 1526 1525 1527 1528 1505 1504 1529 1530 1528 1528 1504 1529 1531 1530 1532 1529 1532 1530 1533 1532 1534 1532 1533 1531 1534 1535 1536 1536 1533 1534 1537 1538 1535 1536 1535 1538 1539 1540 1537 1537 1540 1538 1539 1541 1542 1541 1539 1537 1543 1544 1542 1542 1541 1543 1545 1544 1546 1543 1546 1544 1547 1546 1548 1546 1547 1545 1548 1549 1550 1550 1547 1548 1507 1551 1549 1550 1549 1551 1552 1508 1553 1507 1509 1551 1554 1555 1556 1557 1555 1558 1559 1560 1561 1562 1559 1563 1564 1565 1566 1567 1568 1564 1569 1570 1571 1570 1572 1565 1573 1574 1575 1571 1575 1576 1577 1578 1579 1580 1577 1581 1582 1583 1578 1579 1578 1583 1584 1582 1585 1582 1584 1583 1586 1585 1587 1586 1584 1585 1588 1589 1587 1587 1585 1588 1590 1589 1591 1588 1591 1589 1590 1526 1527 1526 1590 1591 1580 1573 1577 1581 1577 1579 1575 1574 1576 1573 1580 1574 1592 1569 1571 1571 1576 1592 1565 1572 1593 1569 1572 1570 1567 1564 1566 1566 1565 1593 1559 1568 1560 1560 1568 1567 1554 1562 1563 1559 1561 1563 1556 1555 1557 1562 1554 1556 1552 1553 1557 1558 1552 1557 1508 1507 1553 1594 1595 1596 1597 1598 1599 1600 1601 1602 1603 1604 1605 1606 1607 1608 1609 1610 1611 1612 1613 1614 1615 1616 1617 1618 1619 1620 1621 1622 1623 1624 1625 1626 1627 1628 1629 1630 1631 1632 1633 1634 1635 1636 1637 1638 1639 1640 1641 1642 1643 1644 1645 1646 1647 1648 1649 1650 1651 1652 1653 1653 1647 1651 1654 1655 1652 1653 1652 1655 1656 1654 1657 1654 1656 1655 1657 1658 1659 1659 1656 1657 1660 1661 1658 1659 1658 1661 1662 1660 1663 1660 1662 1661 1663 1664 1665 1665 1662 1663 1666 1667 1664 1665 1664 1667 1668 1666 1596 1666 1668 1667 1595 1668 1596 1650 1646 1645 1647 1646 1651 1640 1649 1648 1648 1650 1645 1643 1639 1641 1639 1649 1640 1642 1644 1633 1643 1641 1644 1635 1634 1636 1642 1633 1635 1637 1629 1638 1634 1637 1636 1627 1632 1628 1629 1628 1638 1622 1631 1630 1630 1632 1627 1625 1621 1623 1621 1631 1622 1624 1626 1615 1625 1623 1626 1617 1616 1618 1624 1615 1617 1619 1611 1620 1616 1619 1618 1609 1614 1610 1611 1610 1620 1604 1613 1612 1612 1614 1609 1607 1603 1605 1603 1613 1604 1606 1608 1597 1607 1605 1608 1599 1598 1602 1606 1597 1599 1600 1594 1601 1598 1600 1602 1596 1601 1594 1669 1670 1671 1672 1673 1674 1671 1675 1676 1676 1669 1671 1677 1678 1675 1676 1675 1678 1679 1677 1680 1677 1679 1678 1681 1682 1679 1679 1680 1681 1683 1682 1684 1681 1684 1682 1683 1685 1686 1685 1683 1684 1687 1686 1688 1686 1685 1688 1689 1687 1690 1687 1689 1686 1691 1689 1690 1691 1690 1692 1693 1670 1669 1694 1695 1693 1693 1669 1694 1696 1695 1697 1694 1697 1695 1698 1697 1699 1697 1698 1696 1699 1700 1701 1701 1698 1699 1702 1703 1700 1701 1700 1703 1704 1705 1702 1702 1705 1703 1704 1706 1707 1706 1704 1702 1708 1709 1707 1707 1706 1708 1710 1709 1711 1708 1711 1709 1712 1711 1713 1711 1712 1710 1713 1714 1715 1715 1712 1713 1672 1716 1714 1715 1714 1716 1717 1673 1718 1672 1674 1716 1719 1720 1721 1722 1720 1723 1724 1725 1726 1727 1724 1728 1729 1730 1731 1732 1733 1729 1734 1735 1736 1735 1737 1730 1738 1739 1740 1736 1740 1741 1742 1743 1744 1745 1742 1746 1747 1748 1743 1744 1743 1748 1749 1747 1750 1747 1749 1748 1751 1750 1752 1751 1749 1750 1753 1754 1752 1752 1750 1753 1755 1754 1756 1753 1756 1754 1755 1691 1692 1691 1755 1756 1745 1738 1742 1746 1742 1744 1740 1739 1741 1738 1745 1739 1757 1734 1736 1736 1741 1757 1730 1737 1758 1734 1737 1735 1732 1729 1731 1731 1730 1758 1724 1733 1725 1725 1733 1732 1719 1727 1728 1724 1726 1728 1721 1720 1722 1727 1719 1721 1717 1718 1722 1723 1717 1722 1673 1672 1718 1759 1760 1761 1762 1763 1764 1765 1766 1767 1768 1769 1770 1771 1772 1773 1774 1775 1776 1777 1778 1779 1780 1781 1782 1783 1784 1785 1786 1787 1788 1789 1790 1791 1792 1793 1794 1795 1796 1797 1798 1799 1800 1801 1802 1803 1804 1805 1806 1807 1808 1809 1810 1811 1812 1813 1814 1815 1816 1817 1818 1818 1812 1816 1819 1820 1817 1818 1817 1820 1821 1819 1822 1819 1821 1820 1822 1823 1824 1824 1821 1822 1825 1826 1823 1824 1823 1826 1827 1825 1828 1825 1827 1826 1828 1829 1830 1830 1827 1828 1831 1832 1829 1830 1829 1832 1833 1831 1761 1831 1833 1832 1760 1833 1761 1815 1811 1810 1812 1811 1816 1805 1814 1813 1813 1815 1810 1808 1804 1806 1804 1814 1805 1807 1809 1798 1808 1806 1809 1800 1799 1801 1807 1798 1800 1802 1794 1803 1799 1802 1801 1792 1797 1793 1794 1793 1803 1787 1796 1795 1795 1797 1792 1790 1786 1788 1786 1796 1787 1789 1791 1780 1790 1788 1791 1782 1781 1783 1789 1780 1782 1784 1776 1785 1781 1784 1783 1774 1779 1775 1776 1775 1785 1769 1778 1777 1777 1779 1774 1772 1768 1770 1768 1778 1769 1771 1773 1762 1772 1770 1773 1764 1763 1767 1771 1762 1764 1765 1759 1766 1763 1765 1767 1761 1766 1759 1834 1835 1836 1837 1838 1839 1836 1840 1841 1841 1834 1836 1842 1843 1840 1841 1840 1843 1844 1842 1845 1842 1844 1843 1846 1847 1844 1844 1845 1846 1848 1847 1849 1846 1849 1847 1848 1850 1851 1850 1848 1849 1852 1851 1853 1851 1850 1853 1854 1852 1855 1852 1854 1851 1856 1854 1855 1856 1855 1857 1858 1835 1834 1859 1860 1858 1858 1834 1859 1861 1860 1862 1859 1862 1860 1863 1862 1864 1862 1863 1861 1864 1865 1866 1866 1863 1864 1867 1868 1865 1866 1865 1868 1869 1870 1867 1867 1870 1868 1869 1871 1872 1871 1869 1867 1873 1874 1872 1872 1871 1873 1875 1874 1876 1873 1876 1874 1877 1876 1878 1876 1877 1875 1878 1879 1880 1880 1877 1878 1837 1881 1879 1880 1879 1881 1882 1838 1883 1837 1839 1881 1884 1885 1886 1887 1885 1888 1889 1890 1891 1892 1889 1893 1894 1895 1896 1897 1898 1894 1899 1900 1901 1900 1902 1895 1903 1904 1905 1901 1905 1906 1907 1908 1909 1910 1907 1911 1912 1913 1908 1909 1908 1913 1914 1912 1915 1912 1914 1913 1916 1915 1917 1916 1914 1915 1918 1919 1917 1917 1915 1918 1920 1919 1921 1918 1921 1919 1920 1856 1857 1856 1920 1921 1910 1903 1907 1911 1907 1909 1905 1904 1906 1903 1910 1904 1922 1899 1901 1901 1906 1922 1895 1902 1923 1899 1902 1900 1897 1894 1896 1896 1895 1923 1889 1898 1890 1890 1898 1897 1884 1892 1893 1889 1891 1893 1886 1885 1887 1892 1884 1886 1882 1883 1887 1888 1882 1887 1838 1837 1883 1924 1925 1926 1927 1928 1929 1930 1931 1932 1933 1934 1935 1936 1937 1938 1939 1940 1941 1942 1943 1944 1945 1946 1947 1948 1949 1950 1951 1952 1953 1954 1955 1956 1957 1958 1959 1960 1961 1962 1963 1964 1965 1966 1967 1968 1969 1970 1971 1972 1973 1974 1975 1976 1977 1978 1979 1980 1981 1982 1983 1983 1977 1981 1984 1985 1982 1983 1982 1985 1986 1984 1987 1984 1986 1985 1987 1988 1989 1989 1986 1987 1990 1991 1988 1989 1988 1991 1992 1990 1993 1990 1992 1991 1993 1994 1995 1995 1992 1993 1996 1997 1994 1995 1994 1997 1998 1996 1926 1996 1998 1997 1925 1998 1926 1980 1976 1975 1977 1976 1981 1970 1979 1978 1978 1980 1975 1973 1969 1971 1969 1979 1970 1972 1974 1963 1973 1971 1974 1965 1964 1966 1972 1963 1965 1967 1959 1968 1964 1967 1966 1957 1962 1958 1959 1958 1968 1952 1961 1960 1960 1962 1957 1955 1951 1953 1951 1961 1952 1954 1956 1945 1955 1953 1956 1947 1946 1948 1954 1945 1947 1949 1941 1950 1946 1949 1948 1939 1944 1940 1941 1940 1950 1934 1943 1942 1942 1944 1939 1937 1933 1935 1933 1943 1934 1936 1938 1927 1937 1935 1938 1929 1928 1932 1936 1927 1929 1930 1924 1931 1928 1930 1932 1926 1931 1924 1999 2000 2001 2002 2003 2004 1999 2005 2006 2005 1999 2001 2007 2008 2006 2006 2005 2007 2008 2009 2010 2007 2009 2008 2010 2011 2012 2012 2008 2010 2013 2014 2011 2012 2011 2014 2015 2013 2016 2013 2015 2014 2017 2018 2015 2015 2016 2017 2019 2018 2020 2017 2020 2018 2019 2020 2021 2022 2001 2000 2023 2022 2000 2024 2025 2023 2023 2000 2024 2026 2025 2027 2024 2027 2025 2028 2027 2029 2027 2028 2026 2029 2030 2031 2031 2028 2029 2032 2033 2030 2031 2030 2033 2034 2035 2032 2032 2035 2033 2034 2036 2037 2036 2034 2032 2038 2039 2037 2037 2036 2038 2040 2039 2041 2038 2041 2039 2042 2041 2043 2041 2042 2040 2043 2044 2045 2045 2042 2043 2002 2046 2044 2045 2044 2046 2047 2003 2048 2002 2004 2046 2049 2050 2051 2052 2050 2053 2054 2055 2056 2057 2054 2058 2059 2060 2061 2062 2063 2059 2064 2065 2066 2065 2067 2060 2068 2069 2070 2066 2070 2071 2072 2073 2074 2075 2072 2076 2077 2078 2073 2074 2073 2078 2079 2077 2080 2077 2079 2078 2081 2080 2082 2081 2079 2080 2083 2084 2082 2082 2080 2083 2085 2084 2086 2083 2086 2084 2085 2019 2021 2019 2085 2086 2075 2068 2072 2076 2072 2074 2070 2069 2071 2068 2075 2069 2087 2064 2066 2066 2071 2087 2060 2067 2088 2064 2067 2065 2062 2059 2061 2061 2060 2088 2054 2063 2055 2055 2063 2062 2049 2057 2058 2054 2056 2058 2051 2050 2052 2057 2049 2051 2047 2048 2052 2053 2047 2052 2003 2002 2048 2089 2090 2091 2092 2093 2094 2095 2096 2097 2098 2099 2100 2101 2102 2103 2104 2105 2106 2107 2108 2109 2110 2111 2112 2113 2114 2115 2116 2117 2118 2119 2120 2121 2122 2123 2124 2125 2126 2127 2128 2129 2130 2131 2132 2133 2134 2135 2136 2137 2138 2139 2140 2141 2142 2143 2144 2145 2146 2147 2148 2148 2142 2146 2149 2150 2147 2148 2147 2150 2151 2149 2152 2149 2151 2150 2152 2153 2154 2154 2151 2152 2155 2156 2153 2154 2153 2156 2157 2155 2158 2155 2157 2156 2158 2159 2160 2160 2157 2158 2161 2162 2159 2160 2159 2162 2163 2161 2091 2161 2163 2162 2090 2163 2091 2145 2141 2140 2142 2141 2146 2135 2144 2143 2143 2145 2140 2138 2134 2136 2134 2144 2135 2137 2139 2128 2138 2136 2139 2130 2129 2131 2137 2128 2130 2132 2124 2133 2129 2132 2131 2122 2127 2123 2124 2123 2133 2117 2126 2125 2125 2127 2122 2120 2116 2118 2116 2126 2117 2119 2121 2110 2120 2118 2121 2112 2111 2113 2119 2110 2112 2114 2106 2115 2111 2114 2113 2104 2109 2105 2106 2105 2115 2099 2108 2107 2107 2109 2104 2102 2098 2100 2098 2108 2099 2101 2103 2092 2102 2100 2103 2094 2093 2097 2101 2092 2094 2095 2089 2096 2093 2095 2097 2091 2096 2089 2164 2165 2166 2167 2168 2169 2166 2170 2171 2171 2164 2166 2172 2173 2170 2171 2170 2173 2174 2172 2175 2172 2174 2173 2176 2177 2174 2174 2175 2176 2178 2177 2179 2176 2179 2177 2178 2180 2181 2180 2178 2179 2182 2181 2183 2181 2180 2183 2184 2182 2185 2182 2184 2181 2186 2184 2185 2186 2185 2187 2188 2165 2164 2189 2190 2188 2188 2164 2189 2191 2190 2192 2189 2192 2190 2193 2192 2194 2192 2193 2191 2194 2195 2196 2196 2193 2194 2197 2198 2195 2196 2195 2198 2199 2200 2197 2197 2200 2198 2199 2201 2202 2201 2199 2197 2203 2204 2202 2202 2201 2203 2205 2204 2206 2203 2206 2204 2207 2206 2208 2206 2207 2205 2208 2209 2210 2210 2207 2208 2167 2211 2209 2210 2209 2211 2212 2168 2213 2167 2169 2211 2214 2215 2216 2217 2215 2218 2219 2220 2221 2222 2219 2223 2224 2225 2226 2227 2228 2224 2229 2230 2231 2230 2232 2225 2233 2234 2235 2231 2235 2236 2237 2238 2239 2240 2237 2241 2242 2243 2238 2239 2238 2243 2244 2242 2245 2242 2244 2243 2246 2245 2247 2246 2244 2245 2248 2249 2247 2247 2245 2248 2250 2249 2251 2248 2251 2249 2250 2186 2187 2186 2250 2251 2240 2233 2237 2241 2237 2239 2235 2234 2236 2233 2240 2234 2252 2229 2231 2231 2236 2252 2225 2232 2253 2229 2232 2230 2227 2224 2226 2226 2225 2253 2219 2228 2220 2220 2228 2227 2214 2222 2223 2219 2221 2223 2216 2215 2217 2222 2214 2216 2212 2213 2217 2218 2212 2217 2168 2167 2213 2254 2255 2256 2257 2258 2259 2260 2261 2262 2263 2264 2265 2266 2267 2268 2269 2270 2271 2272 2273 2274 2275 2276 2277 2278 2279 2280 2281 2282 2283 2284 2285 2286 2287 2288 2289 2290 2291 2292 2293 2294 2295 2296 2297 2298 2299 2300 2301 2302 2303 2304 2305 2306 2307 2308 2309 2310 2311 2312 2313 2313 2307 2311 2314 2315 2312 2313 2312 2315 2316 2314 2317 2314 2316 2315 2317 2318 2319 2319 2316 2317 2320 2321 2318 2319 2318 2321 2322 2320 2323 2320 2322 2321 2323 2324 2325 2325 2322 2323 2326 2327 2324 2325 2324 2327 2328 2326 2256 2326 2328 2327 2255 2328 2256 2310 2306 2305 2307 2306 2311 2300 2309 2308 2308 2310 2305 2303 2299 2301 2299 2309 2300 2302 2304 2293 2303 2301 2304 2295 2294 2296 2302 2293 2295 2297 2289 2298 2294 2297 2296 2287 2292 2288 2289 2288 2298 2282 2291 2290 2290 2292 2287 2285 2281 2283 2281 2291 2282 2284 2286 2275 2285 2283 2286 2277 2276 2278 2284 2275 2277 2279 2271 2280 2276 2279 2278 2269 2274 2270 2271 2270 2280 2264 2273 2272 2272 2274 2269 2267 2263 2265 2263 2273 2264 2266 2268 2257 2267 2265 2268 2259 2258 2262 2266 2257 2259 2260 2254 2261 2258 2260 2262 2256 2261 2254 2329 2330 2331 2332 2333 2334 2329 2335 2336 2335 2329 2331 2337 2338 2336 2336 2335 2337 2338 2339 2340 2337 2339 2338 2340 2341 2342 2342 2338 2340 2343 2344 2341 2342 2341 2344 2345 2343 2346 2343 2345 2344 2347 2348 2345 2345 2346 2347 2349 2348 2350 2347 2350 2348 2349 2350 2351 2352 2331 2330 2353 2352 2330 2354 2355 2353 2353 2330 2354 2356 2355 2357 2354 2357 2355 2358 2357 2359 2357 2358 2356 2359 2360 2361 2361 2358 2359 2362 2363 2360 2361 2360 2363 2364 2365 2362 2362 2365 2363 2364 2366 2367 2366 2364 2362 2368 2369 2367 2367 2366 2368 2370 2369 2371 2368 2371 2369 2372 2371 2373 2371 2372 2370 2373 2374 2375 2375 2372 2373 2332 2376 2374 2375 2374 2376 2377 2333 2378 2332 2334 2376 2379 2380 2381 2382 2380 2383 2384 2385 2386 2387 2384 2388 2389 2390 2391 2392 2393 2389 2394 2395 2396 2395 2397 2390 2398 2399 2400 2396 2400 2401 2402 2403 2404 2405 2402 2406 2407 2408 2403 2404 2403 2408 2409 2407 2410 2407 2409 2408 2411 2410 2412 2411 2409 2410 2413 2414 2412 2412 2410 2413 2415 2414 2416 2413 2416 2414 2415 2349 2351 2349 2415 2416 2405 2398 2402 2406 2402 2404 2400 2399 2401 2398 2405 2399 2417 2394 2396 2396 2401 2417 2390 2397 2418 2394 2397 2395 2392 2389 2391 2391 2390 2418 2384 2393 2385 2385 2393 2392 2379 2387 2388 2384 2386 2388 2381 2380 2382 2387 2379 2381 2377 2378 2382 2383 2377 2382 2333 2332 2378 2419 2420 2421 2422 2423 2424 2425 2426 2427 2428 2429 2430 2431 2432 2433 2434 2435 2436 2437 2438 2439 2440 2441 2442 2443 2444 2445 2446 2447 2448 2449 2450 2451 2452 2453 2454 2455 2456 2457 2458 2459 2460 2461 2462 2463 2464 2465 2466 2467 2468 2469 2470 2471 2472 2473 2474 2475 2476 2477 2478 2478 2472 2476 2479 2480 2477 2478 2477 2480 2481 2479 2482 2479 2481 2480 2482 2483 2484 2484 2481 2482 2485 2486 2483 2484 2483 2486 2487 2485 2488 2485 2487 2486 2488 2489 2490 2490 2487 2488 2491 2492 2489 2490 2489 2492 2493 2491 2421 2491 2493 2492 2420 2493 2421 2475 2471 2470 2472 2471 2476 2465 2474 2473 2473 2475 2470 2468 2464 2466 2464 2474 2465 2467 2469 2458 2468 2466 2469 2460 2459 2461 2467 2458 2460 2462 2454 2463 2459 2462 2461 2452 2457 2453 2454 2453 2463 2447 2456 2455 2455 2457 2452 2450 2446 2448 2446 2456 2447 2449 2451 2440 2450 2448 2451 2442 2441 2443 2449 2440 2442 2444 2436 2445 2441 2444 2443 2434 2439 2435 2436 2435 2445 2429 2438 2437 2437 2439 2434 2432 2428 2430 2428 2438 2429 2431 2433 2422 2432 2430 2433 2424 2423 2427 2431 2422 2424 2425 2419 2426 2423 2425 2427 2421 2426 2419 2494 2495 2496 2497 2498 2499 2496 2500 2501 2501 2494 2496 2502 2503 2500 2501 2500 2503 2504 2502 2505 2502 2504 2503 2506 2507 2504 2504 2505 2506 2508 2507 2509 2506 2509 2507 2508 2510 2511 2510 2508 2509 2512 2511 2513 2511 2510 2513 2514 2512 2515 2512 2514 2511 2516 2514 2515 2516 2515 2517 2518 2495 2494 2519 2520 2518 2518 2494 2519 2521 2520 2522 2519 2522 2520 2523 2522 2524 2522 2523 2521 2524 2525 2526 2526 2523 2524 2527 2528 2525 2526 2525 2528 2529 2530 2527 2527 2530 2528 2529 2531 2532 2531 2529 2527 2533 2534 2532 2532 2531 2533 2535 2534 2536 2533 2536 2534 2537 2536 2538 2536 2537 2535 2538 2539 2540 2540 2537 2538 2497 2541 2539 2540 2539 2541 2542 2498 2543 2497 2499 2541 2544 2545 2546 2547 2545 2548 2549 2550 2551 2552 2549 2553 2554 2555 2556 2557 2558 2554 2559 2560 2561 2560 2562 2555 2563 2564 2565 2561 2565 2566 2567 2568 2569 2570 2567 2571 2572 2573 2568 2569 2568 2573 2574 2572 2575 2572 2574 2573 2576 2575 2577 2576 2574 2575 2578 2579 2577 2577 2575 2578 2580 2579 2581 2578 2581 2579 2580 2516 2517 2516 2580 2581 2570 2563 2567 2571 2567 2569 2565 2564 2566 2563 2570 2564 2582 2559 2561 2561 2566 2582 2555 2562 2583 2559 2562 2560 2557 2554 2556 2556 2555 2583 2549 2558 2550 2550 2558 2557 2544 2552 2553 2549 2551 2553 2546 2545 2547 2552 2544 2546 2542 2543 2547 2548 2542 2547 2498 2497 2543 2584 2585 2586 2587 2588 2589 2590 2591 2592 2593 2594 2595 2596 2597 2598 2599 2600 2601 2602 2603 2604 2605 2606 2607 2608 2609 2610 2611 2612 2613 2614 2615 2616 2617 2618 2619 2620 2621 2622 2623 2624 2625 2626 2627 2628 2629 2630 2631 2632 2633 2634 2635 2636 2637 2638 2639 2640 2641 2642 2643 2643 2637 2641 2644 2645 2642 2643 2642 2645 2646 2644 2647 2644 2646 2645 2647 2648 2649 2649 2646 2647 2650 2651 2648 2649 2648 2651 2652 2650 2653 2650 2652 2651 2653 2654 2655 2655 2652 2653 2656 2657 2654 2655 2654 2657 2658 2656 2586 2656 2658 2657 2585 2658 2586 2640 2636 2635 2637 2636 2641 2630 2639 2638 2638 2640 2635 2633 2629 2631 2629 2639 2630 2632 2634 2623 2633 2631 2634 2625 2624 2626 2632 2623 2625 2627 2619 2628 2624 2627 2626 2617 2622 2618 2619 2618 2628 2612 2621 2620 2620 2622 2617 2615 2611 2613 2611 2621 2612 2614 2616 2605 2615 2613 2616 2607 2606 2608 2614 2605 2607 2609 2601 2610 2606 2609 2608 2599 2604 2600 2601 2600 2610 2594 2603 2602 2602 2604 2599 2597 2593 2595 2593 2603 2594 2596 2598 2587 2597 2595 2598 2589 2588 2592 2596 2587 2589 2590 2584 2591 2588 2590 2592 2586 2591 2584 2659 2660 2661 2662 2663 2664 2661 2665 2666 2666 2659 2661 2667 2668 2665 2666 2665 2668 2669 2667 2670 2667 2669 2668 2671 2672 2669 2669 2670 2671 2673 2672 2674 2671 2674 2672 2673 2675 2676 2675 2673 2674 2677 2676 2678 2676 2675 2678 2679 2677 2680 2677 2679 2676 2681 2679 2680 2681 2680 2682 2683 2660 2659 2684 2685 2683 2683 2659 2684 2686 2685 2687 2684 2687 2685 2688 2687 2689 2687 2688 2686 2689 2690 2691 2691 2688 2689 2692 2693 2690 2691 2690 2693 2694 2695 2692 2692 2695 2693 2694 2696 2697 2696 2694 2692 2698 2699 2697 2697 2696 2698 2700 2699 2701 2698 2701 2699 2702 2701 2703 2701 2702 2700 2703 2704 2705 2705 2702 2703 2662 2706 2704 2705 2704 2706 2707 2663 2708 2662 2664 2706 2709 2710 2711 2712 2710 2713 2714 2715 2716 2717 2714 2718 2719 2720 2721 2722 2723 2719 2724 2725 2726 2725 2727 2720 2728 2729 2730 2726 2730 2731 2732 2733 2734 2735 2732 2736 2737 2738 2733 2734 2733 2738 2739 2737 2740 2737 2739 2738 2741 2740 2742 2741 2739 2740 2743 2744 2742 2742 2740 2743 2745 2744 2746 2743 2746 2744 2745 2681 2682 2681 2745 2746 2735 2728 2732 2736 2732 2734 2730 2729 2731 2728 2735 2729 2747 2724 2726 2726 2731 2747 2720 2727 2748 2724 2727 2725 2722 2719 2721 2721 2720 2748 2714 2723 2715 2715 2723 2722 2709 2717 2718 2714 2716 2718 2711 2710 2712 2717 2709 2711 2707 2708 2712 2713 2707 2712 2663 2662 2708 2749 2750 2751 2752 2753 2754 2755 2756 2757 2758 2759 2760 2761 2762 2763 2764 2765 2766 2767 2768 2769 2770 2771 2772 2773 2774 2775 2776 2777 2778 2779 2780 2781 2782 2783 2784 2785 2786 2787 2788 2789 2790 2791 2792 2793 2794 2795 2796 2797 2798 2799 2800 2801 2802 2803 2804 2805 2806 2807 2808 2808 2802 2806 2809 2810 2807 2808 2807 2810 2811 2809 2812 2809 2811 2810 2812 2813 2814 2814 2811 2812 2815 2816 2813 2814 2813 2816 2817 2815 2818 2815 2817 2816 2818 2819 2820 2820 2817 2818 2821 2822 2819 2820 2819 2822 2823 2821 2751 2821 2823 2822 2750 2823 2751 2805 2801 2800 2802 2801 2806 2795 2804 2803 2803 2805 2800 2798 2794 2796 2794 2804 2795 2797 2799 2788 2798 2796 2799 2790 2789 2791 2797 2788 2790 2792 2784 2793 2789 2792 2791 2782 2787 2783 2784 2783 2793 2777 2786 2785 2785 2787 2782 2780 2776 2778 2776 2786 2777 2779 2781 2770 2780 2778 2781 2772 2771 2773 2779 2770 2772 2774 2766 2775 2771 2774 2773 2764 2769 2765 2766 2765 2775 2759 2768 2767 2767 2769 2764 2762 2758 2760 2758 2768 2759 2761 2763 2752 2762 2760 2763 2754 2753 2757 2761 2752 2754 2755 2749 2756 2753 2755 2757 2751 2756 2749 2824 2825 2826 2827 2828 2829 2826 2830 2831 2831 2824 2826 2832 2833 2830 2831 2830 2833 2834 2832 2835 2832 2834 2833 2836 2837 2834 2834 2835 2836 2838 2837 2839 2836 2839 2837 2838 2840 2841 2840 2838 2839 2842 2841 2843 2841 2840 2843 2844 2842 2845 2842 2844 2841 2846 2844 2845 2846 2845 2847 2848 2825 2824 2849 2850 2848 2848 2824 2849 2851 2850 2852 2849 2852 2850 2853 2852 2854 2852 2853 2851 2854 2855 2856 2856 2853 2854 2857 2858 2855 2856 2855 2858 2859 2860 2857 2857 2860 2858 2859 2861 2862 2861 2859 2857 2863 2864 2862 2862 2861 2863 2865 2864 2866 2863 2866 2864 2867 2866 2868 2866 2867 2865 2868 2869 2870 2870 2867 2868 2827 2871 2869 2870 2869 2871 2872 2828 2873 2827 2829 2871 2874 2875 2876 2877 2875 2878 2879 2880 2881 2882 2879 2883 2884 2885 2886 2887 2888 2884 2889 2890 2891 2890 2892 2885 2893 2894 2895 2891 2895 2896 2897 2898 2899 2900 2897 2901 2902 2903 2898 2899 2898 2903 2904 2902 2905 2902 2904 2903 2906 2905 2907 2906 2904 2905 2908 2909 2907 2907 2905 2908 2910 2909 2911 2908 2911 2909 2910 2846 2847 2846 2910 2911 2900 2893 2897 2901 2897 2899 2895 2894 2896 2893 2900 2894 2912 2889 2891 2891 2896 2912 2885 2892 2913 2889 2892 2890 2887 2884 2886 2886 2885 2913 2879 2888 2880 2880 2888 2887 2874 2882 2883 2879 2881 2883 2876 2875 2877 2882 2874 2876 2872 2873 2877 2878 2872 2877 2828 2827 2873 2914 2915 2916 2917 2918 2919 2920 2921 2922 2923 2924 2925 2926 2927 2928 2929 2930 2931 2932 2933 2934 2935 2936 2937 2938 2939 2940 2941 2942 2943 2944 2945 2946 2947 2948 2949 2950 2951 2952 2953 2954 2955 2956 2957 2958 2959 2960 2961 2962 2963 2964 2965 2966 2967 2968 2969 2970 2971 2972 2973 2973 2967 2971 2974 2975 2972 2973 2972 2975 2976 2974 2977 2974 2976 2975 2977 2978 2979 2979 2976 2977 2980 2981 2978 2979 2978 2981 2982 2980 2983 2980 2982 2981 2983 2984 2985 2985 2982 2983 2986 2987 2984 2985 2984 2987 2988 2986 2916 2986 2988 2987 2915 2988 2916 2970 2966 2965 2967 2966 2971 2960 2969 2968 2968 2970 2965 2963 2959 2961 2959 2969 2960 2962 2964 2953 2963 2961 2964 2955 2954 2956 2962 2953 2955 2957 2949 2958 2954 2957 2956 2947 2952 2948 2949 2948 2958 2942 2951 2950 2950 2952 2947 2945 2941 2943 2941 2951 2942 2944 2946 2935 2945 2943 2946 2937 2936 2938 2944 2935 2937 2939 2931 2940 2936 2939 2938 2929 2934 2930 2931 2930 2940 2924 2933 2932 2932 2934 2929 2927 2923 2925 2923 2933 2924 2926 2928 2917 2927 2925 2928 2919 2918 2922 2926 2917 2919 2920 2914 2921 2918 2920 2922 2916 2921 2914 2989 2990 2991 2992 2993 2994 2991 2995 2996 2996 2989 2991 2997 2998 2995 2996 2995 2998 2999 2997 3000 2997 2999 2998 3001 3002 2999 2999 3000 3001 3003 3002 3004 3001 3004 3002 3003 3005 3006 3005 3003 3004 3007 3006 3008 3006 3005 3008 3009 3007 3010 3007 3009 3006 3011 3009 3010 3011 3010 3012 3013 2990 2989 3014 3015 3013 3013 2989 3014 3016 3015 3017 3014 3017 3015 3018 3017 3019 3017 3018 3016 3019 3020 3021 3021 3018 3019 3022 3023 3020 3021 3020 3023 3024 3025 3022 3022 3025 3023 3024 3026 3027 3026 3024 3022 3028 3029 3027 3027 3026 3028 3030 3029 3031 3028 3031 3029 3032 3031 3033 3031 3032 3030 3033 3034 3035 3035 3032 3033 2992 3036 3034 3035 3034 3036 3037 2993 3038 2992 2994 3036 3039 3040 3041 3042 3040 3043 3044 3045 3046 3047 3044 3048 3049 3050 3051 3052 3053 3049 3054 3055 3056 3055 3057 3050 3058 3059 3060 3056 3060 3061 3062 3063 3064 3065 3062 3066 3067 3068 3063 3064 3063 3068 3069 3067 3070 3067 3069 3068 3071 3070 3072 3071 3069 3070 3073 3074 3072 3072 3070 3073 3075 3074 3076 3073 3076 3074 3075 3011 3012 3011 3075 3076 3065 3058 3062 3066 3062 3064 3060 3059 3061 3058 3065 3059 3077 3054 3056 3056 3061 3077 3050 3057 3078 3054 3057 3055 3052 3049 3051 3051 3050 3078 3044 3053 3045 3045 3053 3052 3039 3047 3048 3044 3046 3048 3041 3040 3042 3047 3039 3041 3037 3038 3042 3043 3037 3042 2993 2992 3038 3079 3080 3081 3082 3083 3084 3085 3086 3087 3088 3089 3090 3091 3092 3093 3094 3095 3096 3097 3098 3099 3100 3101 3102 3103 3104 3105 3106 3107 3108 3109 3110 3111 3112 3113 3114 3115 3116 3117 3118 3119 3120 3121 3122 3123 3124 3125 3126 3127 3128 3129 3130 3131 3132 3133 3134 3135 3136 3137 3138 3138 3132 3136 3139 3140 3137 3138 3137 3140 3141 3139 3142 3139 3141 3140 3142 3143 3144 3144 3141 3142 3145 3146 3143 3144 3143 3146 3147 3145 3148 3145 3147 3146 3148 3149 3150 3150 3147 3148 3151 3152 3149 3150 3149 3152 3153 3151 3081 3151 3153 3152 3080 3153 3081 3135 3131 3130 3132 3131 3136 3125 3134 3133 3133 3135 3130 3128 3124 3126 3124 3134 3125 3127 3129 3118 3128 3126 3129 3120 3119 3121 3127 3118 3120 3122 3114 3123 3119 3122 3121 3112 3117 3113 3114 3113 3123 3107 3116 3115 3115 3117 3112 3110 3106 3108 3106 3116 3107 3109 3111 3100 3110 3108 3111 3102 3101 3103 3109 3100 3102 3104 3096 3105 3101 3104 3103 3094 3099 3095 3096 3095 3105 3089 3098 3097 3097 3099 3094 3092 3088 3090 3088 3098 3089 3091 3093 3082 3092 3090 3093 3084 3083 3087 3091 3082 3084 3085 3079 3086 3083 3085 3087 3081 3086 3079 3154 3155 3156 3157 3158 3159 3156 3160 3161 3161 3154 3156 3162 3163 3160 3161 3160 3163 3164 3162 3165 3162 3164 3163 3166 3167 3164 3164 3165 3166 3168 3167 3169 3166 3169 3167 3168 3170 3171 3170 3168 3169 3172 3171 3173 3171 3170 3173 3174 3172 3175 3172 3174 3171 3176 3174 3175 3176 3175 3177 3178 3155 3154 3179 3180 3178 3178 3154 3179 3181 3180 3182 3179 3182 3180 3183 3182 3184 3182 3183 3181 3184 3185 3186 3186 3183 3184 3187 3188 3185 3186 3185 3188 3189 3190 3187 3187 3190 3188 3189 3191 3192 3191 3189 3187 3193 3194 3192 3192 3191 3193 3195 3194 3196 3193 3196 3194 3197 3196 3198 3196 3197 3195 3198 3199 3200 3200 3197 3198 3157 3201 3199 3200 3199 3201 3202 3158 3203 3157 3159 3201 3204 3205 3206 3207 3205 3208 3209 3210 3211 3212 3209 3213 3214 3215 3216 3217 3218 3214 3219 3220 3221 3220 3222 3215 3223 3224 3225 3221 3225 3226 3227 3228 3229 3230 3227 3231 3232 3233 3228 3229 3228 3233 3234 3232 3235 3232 3234 3233 3236 3235 3237 3236 3234 3235 3238 3239 3237 3237 3235 3238 3240 3239 3241 3238 3241 3239 3240 3176 3177 3176 3240 3241 3230 3223 3227 3231 3227 3229 3225 3224 3226 3223 3230 3224 3242 3219 3221 3221 3226 3242 3215 3222 3243 3219 3222 3220 3217 3214 3216 3216 3215 3243 3209 3218 3210 3210 3218 3217 3204 3212 3213 3209 3211 3213 3206 3205 3207 3212 3204 3206 3202 3203 3207 3208 3202 3207 3158 3157 3203 3244 3245 3246 3247 3248 3249 3250 3251 3252 3253 3254 3255 3256 3257 3258 3259 3260 3261 3262 3263 3264 3265 3266 3267 3268 3269 3270 3271 3272 3273 3274 3275 3276 3277 3278 3279 3280 3281 3282 3283 3284 3285 3286 3287 3288 3289 3290 3291 3292 3293 3294 3295 3296 3297 3298 3299 3300 3301 3302 3303 3303 3297 3301 3304 3305 3302 3303 3302 3305 3306 3304 3307 3304 3306 3305 3307 3308 3309 3309 3306 3307 3310 3311 3308 3309 3308 3311 3312 3310 3313 3310 3312 3311 3313 3314 3315 3315 3312 3313 3316 3317 3314 3315 3314 3317 3318 3316 3246 3316 3318 3317 3245 3318 3246 3300 3296 3295 3297 3296 3301 3290 3299 3298 3298 3300 3295 3293 3289 3291 3289 3299 3290 3292 3294 3283 3293 3291 3294 3285 3284 3286 3292 3283 3285 3287 3279 3288 3284 3287 3286 3277 3282 3278 3279 3278 3288 3272 3281 3280 3280 3282 3277 3275 3271 3273 3271 3281 3272 3274 3276 3265 3275 3273 3276 3267 3266 3268 3274 3265 3267 3269 3261 3270 3266 3269 3268 3259 3264 3260 3261 3260 3270 3254 3263 3262 3262 3264 3259 3257 3253 3255 3253 3263 3254 3256 3258 3247 3257 3255 3258 3249 3248 3252 3256 3247 3249 3250 3244 3251 3248 3250 3252 3246 3251 3244 3319 3320 3321 3322 3323 3324 3321 3325 3326 3326 3319 3321 3327 3328 3325 3326 3325 3328 3329 3327 3330 3327 3329 3328 3331 3332 3329 3329 3330 3331 3333 3332 3334 3331 3334 3332 3333 3335 3336 3335 3333 3334 3337 3336 3338 3336 3335 3338 3339 3337 3340 3337 3339 3336 3341 3339 3340 3341 3340 3342 3343 3320 3319 3344 3345 3343 3343 3319 3344 3346 3345 3347 3344 3347 3345 3348 3347 3349 3347 3348 3346 3349 3350 3351 3351 3348 3349 3352 3353 3350 3351 3350 3353 3354 3355 3352 3352 3355 3353 3354 3356 3357 3356 3354 3352 3358 3359 3357 3357 3356 3358 3360 3359 3361 3358 3361 3359 3362 3361 3363 3361 3362 3360 3363 3364 3365 3365 3362 3363 3322 3366 3364 3365 3364 3366 3367 3323 3368 3322 3324 3366 3369 3370 3371 3372 3370 3373 3374 3375 3376 3377 3374 3378 3379 3380 3381 3382 3383 3379 3384 3385 3386 3385 3387 3380 3388 3389 3390 3386 3390 3391 3392 3393 3394 3395 3392 3396 3397 3398 3393 3394 3393 3398 3399 3397 3400 3397 3399 3398 3401 3400 3402 3401 3399 3400 3403 3404 3402 3402 3400 3403 3405 3404 3406 3403 3406 3404 3405 3341 3342 3341 3405 3406 3395 3388 3392 3396 3392 3394 3390 3389 3391 3388 3395 3389 3407 3384 3386 3386 3391 3407 3380 3387 3408 3384 3387 3385 3382 3379 3381 3381 3380 3408 3374 3383 3375 3375 3383 3382 3369 3377 3378 3374 3376 3378 3371 3370 3372 3377 3369 3371 3367 3368 3372 3373 3367 3372 3323 3322 3368 3409 3410 3411 3412 3413 3414 3415 3416 3417 3418 3419 3420 3421 3422 3423 3424 3425 3426 3427 3428 3429 3430 3431 3432 3433 3434 3435 3436 3437 3438 3439 3440 3441 3442 3443 3444 3445 3446 3447 3448 3449 3450 3451 3452 3453 3454 3455 3456 3457 3458 3459 3460 3461 3462 3463 3464 3465 3466 3467 3468 3468 3462 3466 3469 3470 3467 3468 3467 3470 3471 3469 3472 3469 3471 3470 3472 3473 3474 3474 3471 3472 3475 3476 3473 3474 3473 3476 3477 3475 3478 3475 3477 3476 3478 3479 3480 3480 3477 3478 3481 3482 3479 3480 3479 3482 3483 3481 3411 3481 3483 3482 3410 3483 3411 3465 3461 3460 3462 3461 3466 3455 3464 3463 3463 3465 3460 3458 3454 3456 3454 3464 3455 3457 3459 3448 3458 3456 3459 3450 3449 3451 3457 3448 3450 3452 3444 3453 3449 3452 3451 3442 3447 3443 3444 3443 3453 3437 3446 3445 3445 3447 3442 3440 3436 3438 3436 3446 3437 3439 3441 3430 3440 3438 3441 3432 3431 3433 3439 3430 3432 3434 3426 3435 3431 3434 3433 3424 3429 3425 3426 3425 3435 3419 3428 3427 3427 3429 3424 3422 3418 3420 3418 3428 3419 3421 3423 3412 3422 3420 3423 3414 3413 3417 3421 3412 3414 3415 3409 3416 3413 3415 3417 3411 3416 3409 3484 3485 3486 3487 3488 3489 3484 3490 3491 3490 3484 3486 3492 3493 3491 3491 3490 3492 3493 3494 3495 3492 3494 3493 3495 3496 3497 3497 3493 3495 3498 3499 3496 3497 3496 3499 3500 3498 3501 3498 3500 3499 3502 3503 3500 3500 3501 3502 3504 3503 3505 3502 3505 3503 3504 3505 3506 3507 3486 3485 3508 3507 3485 3509 3510 3508 3508 3485 3509 3511 3510 3512 3509 3512 3510 3513 3512 3514 3512 3513 3511 3514 3515 3516 3516 3513 3514 3517 3518 3515 3516 3515 3518 3519 3520 3517 3517 3520 3518 3519 3521 3522 3521 3519 3517 3523 3524 3522 3522 3521 3523 3525 3524 3526 3523 3526 3524 3527 3526 3528 3526 3527 3525 3528 3529 3530 3530 3527 3528 3487 3531 3529 3530 3529 3531 3532 3488 3533 3487 3489 3531 3534 3535 3536 3537 3535 3538 3539 3540 3541 3542 3539 3543 3544 3545 3546 3547 3548 3544 3549 3550 3551 3550 3552 3545 3553 3554 3555 3551 3555 3556 3557 3558 3559 3560 3557 3561 3562 3563 3558 3559 3558 3563 3564 3562 3565 3562 3564 3563 3566 3565 3567 3566 3564 3565 3568 3569 3567 3567 3565 3568 3570 3569 3571 3568 3571 3569 3570 3504 3506 3504 3570 3571 3560 3553 3557 3561 3557 3559 3555 3554 3556 3553 3560 3554 3572 3549 3551 3551 3556 3572 3545 3552 3573 3549 3552 3550 3547 3544 3546 3546 3545 3573 3539 3548 3540 3540 3548 3547 3534 3542 3543 3539 3541 3543 3536 3535 3537 3542 3534 3536 3532 3533 3537 3538 3532 3537 3488 3487 3533 3574 3575 3576 3577 3578 3579 3580 3581 3582 3583 3584 3585 3586 3587 3588 3589 3590 3591 3592 3593 3594 3595 3596 3597 3598 3599 3600 3601 3602 3603 3604 3605 3606 3607 3608 3609 3610 3611 3612 3613 3614 3615 3616 3617 3618 3619 3620 3621 3622 3623 3624 3625 3626 3627 3628 3629 3630 3631 3632 3633 3633 3627 3631 3634 3635 3632 3633 3632 3635 3636 3634 3637 3634 3636 3635 3637 3638 3639 3639 3636 3637 3640 3641 3638 3639 3638 3641 3642 3640 3643 3640 3642 3641 3643 3644 3645 3645 3642 3643 3646 3647 3644 3645 3644 3647 3648 3646 3576 3646 3648 3647 3575 3648 3576 3630 3626 3625 3627 3626 3631 3620 3629 3628 3628 3630 3625 3623 3619 3621 3619 3629 3620 3622 3624 3613 3623 3621 3624 3615 3614 3616 3622 3613 3615 3617 3609 3618 3614 3617 3616 3607 3612 3608 3609 3608 3618 3602 3611 3610 3610 3612 3607 3605 3601 3603 3601 3611 3602 3604 3606 3595 3605 3603 3606 3597 3596 3598 3604 3595 3597 3599 3591 3600 3596 3599 3598 3589 3594 3590 3591 3590 3600 3584 3593 3592 3592 3594 3589 3587 3583 3585 3583 3593 3584 3586 3588 3577 3587 3585 3588 3579 3578 3582 3586 3577 3579 3580 3574 3581 3578 3580 3582 3576 3581 3574 3649 3650 3651 3652 3653 3654 3651 3655 3656 3656 3649 3651 3657 3658 3655 3656 3655 3658 3659 3657 3660 3657 3659 3658 3661 3662 3659 3659 3660 3661 3663 3662 3664 3661 3664 3662 3663 3665 3666 3665 3663 3664 3667 3666 3668 3666 3665 3668 3669 3667 3670 3667 3669 3666 3671 3669 3670 3671 3670 3672 3673 3650 3649 3674 3675 3673 3673 3649 3674 3676 3675 3677 3674 3677 3675 3678 3677 3679 3677 3678 3676 3679 3680 3681 3681 3678 3679 3682 3683 3680 3681 3680 3683 3684 3685 3682 3682 3685 3683 3684 3686 3687 3686 3684 3682 3688 3689 3687 3687 3686 3688 3690 3689 3691 3688 3691 3689 3692 3691 3693 3691 3692 3690 3693 3694 3695 3695 3692 3693 3652 3696 3694 3695 3694 3696 3697 3653 3698 3652 3654 3696 3699 3700 3701 3702 3700 3703 3704 3705 3706 3707 3704 3708 3709 3710 3711 3712 3713 3709 3714 3715 3716 3715 3717 3710 3718 3719 3720 3716 3720 3721 3722 3723 3724 3725 3722 3726 3727 3728 3723 3724 3723 3728 3729 3727 3730 3727 3729 3728 3731 3730 3732 3731 3729 3730 3733 3734 3732 3732 3730 3733 3735 3734 3736 3733 3736 3734 3735 3671 3672 3671 3735 3736 3725 3718 3722 3726 3722 3724 3720 3719 3721 3718 3725 3719 3737 3714 3716 3716 3721 3737 3710 3717 3738 3714 3717 3715 3712 3709 3711 3711 3710 3738 3704 3713 3705 3705 3713 3712 3699 3707 3708 3704 3706 3708 3701 3700 3702 3707 3699 3701 3697 3698 3702 3703 3697 3702 3653 3652 3698 3739 3740 3741 3742 3743 3744 3745 3746 3740 3741 3740 3746 3747 3745 3748 3745 3747 3746 3748 3749 3750 3750 3747 3748 3751 3752 3749 3750 3749 3752 3753 3751 3754 3751 3753 3752 3754 3755 3756 3756 3753 3754 3757 3758 3755 3756 3755 3758 3759 3757 3760 3757 3759 3758 3759 3760 3761 3741 3762 3739 3762 3763 3739 3763 3764 3765 3764 3763 3762 3766 3767 3765 3765 3764 3766 3768 3767 3769 3766 3769 3767 3768 3770 3771 3770 3768 3769 3772 3773 3771 3771 3770 3772 3774 3773 3775 3772 3775 3773 3774 3776 3777 3776 3774 3775 3778 3743 3777 3777 3776 3778 3778 3744 3743 3779 3780 3781 3782 3783 3784 3785 3786 3787 3788 3789 3790 3791 3792 3793 3794 3795 3796 3797 3798 3799 3800 3801 3802 3803 3804 3805 3806 3805 3807 3808 3803 3809 3803 3808 3804 3809 3810 3811 3811 3808 3809 3812 3813 3810 3811 3810 3813 3760 3812 3761 3812 3760 3813 3806 3807 3797 3805 3804 3807 3799 3798 3800 3806 3797 3799 3801 3793 3802 3798 3801 3800 3791 3796 3792 3793 3792 3802 3786 3795 3794 3794 3796 3791 3789 3785 3787 3785 3795 3786 3788 3790 3779 3789 3787 3790 3781 3780 3784 3788 3779 3781 3782 3742 3783 3780 3782 3784 3744 3783 3742</p>
        </triangles>
      </mesh>
    </geometry>
    <geometry id="ID12">
      <mesh>
        <source id="ID13">
          <float_array count="3618" id="ID14">-0.0987118 -0.0159994 2e-07 -0.0965563 -0.0163908 -0.00878793 -0.0966088 -0.016916 -0.00818754 -0.0907715 -0.0296767 -0.019175 -0.0940684 -0.0251747 -0.0111691 -0.0939193 -0.0250312 -0.0119407 -0.0966264 -0.0175192 -0.00766264 -0.0937345 -0.0243965 -0.0133907 -0.0936997 -0.0239255 -0.0140353 -0.0966078 -0.0181869 -0.00722329 -0.0965522 -0.0189052 -0.00687843 -0.096459 -0.0196628 -0.0066356 -0.0963289 -0.0204393 -0.0065046 -0.0961623 -0.0212231 -0.00649134 -0.0959636 -0.0219894 -0.00660173 -0.0957363 -0.022719 -0.0068378 -0.0954881 -0.0233895 -0.00719727 -0.0953591 -0.0301104 -4.64351e-17 -0.0710865 -0.0637721 -0.019175 -0.0737559 -0.0675282 -4.64351e-17 -0.0827486 -0.0561487 -4.64351e-17 -0.0949637 -0.0244644 -0.00824848 -0.0947075 -0.0248343 -0.00890807 -0.0900005 -0.043588 -4.64351e-17 -0.0858233 -0.0418825 -0.019175 -0.0792169 -0.0533354 -0.019175 -0.0942528 -0.0251918 -0.0103915 -0.0938076 -0.0247688 -0.0126873 -0.0937021 -0.0233672 -0.0146076 -0.0937397 -0.0227353 -0.0150953 -0.0939111 -0.0213038 -0.015778 -0.0938103 -0.0220425 -0.0154884 -0.0940393 -0.0205352 -0.0159564 -0.0940029 -0.0168434 -0.019175 -0.0941923 -0.0197515 -0.0160181 -0.0943661 -0.0189745 -0.0159587 -0.0945582 -0.0182204 -0.0157762 -0.0947543 -0.0176412 -0.0154148 -0.0949537 -0.017112 -0.0149853 -0.0951552 -0.0166406 -0.0144909 -0.0688361 -0.0688787 -0.0111677 -0.0689428 -0.0690299 -0.0103906 -0.0615883 -0.0729872 -0.0191752 -0.0636149 -0.0722366 -0.0159587 -0.0642007 -0.0716978 -0.0160182 -0.0648025 -0.0711738 -0.0159568 -0.065403 -0.0706793 -0.0157789 -0.064054 -0.0745716 -0.00722337 -0.0634844 -0.0749218 -0.00766342 -0.0632118 -0.0774872 4.64351e-17 -0.0686368 -0.0688212 -0.0119414 -0.0626549 -0.0732391 -0.0154149 -0.0622961 -0.0736764 -0.0149852 -0.0619888 -0.0740865 -0.0144909 -0.0630584 -0.0727796 -0.0157762 -0.0665567 -0.0698152 -0.0150973 -0.0670864 -0.0694657 -0.0146091 -0.065993 -0.070222 -0.0154895 -0.0675687 -0.0691845 -0.014037 -0.0679943 -0.0689788 -0.0133921 -0.068354 -0.0688557 -0.0126875 -0.068667 -0.070011 -0.00824528 -0.0688601 -0.0696033 -0.00890581 -0.0689521 -0.0692733 -0.00962792 -0.0683768 -0.070483 -0.00766909 -0.0675416 -0.0715529 -0.00683624 -0.0679976 -0.071003 -0.00719489 -0.0670234 -0.0721139 -0.00660077 -0.0664592 -0.0726693 -0.00649087 -0.0658652 -0.0732039 -0.00650425 -0.0944677 -0.0250787 -0.00963067 -0.0652569 -0.0737054 -0.00663579 -0.0646486 -0.0741642 -0.00687829 -0.0629541 -0.0752077 -0.00818755 -0.062473 -0.0754249 -0.00878793 -0.0952274 -0.0239769 -0.0076715 -0.0951552 -0.0166406 0.0144909 -0.0949538 -0.0171117 0.014985 -0.0940029 -0.0168434 0.0191752 -0.0945582 -0.0182204 0.0157762 -0.0943661 -0.0189744 0.0159587 -0.0947544 -0.0176411 0.0154148 -0.094192 -0.0197525 0.0160182 -0.0665608 -0.0698122 0.0150939 -0.0710865 -0.0637721 0.019175 -0.0670897 -0.0694635 0.0146056 -0.0939113 -0.0213029 0.0157784 -0.0907715 -0.0296767 0.019175 -0.066458 -0.0726702 0.0064912 -0.0670239 -0.0721134 0.00660129 -0.0632118 -0.0774872 4.64351e-17 -0.0679967 -0.0689776 0.0133881 -0.0683553 -0.0688551 0.0126847 -0.0688366 -0.0688787 0.0111662 -0.0686382 -0.0688209 0.0119379 -0.0652552 -0.0737066 0.00663651 -0.0646471 -0.0741652 0.00687913 -0.0900005 -0.043588 -4.64351e-17 -0.0791829 -0.0533839 0.019175 -0.0857982 -0.0419361 0.019175 -0.0827486 -0.0561487 -4.64351e-17 -0.0737559 -0.0675282 -4.64351e-17 -0.0940685 -0.0251741 0.0111693 -0.0939194 -0.025031 0.0119406 -0.0953591 -0.0301104 -4.64351e-17 -0.0942531 -0.0251914 0.0103903 -0.0947081 -0.0248333 0.00890624 -0.0949644 -0.0244626 0.00824649 -0.0944681 -0.0250778 0.00962946 -0.0952281 -0.0239754 0.00766986 -0.0954888 -0.0233874 0.00719576 -0.0957369 -0.0227178 0.00683681 -0.0959637 -0.0219887 0.00660122 -0.0987118 -0.0159994 2e-07 -0.0961626 -0.0212227 0.00649093 -0.0963286 -0.020441 0.00650412 -0.096459 -0.0196637 0.00663518 -0.0965521 -0.0189077 0.00687732 -0.0966078 -0.0181885 0.00722231 -0.0966264 -0.0175212 0.00766115 -0.0966088 -0.0169171 0.00818644 -0.0965563 -0.0163908 0.00878793 -0.0686675 -0.0700105 0.00824609 -0.0688606 -0.0696031 0.00890593 -0.0679983 -0.0710022 0.00719579 -0.0675417 -0.0715528 0.00683668 -0.063483 -0.0749226 0.00766464 -0.0629533 -0.075208 0.00818832 -0.062473 -0.0754249 0.00878793 -0.0640525 -0.0745725 0.0072244 -0.0658649 -0.0732041 0.00650457 -0.0683775 -0.0704824 0.00766993 -0.0689524 -0.0692732 0.00962784 -0.0689433 -0.0690301 0.0103888 -0.0675714 -0.0691829 0.0140333 -0.0659968 -0.0702191 0.0154871 -0.0654073 -0.0706758 0.0157771 -0.0938076 -0.0247679 0.0126884 -0.0937346 -0.0243956 0.0133919 -0.0615883 -0.0729872 0.019175 -0.0648059 -0.0711709 0.015956 -0.0936999 -0.0239242 0.0140366 -0.0642043 -0.0716946 0.0160181 -0.0937023 -0.023365 0.0146095 -0.0636165 -0.0722351 0.0159589 -0.0937399 -0.0227337 0.0150964 -0.0630584 -0.0727796 0.0157762 -0.0626549 -0.0732391 0.0154149 -0.0622962 -0.0736764 0.0149852 -0.0619888 -0.0740865 0.0144909 -0.0938106 -0.0220399 0.0154897 -0.0940396 -0.0205336 0.0159568 -0.0601243 -0.0678617 -0.00978184 -0.060239 -0.0676629 -0.0100213 -0.0887722 -0.0182421 -0.00989671 -0.090442 -0.0153498 0.0109195 -0.0943894 -0.00851278 4.44089e-18 -0.0904561 -0.0153255 0.01125 -0.0596842 -0.0686239 -0.0093381 -0.054567 -0.0774872 1.77636e-18 -0.0595197 -0.0689089 -0.00929596 -0.0890379 -0.0177818 -0.0129964 -0.0917913 -0.0130128 -0.019175 -0.0891918 -0.0175152 -0.0131201 -0.0895197 -0.0169474 0.00929596 -0.089354 -0.0172344 0.00931004 -0.0917913 -0.0130128 0.019175 -0.0571651 -0.0729872 0.019175 -0.0888967 -0.0180264 0.0128225 -0.0903319 -0.0155406 0.0102962 -0.0904002 -0.0154222 0.0105984 -0.0901243 -0.0159002 0.00978184 -0.090239 -0.0157014 0.0100213 -0.0898428 -0.0163877 0.00943523 -0.0899909 -0.0161312 0.00958458 -0.0896842 -0.0166624 0.0093381 -0.0888967 -0.0180264 -0.00967754 -0.0891918 -0.0175152 0.00937993 -0.0603319 -0.0675021 0.0102962 -0.0885871 -0.0185627 0.0104444 -0.0604002 -0.0673837 0.0105984 -0.088668 -0.0184225 0.0101548 -0.060442 -0.0673114 0.0109195 -0.0885318 -0.0186584 0.0107572 -0.0885038 -0.0187069 0.0110841 -0.0604561 -0.067287 0.01125 -0.0598428 -0.0683492 -0.00943523 -0.0598428 -0.0683492 0.00943523 -0.0885318 -0.0186584 0.0117428 -0.0604002 -0.0673837 0.0119016 -0.060442 -0.0673114 0.0115805 -0.0885038 -0.0187069 0.0114159 -0.0601243 -0.0678617 0.0127182 -0.060239 -0.0676629 0.0124787 -0.0887722 -0.0182421 0.0126033 -0.0603319 -0.0675021 0.0122038 -0.0885871 -0.0185627 0.0120556 -0.088668 -0.0184225 0.0123452 -0.0598428 -0.0683492 0.0130648 -0.0596842 -0.0686239 0.0131619 -0.0599909 -0.0680927 0.0129154 -0.0595197 -0.0689089 0.013204 -0.059354 -0.0691959 0.01319 -0.0891918 -0.0175152 0.0131201 -0.0890379 -0.0177818 0.0129964 -0.0895197 -0.0169474 0.013204 -0.089354 -0.0172344 0.01319 -0.0898428 -0.0163877 0.0130648 -0.0896842 -0.0166624 0.0131619 -0.0901243 -0.0159002 0.0127182 -0.0899909 -0.0161312 0.0129154 -0.0903319 -0.0155406 0.0122038 -0.090239 -0.0157014 0.0124787 -0.090442 -0.0153498 0.0115805 -0.0904002 -0.0154222 0.0119016 -0.060239 -0.0676629 0.0100213 -0.0585038 -0.0706684 0.0114159 -0.0585038 -0.0706684 0.0110841 -0.0601243 -0.0678617 0.00978184 -0.0887722 -0.0182421 0.00989671 -0.0888967 -0.0180264 0.00967754 -0.0599909 -0.0680927 0.00958458 -0.0591918 -0.0694767 -0.00937993 -0.059354 -0.0691959 -0.00931004 -0.0596842 -0.0686239 0.0093381 -0.0587722 -0.0702036 -0.00989671 -0.0588967 -0.0699879 -0.00967754 -0.059354 -0.0691959 0.00931004 -0.0595197 -0.0689089 0.00929596 -0.0590379 -0.0697433 0.00950362 -0.0591918 -0.0694767 0.00937993 -0.0587722 -0.0702036 0.00989671 -0.0588967 -0.0699879 0.00967754 -0.0585871 -0.0705242 0.0104444 -0.058668 -0.0703841 0.0101548 -0.0585318 -0.0706199 0.0107572 -0.0585318 -0.0706199 0.0117428 -0.058668 -0.0703841 0.0123452 -0.0585871 -0.0705242 0.0120556 -0.0588967 -0.0699879 0.0128225 -0.0587722 -0.0702036 0.0126033 -0.0591918 -0.0694767 0.0131201 -0.0590379 -0.0697433 0.0129964 -0.0585871 -0.0705242 -0.0120556 -0.0585318 -0.0706199 -0.0117428 -0.0571651 -0.0729872 -0.019175 -0.0604002 -0.0673837 -0.0119016 -0.0603319 -0.0675021 -0.0122038 -0.0885871 -0.0185627 -0.0120556 -0.0599909 -0.0680927 -0.0129154 -0.0888967 -0.0180264 -0.0128225 -0.0601243 -0.0678617 -0.0127182 -0.0904561 -0.0153255 -0.01125 -0.090442 -0.0153498 -0.0115805 -0.0598428 -0.0683492 -0.0130648 -0.0595197 -0.0689089 -0.013204 -0.0596842 -0.0686239 -0.0131619 -0.0591918 -0.0694767 -0.0131201 -0.059354 -0.0691959 -0.01319 -0.0588967 -0.0699879 -0.0128225 -0.0590379 -0.0697433 -0.0129964 -0.058668 -0.0703841 -0.0123452 -0.0587722 -0.0702036 -0.0126033 -0.0585038 -0.0706684 -0.0114159 -0.0585318 -0.0706199 -0.0107572 -0.0585038 -0.0706684 -0.0110841 -0.058668 -0.0703841 -0.0101548 -0.0585871 -0.0705242 -0.0104444 -0.0590379 -0.0697433 -0.00950362 -0.0599909 -0.0680927 -0.00958458 -0.0885871 -0.0185627 -0.0104444 -0.0603319 -0.0675021 -0.0102962 -0.0604002 -0.0673837 -0.0105984 -0.060442 -0.0673114 -0.0115805 -0.0885318 -0.0186584 -0.0117428 -0.0885038 -0.0187069 -0.0114159 -0.088668 -0.0184225 -0.0123452 -0.0604561 -0.067287 -0.01125 -0.060239 -0.0676629 -0.0124787 -0.0887722 -0.0182421 -0.0126033 -0.0903319 -0.0155406 -0.0122038 -0.0904002 -0.0154222 -0.0119016 -0.0901243 -0.0159002 -0.0127182 -0.090239 -0.0157014 -0.0124787 -0.089354 -0.0172344 -0.01319 -0.0898428 -0.0163877 -0.0130648 -0.0899909 -0.0161312 -0.0129154 -0.0895197 -0.0169474 -0.013204 -0.0896842 -0.0166624 -0.0131619 -0.0890379 -0.0177818 -0.00950362 -0.0891918 -0.0175152 -0.00937993 -0.0890379 -0.0177818 0.00950362 -0.0885038 -0.0187069 -0.0110841 -0.060442 -0.0673114 -0.0109195 -0.0885318 -0.0186584 -0.0107572 -0.088668 -0.0184225 -0.0101548 -0.0895197 -0.0169474 -0.00929596 -0.089354 -0.0172344 -0.00931004 -0.0898428 -0.0163877 -0.00943523 -0.0896842 -0.0166624 -0.0093381 -0.0901243 -0.0159002 -0.00978184 -0.0899909 -0.0161312 -0.00958458 -0.0903319 -0.0155406 -0.0102962 -0.090239 -0.0157014 -0.0100213 -0.090442 -0.0153498 -0.0109195 -0.0904002 -0.0154222 -0.0105984 -0.0917913 -0.0130128 -0.019175 -0.0951563 -0.015779 -0.0126511 -0.095246 -0.0156252 -0.0119924 -0.0987118 -0.0159994 2e-07 -0.0960037 -0.0157167 -0.00939094 -0.0965563 -0.0163908 -0.00878793 -0.0943894 -0.00851278 4.44089e-18 -0.0955576 -0.0155427 -0.0106679 -0.0957671 -0.0156024 -0.0100215 -0.0953814 -0.0155476 -0.0113277 -0.0951134 -0.0160051 -0.0132916 -0.0951143 -0.0162948 -0.0139058 -0.0940029 -0.0168434 -0.019175 -0.0951552 -0.0166406 -0.0144909 -0.0951141 -0.0162941 0.0139045 -0.0940029 -0.0168434 0.0191752 -0.0951129 -0.0160025 0.0132879 -0.0951552 -0.0166406 0.0144909 -0.0917913 -0.0130128 0.019175 -0.0951567 -0.0157767 0.0126458 -0.0943894 -0.00851278 4.44089e-18 -0.0960037 -0.0157167 0.00939094 -0.0957679 -0.0156027 0.0100192 -0.0953836 -0.0155486 0.0113214 -0.0952473 -0.0156247 0.0119869 -0.0955596 -0.0155443 0.010663 -0.0987118 -0.0159994 2e-07 -0.0965563 -0.0163908 0.00878793 -0.0917913 -0.0130128 -0.019175 -0.0907715 -0.0296767 -0.019175 -0.0940029 -0.0168434 -0.019175 -0.0792169 -0.0533354 -0.019175 -0.0858233 -0.0418825 -0.019175 -0.0710865 -0.0637721 -0.019175 -0.0571651 -0.0729872 -0.019175 -0.0615883 -0.0729872 -0.0191752 -0.0614046 -0.0743759 -0.0132581 -0.0616608 -0.0742276 -0.0138899 -0.0615883 -0.0729872 -0.0191752 -0.0619888 -0.0740865 -0.0144909 -0.0571651 -0.0729872 -0.019175 -0.0612327 -0.0745302 -0.0126004 -0.054567 -0.0774872 1.77636e-18 -0.0616129 -0.0752833 -0.00939094 -0.0614015 -0.0751411 -0.00999718 -0.0611615 -0.0748471 -0.01125 -0.061151 -0.0746877 -0.011929 -0.0612511 -0.0749957 -0.0106169 -0.0632118 -0.0774872 4.64351e-17 -0.062473 -0.0754249 -0.00878793 -0.0710865 -0.0637721 0.019175 -0.0615883 -0.0729872 0.019175 -0.0571651 -0.0729872 0.019175 -0.0917913 -0.0130128 0.019175 -0.0907715 -0.0296767 0.019175 -0.0940029 -0.0168434 0.0191752 -0.0791829 -0.0533839 0.019175 -0.0857982 -0.0419361 0.019175 -0.0612338 -0.0745293 0.0126042 -0.061151 -0.0746876 0.0119296 -0.0571651 -0.0729872 0.019175 -0.054567 -0.0774872 1.77636e-18 -0.0616129 -0.0752833 0.00939094 -0.0632118 -0.0774872 4.64351e-17 -0.061251 -0.0749956 0.0106174 -0.0614014 -0.075141 0.00999776 -0.062473 -0.0754249 0.00878793 -0.0611615 -0.0748471 0.01125 -0.0614077 -0.0743753 0.013261 -0.0616614 -0.0742274 0.0138911 -0.0615883 -0.0729872 0.019175 -0.0619888 -0.0740865 0.0144909 -0.091971 -0.0162309 0.0115719 -0.0919843 -0.0162079 0.01125 -0.0904561 -0.0153255 0.01125 -0.0917783 -0.0165647 0.0124508 -0.0918666 -0.0164118 0.0121805 -0.0903319 -0.0155406 0.0122038 -0.0919314 -0.0162995 0.0118848 -0.090442 -0.0153498 0.0115805 -0.0904002 -0.0154222 0.0119016 -0.0899909 -0.0161312 0.0129154 -0.0913997 -0.0172205 0.0130406 -0.0915417 -0.0169746 0.0128868 -0.090239 -0.0157014 0.0124787 -0.0901243 -0.0159002 0.0127182 -0.091669 -0.016754 0.0126884 -0.0910878 -0.0177607 0.013199 -0.0895197 -0.0169474 0.013204 -0.0909264 -0.0180404 0.0131992 -0.0912471 -0.0174849 0.0131456 -0.0898428 -0.0163877 0.0130648 -0.0896842 -0.0166624 0.0131619 -0.0904723 -0.0188268 0.0128881 -0.0906143 -0.0185808 0.0130416 -0.0890379 -0.0177818 0.0129964 -0.0891918 -0.0175152 0.0131201 -0.0907671 -0.0183162 0.0131462 -0.089354 -0.0172344 0.01319 -0.088668 -0.0184225 0.0123452 -0.0901469 -0.0193904 0.0121824 -0.0902353 -0.0192373 0.0124526 -0.0888967 -0.0180264 0.0128225 -0.0887722 -0.0182421 0.0126033 -0.0903448 -0.0190477 0.01269 -0.0900421 -0.0195719 0.0115738 -0.0885038 -0.0187069 0.0114159 -0.0900287 -0.0195952 0.01125 -0.0900819 -0.019503 0.0118868 -0.0885871 -0.0185627 0.0120556 -0.0885318 -0.0186584 0.0117428 -0.0901461 -0.0193919 0.0103206 -0.0900813 -0.0195041 0.0106169 -0.0885871 -0.0185627 0.0104444 -0.0885318 -0.0186584 0.0107572 -0.0900418 -0.0195724 0.0109291 -0.0885038 -0.0187069 0.0110841 -0.0888967 -0.0180264 0.00967754 -0.0904711 -0.0188288 0.00961333 -0.0903437 -0.0190496 0.00981201 -0.088668 -0.0184225 0.0101548 -0.0887722 -0.0182421 0.00989671 -0.0902343 -0.019239 0.0100499 -0.0907658 -0.0183185 0.00935446 -0.089354 -0.0172344 0.00931004 -0.090925 -0.0180427 0.00930109 -0.0906131 -0.0185829 0.00945944 -0.0890379 -0.0177818 0.00950362 -0.0891918 -0.0175152 0.00937993 -0.0895197 -0.0169474 0.00929596 -0.0896842 -0.0166624 0.0093381 -0.0910865 -0.017763 0.00930086 -0.0898428 -0.0163877 0.00943523 -0.0912458 -0.017487 0.00935379 -0.0913987 -0.0172223 0.00945847 -0.0899909 -0.0161312 0.00958458 -0.0901243 -0.0159002 0.00978184 -0.0915408 -0.0169761 0.00961205 -0.090239 -0.0157014 0.0100213 -0.0916684 -0.0167552 0.00981038 -0.0917779 -0.0165655 0.010048 -0.0903319 -0.0155406 0.0102962 -0.0904002 -0.0154222 0.0105984 -0.0918663 -0.0164123 0.0103185 -0.090442 -0.0153498 0.0109195 -0.0919313 -0.0162998 0.0106145 -0.091971 -0.016231 0.0109278 -0.0919843 -0.0162079 0.01125 -0.0955596 -0.0155443 0.010663 -0.091971 -0.016231 0.0109278 -0.0900287 -0.0195952 0.01125 -0.0914242 -0.0236486 0.01125 -0.0900421 -0.0195719 0.0115738 -0.0957679 -0.0156027 0.0100192 -0.0919313 -0.0162998 0.0106145 -0.0918663 -0.0164123 0.0103185 -0.0960037 -0.0157167 0.00939094 -0.0958131 -0.0160468 0.0086696 -0.0917779 -0.0165655 0.010048 -0.0955638 -0.0164786 0.00802381 -0.0916684 -0.0167552 0.00981038 -0.0915408 -0.0169761 0.00961205 -0.0952631 -0.0169994 0.00747248 -0.0949198 -0.017594 0.00703174 -0.0913987 -0.0172223 0.00945847 -0.094544 -0.018245 0.00671451 -0.0912458 -0.017487 0.00935379 -0.0910865 -0.017763 0.00930086 -0.0941466 -0.0189333 0.00653006 -0.0937393 -0.0196387 0.00648381 -0.0933341 -0.0203406 0.0065771 -0.090925 -0.0180427 0.00930109 -0.0929427 -0.0210185 0.00680721 -0.0907658 -0.0183185 0.00935446 -0.0906131 -0.0185829 0.00945944 -0.0925767 -0.0216525 0.00716739 -0.0922467 -0.0222241 0.0076471 -0.0904711 -0.0188288 0.00961333 -0.0919624 -0.0227164 0.0082323 -0.0903437 -0.0190496 0.00981201 -0.0902343 -0.019239 0.0100499 -0.0917322 -0.0231151 0.00890585 -0.0915628 -0.0234086 0.00964803 -0.0901461 -0.0193919 0.0103206 -0.0914591 -0.0235882 0.0104371 -0.0900813 -0.0195041 0.0106169 -0.0900418 -0.0195724 0.0109291 -0.0953836 -0.0155486 0.0113214 -0.0952473 -0.0156247 0.0119869 -0.091971 -0.0162309 0.0115719 -0.0919314 -0.0162995 0.0118848 -0.0951567 -0.0157767 0.0126458 -0.0918666 -0.0164118 0.0121805 -0.0917783 -0.0165647 0.0124508 -0.0951129 -0.0160025 0.0132879 -0.0951552 -0.0166406 0.0144909 -0.0951141 -0.0162941 0.0139045 -0.0915417 -0.0169746 0.0128868 -0.0949538 -0.0171117 0.014985 -0.091669 -0.016754 0.0126884 -0.0947544 -0.0176411 0.0154148 -0.0913997 -0.0172205 0.0130406 -0.0945582 -0.0182204 0.0157762 -0.0912471 -0.0174849 0.0131456 -0.0910878 -0.0177607 0.013199 -0.0941601 -0.01891 0.015966 -0.0907671 -0.0183162 0.0131462 -0.0933447 -0.0203222 0.0159272 -0.0909264 -0.0180404 0.0131992 -0.0937516 -0.0196175 0.0160168 -0.0929516 -0.0210032 0.0156997 -0.0906143 -0.0185808 0.0130416 -0.0925836 -0.0216404 0.015341 -0.0904723 -0.0188268 0.0128881 -0.0922518 -0.0222152 0.0148618 -0.0903448 -0.0190477 0.01269 -0.0902353 -0.0192373 0.0124526 -0.0919659 -0.0227104 0.0142761 -0.0901469 -0.0193904 0.0121824 -0.0917342 -0.0231117 0.0136012 -0.0915637 -0.023407 0.0128571 -0.0900819 -0.019503 0.0118868 -0.0914593 -0.0235878 0.0120656 -0.061971 -0.0681924 0.0115719 -0.0619843 -0.0681694 0.01125 -0.0604561 -0.067287 0.01125 -0.0617783 -0.0685262 0.0124508 -0.0618666 -0.0683733 0.0121805 -0.0603319 -0.0675021 0.0122038 -0.0619314 -0.068261 0.0118848 -0.060442 -0.0673114 0.0115805 -0.0604002 -0.0673837 0.0119016 -0.0599909 -0.0680927 0.0129154 -0.0613997 -0.069182 0.0130406 -0.0615417 -0.0689361 0.0128868 -0.060239 -0.0676629 0.0124787 -0.0601243 -0.0678617 0.0127182 -0.061669 -0.0687155 0.0126884 -0.0610878 -0.0697222 0.013199 -0.0595197 -0.0689089 0.013204 -0.0609264 -0.0700019 0.0131992 -0.0612471 -0.0694464 0.0131456 -0.0598428 -0.0683492 0.0130648 -0.0596842 -0.0686239 0.0131619 -0.0604723 -0.0707884 0.0128881 -0.0606143 -0.0705423 0.0130416 -0.0590379 -0.0697433 0.0129964 -0.0591918 -0.0694767 0.0131201 -0.0607671 -0.0702778 0.0131462 -0.059354 -0.0691959 0.01319 -0.058668 -0.0703841 0.0123452 -0.0601469 -0.071352 0.0121824 -0.0602353 -0.0711988 0.0124526 -0.0588967 -0.0699879 0.0128225 -0.0587722 -0.0702036 0.0126033 -0.0603448 -0.0710092 0.01269 -0.0600421 -0.0715335 0.0115738 -0.0585038 -0.0706684 0.0114159 -0.0600287 -0.0715568 0.01125 -0.0600819 -0.0714646 0.0118868 -0.0585871 -0.0705242 0.0120556 -0.0585318 -0.0706199 0.0117428 -0.0601461 -0.0713534 0.0103206 -0.0600813 -0.0714656 0.0106169 -0.0585871 -0.0705242 0.0104444 -0.0585318 -0.0706199 0.0107572 -0.0600418 -0.0715339 0.0109291 -0.0585038 -0.0706684 0.0110841 -0.0588967 -0.0699879 0.00967754 -0.0604711 -0.0707903 0.00961333 -0.0603437 -0.0710111 0.00981201 -0.058668 -0.0703841 0.0101548 -0.0587722 -0.0702036 0.00989671 -0.0602343 -0.0712005 0.0100499 -0.0607658 -0.07028 0.00935446 -0.059354 -0.0691959 0.00931004 -0.060925 -0.0700042 0.00930109 -0.0606131 -0.0705444 0.00945944 -0.0590379 -0.0697433 0.00950362 -0.0591918 -0.0694767 0.00937993 -0.0595197 -0.0689089 0.00929596 -0.0596842 -0.0686239 0.0093381 -0.0610865 -0.0697245 0.00930086 -0.0598428 -0.0683492 0.00943523 -0.0612458 -0.0694485 0.00935379 -0.0613987 -0.0691838 0.00945847 -0.0599909 -0.0680927 0.00958458 -0.0601243 -0.0678617 0.00978184 -0.0615408 -0.0689377 0.00961205 -0.060239 -0.0676629 0.0100213 -0.0616684 -0.0687167 0.00981038 -0.0617779 -0.068527 0.010048 -0.0603319 -0.0675021 0.0102962 -0.0604002 -0.0673837 0.0105984 -0.0618663 -0.0683738 0.0103185 -0.060442 -0.0673114 0.0109195 -0.0619313 -0.0682613 0.0106145 -0.061971 -0.0681925 0.0109278 -0.0601469 -0.071352 0.0121824 -0.0600819 -0.0714646 0.0118868 -0.0612338 -0.0745293 0.0126042 -0.0603448 -0.0710092 0.01269 -0.0622962 -0.0736764 0.0149852 -0.0604723 -0.0707884 0.0128881 -0.0626549 -0.0732391 0.0154149 -0.0606143 -0.0705423 0.0130416 -0.061151 -0.0746876 0.0119296 -0.0600421 -0.0715335 0.0115738 -0.0600287 -0.0715568 0.01125 -0.0611615 -0.0748471 0.01125 -0.0614077 -0.0743753 0.013261 -0.0616614 -0.0742274 0.0138911 -0.0619888 -0.0740865 0.0144909 -0.0602353 -0.0711988 0.0124526 -0.0630584 -0.0727796 0.0157762 -0.0642695 -0.0706819 0.0159281 -0.0610878 -0.0697222 0.013199 -0.0638635 -0.0713852 0.0160169 -0.0634558 -0.0720914 0.0159658 -0.0609264 -0.0700019 0.0131992 -0.0607671 -0.0702778 0.0131462 -0.0650295 -0.0693656 0.0153451 -0.0653611 -0.0687912 0.0148681 -0.0615417 -0.0689361 0.0128868 -0.0612471 -0.0694464 0.0131456 -0.0646621 -0.070002 0.015702 -0.0613997 -0.069182 0.0130406 -0.0618666 -0.0683733 0.0121805 -0.0658792 -0.0678939 0.0136124 -0.0660505 -0.0675973 0.0128707 -0.0617783 -0.0685262 0.0124508 -0.061669 -0.0687155 0.0126884 -0.0656472 -0.0682958 0.0142848 -0.0661589 -0.0674094 0.0104535 -0.0619843 -0.0681694 0.01125 -0.0661924 -0.0673514 0.0112677 -0.0661559 -0.0674146 0.0120814 -0.061971 -0.0681924 0.0115719 -0.0619314 -0.068261 0.0118848 -0.0618663 -0.0683738 0.0103185 -0.0658879 -0.0678788 0.00891839 -0.0617779 -0.068527 0.010048 -0.0619313 -0.0682613 0.0106145 -0.0660564 -0.0675869 0.00966263 -0.0613987 -0.0691838 0.00945847 -0.0615408 -0.0689377 0.00961205 -0.0650447 -0.0693393 0.00717312 -0.0653745 -0.068768 0.00765509 -0.0616684 -0.0687167 0.00981038 -0.0656584 -0.0682763 0.00824259 -0.0638812 -0.0713546 0.00648404 -0.0610865 -0.0697245 0.00930086 -0.0642869 -0.0706518 0.00657887 -0.0646786 -0.0699734 0.00681083 -0.0612458 -0.0694485 0.00935379 -0.0630753 -0.0727504 0.0067128 -0.0606131 -0.0705444 0.00945944 -0.0607658 -0.07028 0.00935446 -0.060925 -0.0700042 0.00930109 -0.0634733 -0.072061 0.00652912 -0.0604711 -0.0707903 0.00961333 -0.0626988 -0.0734026 0.00702968 -0.0623548 -0.0739983 0.00747045 -0.0603437 -0.0710111 0.00981201 -0.0620535 -0.0745201 0.00802218 -0.0602343 -0.0712005 0.0100499 -0.0601461 -0.0713534 0.0103206 -0.0618038 -0.0749527 0.00866867 -0.0616129 -0.0752833 0.00939094 -0.0600813 -0.0714656 0.0106169 -0.0614014 -0.075141 0.00999776 -0.0600418 -0.0715339 0.0109291 -0.061251 -0.0749956 0.0106174 -0.061971 -0.0681925 0.0109278 -0.061971 -0.0681924 -0.0109281 -0.0619843 -0.0681694 -0.01125 -0.0604561 -0.067287 -0.01125 -0.0617783 -0.0685262 -0.0100492 -0.0618666 -0.0683733 -0.0103195 -0.0603319 -0.0675021 -0.0102962 -0.0619314 -0.068261 -0.0106153 -0.060442 -0.0673114 -0.0109195 -0.0604002 -0.0673837 -0.0105984 -0.0599909 -0.0680927 -0.00958458 -0.0613997 -0.069182 -0.00945936 -0.0615417 -0.0689361 -0.00961317 -0.060239 -0.0676629 -0.0100213 -0.0601243 -0.0678617 -0.00978184 -0.061669 -0.0687155 -0.00981158 -0.0610878 -0.0697222 -0.00930103 -0.0595197 -0.0689089 -0.00929596 -0.0609264 -0.0700019 -0.00930083 -0.0612471 -0.0694464 -0.00935436 -0.0598428 -0.0683492 -0.00943523 -0.0596842 -0.0686239 -0.0093381 -0.0604723 -0.0707884 -0.00961187 -0.0606143 -0.0705423 -0.0094584 -0.0590379 -0.0697433 -0.00950362 -0.0591918 -0.0694767 -0.00937993 -0.0607671 -0.0702778 -0.00935377 -0.059354 -0.0691959 -0.00931004 -0.058668 -0.0703841 -0.0101548 -0.0601469 -0.071352 -0.0103176 -0.0602353 -0.0711988 -0.0100474 -0.0588967 -0.0699879 -0.00967754 -0.0587722 -0.0702036 -0.00989671 -0.0603448 -0.0710092 -0.00981001 -0.0600421 -0.0715335 -0.0109262 -0.0585038 -0.0706684 -0.0110841 -0.0600287 -0.0715568 -0.01125 -0.0600819 -0.0714646 -0.0106132 -0.0585871 -0.0705242 -0.0104444 -0.0585318 -0.0706199 -0.0107572 -0.0601461 -0.0713534 -0.0121794 -0.0600813 -0.0714656 -0.0118831 -0.0585871 -0.0705242 -0.0120556 -0.0585318 -0.0706199 -0.0117428 -0.0600418 -0.0715339 -0.0115709 -0.0585038 -0.0706684 -0.0114159 -0.0588967 -0.0699879 -0.0128225 -0.0604711 -0.0707903 -0.0128867 -0.0603437 -0.0710111 -0.012688 -0.058668 -0.0703841 -0.0123452 -0.0587722 -0.0702036 -0.0126033 -0.0602343 -0.0712005 -0.0124501 -0.0607658 -0.07028 -0.0131455 -0.059354 -0.0691959 -0.01319 -0.060925 -0.0700042 -0.0131989 -0.0606131 -0.0705444 -0.0130406 -0.0590379 -0.0697433 -0.0129964 -0.0591918 -0.0694767 -0.0131201 -0.0595197 -0.0689089 -0.013204 -0.0596842 -0.0686239 -0.0131619 -0.0610865 -0.0697245 -0.0131991 -0.0598428 -0.0683492 -0.0130648 -0.0612458 -0.0694485 -0.0131462 -0.0613987 -0.0691838 -0.0130415 -0.0599909 -0.0680927 -0.0129154 -0.0601243 -0.0678617 -0.0127182 -0.0615408 -0.0689377 -0.0128879 -0.060239 -0.0676629 -0.0124787 -0.0616684 -0.0687167 -0.0126896 -0.0617779 -0.068527 -0.012452 -0.0603319 -0.0675021 -0.0122038 -0.0604002 -0.0673837 -0.0119016 -0.0618663 -0.0683738 -0.0121815 -0.060442 -0.0673114 -0.0115805 -0.0619313 -0.0682613 -0.0118855 -0.061971 -0.0681925 -0.0115722 -0.0650447 -0.0693393 -0.00717312 -0.0653745 -0.068768 -0.00765509 -0.0615417 -0.0689361 -0.00961317 -0.0606131 -0.0705444 -0.0130406 -0.0607658 -0.07028 -0.0131455 -0.0630584 -0.0727796 -0.0157762 -0.0613997 -0.069182 -0.00945936 -0.0646786 -0.0699734 -0.00681083 -0.0612471 -0.0694464 -0.00935436 -0.0642869 -0.0706518 -0.00657887 -0.0638812 -0.0713546 -0.00648404 -0.0610878 -0.0697222 -0.00930103 -0.0609264 -0.0700019 -0.00930083 -0.0634733 -0.072061 -0.00652912 -0.0607671 -0.0702778 -0.00935377 -0.0630753 -0.0727504 -0.0067128 -0.0626988 -0.0734026 -0.00702968 -0.0606143 -0.0705423 -0.0094584 -0.0604723 -0.0707884 -0.00961187 -0.0623548 -0.0739983 -0.00747045 -0.0603448 -0.0710092 -0.00981001 -0.0620535 -0.0745201 -0.00802218 -0.0618038 -0.0749527 -0.00866867 -0.0602353 -0.0711988 -0.0100474 -0.0616129 -0.0752833 -0.00939094 -0.0601469 -0.071352 -0.0103176 -0.0600819 -0.0714646 -0.0106132 -0.0600287 -0.0715568 -0.01125 -0.0611615 -0.0748471 -0.01125 -0.0612511 -0.0749957 -0.0106169 -0.0600421 -0.0715335 -0.0109262 -0.0614015 -0.0751411 -0.00999718 -0.061669 -0.0687155 -0.00981158 -0.0656584 -0.0682763 -0.00824259 -0.0617783 -0.0685262 -0.0100492 -0.0658879 -0.0678788 -0.00891839 -0.0618666 -0.0683733 -0.0103195 -0.0660564 -0.0675869 -0.00966263 -0.0619314 -0.068261 -0.0106153 -0.061971 -0.0681924 -0.0109281 -0.0661589 -0.0674094 -0.0104535 -0.0661924 -0.0673514 -0.0112677 -0.0619843 -0.0681694 -0.01125 -0.0661559 -0.0674146 -0.0120814 -0.061971 -0.0681925 -0.0115722 -0.0660505 -0.0675973 -0.0128707 -0.0619313 -0.0682613 -0.0118855 -0.0618663 -0.0683738 -0.0121815 -0.0658792 -0.0678939 -0.0136124 -0.0656472 -0.0682958 -0.0142848 -0.0617779 -0.068527 -0.012452 -0.0653611 -0.0687912 -0.0148681 -0.0616684 -0.0687167 -0.0126896 -0.0615408 -0.0689377 -0.0128879 -0.0650295 -0.0693656 -0.0153451 -0.0646621 -0.070002 -0.015702 -0.0613987 -0.0691838 -0.0130415 -0.0642695 -0.0706819 -0.0159281 -0.0612458 -0.0694485 -0.0131462 -0.0610865 -0.0697245 -0.0131991 -0.0638635 -0.0713852 -0.0160169 -0.0634558 -0.0720914 -0.0159658 -0.060925 -0.0700042 -0.0131989 -0.0602343 -0.0712005 -0.0124501 -0.0603437 -0.0710111 -0.012688 -0.0619888 -0.0740865 -0.0144909 -0.0604711 -0.0707903 -0.0128867 -0.0626549 -0.0732391 -0.0154149 -0.0622961 -0.0736764 -0.0149852 -0.061151 -0.0746877 -0.011929 -0.0600813 -0.0714656 -0.0118831 -0.0612327 -0.0745302 -0.0126004 -0.0616608 -0.0742276 -0.0138899 -0.0614046 -0.0743759 -0.0132581 -0.0601461 -0.0713534 -0.0121794 -0.0600418 -0.0715339 -0.0115709 -0.091971 -0.0162309 -0.0109281 -0.0919843 -0.0162079 -0.01125 -0.0904561 -0.0153255 -0.01125 -0.0917783 -0.0165647 -0.0100492 -0.0918666 -0.0164118 -0.0103195 -0.0903319 -0.0155406 -0.0102962 -0.0919314 -0.0162995 -0.0106153 -0.090442 -0.0153498 -0.0109195 -0.0904002 -0.0154222 -0.0105984 -0.0899909 -0.0161312 -0.00958458 -0.0913997 -0.0172205 -0.00945936 -0.0915417 -0.0169746 -0.00961317 -0.090239 -0.0157014 -0.0100213 -0.0901243 -0.0159002 -0.00978184 -0.091669 -0.016754 -0.00981158 -0.0910878 -0.0177607 -0.00930103 -0.0895197 -0.0169474 -0.00929596 -0.0909264 -0.0180404 -0.00930083 -0.0912471 -0.0174849 -0.00935436 -0.0898428 -0.0163877 -0.00943523 -0.0896842 -0.0166624 -0.0093381 -0.0904723 -0.0188268 -0.00961187 -0.0906143 -0.0185808 -0.0094584 -0.0890379 -0.0177818 -0.00950362 -0.0891918 -0.0175152 -0.00937993 -0.0907671 -0.0183162 -0.00935377 -0.089354 -0.0172344 -0.00931004 -0.088668 -0.0184225 -0.0101548 -0.0901469 -0.0193904 -0.0103176 -0.0902353 -0.0192373 -0.0100474 -0.0888967 -0.0180264 -0.00967754 -0.0887722 -0.0182421 -0.00989671 -0.0903448 -0.0190477 -0.00981001 -0.0900421 -0.0195719 -0.0109262 -0.0885038 -0.0187069 -0.0110841 -0.0900287 -0.0195952 -0.01125 -0.0900819 -0.019503 -0.0106132 -0.0885871 -0.0185627 -0.0104444 -0.0885318 -0.0186584 -0.0107572 -0.0901461 -0.0193919 -0.0121794 -0.0900813 -0.0195041 -0.0118831 -0.0885871 -0.0185627 -0.0120556 -0.0885318 -0.0186584 -0.0117428 -0.0900418 -0.0195724 -0.0115709 -0.0885038 -0.0187069 -0.0114159 -0.0888967 -0.0180264 -0.0128225 -0.0904711 -0.0188288 -0.0128867 -0.0903437 -0.0190496 -0.012688 -0.088668 -0.0184225 -0.0123452 -0.0887722 -0.0182421 -0.0126033 -0.0902343 -0.019239 -0.0124501 -0.0907658 -0.0183185 -0.0131455 -0.089354 -0.0172344 -0.01319 -0.090925 -0.0180427 -0.0131989 -0.0906131 -0.0185829 -0.0130406 -0.0890379 -0.0177818 -0.0129964 -0.0891918 -0.0175152 -0.0131201 -0.0895197 -0.0169474 -0.013204 -0.0896842 -0.0166624 -0.0131619 -0.0910865 -0.017763 -0.0131991 -0.0898428 -0.0163877 -0.0130648 -0.0912458 -0.017487 -0.0131462 -0.0913987 -0.0172223 -0.0130415 -0.0899909 -0.0161312 -0.0129154 -0.0901243 -0.0159002 -0.0127182 -0.0915408 -0.0169761 -0.0128879 -0.090239 -0.0157014 -0.0124787 -0.0916684 -0.0167552 -0.0126896 -0.0917779 -0.0165655 -0.012452 -0.0903319 -0.0155406 -0.0122038 -0.0904002 -0.0154222 -0.0119016 -0.0918663 -0.0164123 -0.0121815 -0.090442 -0.0153498 -0.0115805 -0.0919313 -0.0162998 -0.0118855 -0.091971 -0.016231 -0.0115722 -0.0919843 -0.0162079 -0.01125 -0.0953814 -0.0155476 -0.0113277 -0.091971 -0.016231 -0.0115722 -0.0900287 -0.0195952 -0.01125 -0.0914242 -0.0236486 -0.01125 -0.0900421 -0.0195719 -0.0109262 -0.095246 -0.0156252 -0.0119924 -0.0919313 -0.0162998 -0.0118855 -0.0918663 -0.0164123 -0.0121815 -0.0951563 -0.015779 -0.0126511 -0.0951134 -0.0160051 -0.0132916 -0.0917779 -0.0165655 -0.012452 -0.0951552 -0.0166406 -0.0144909 -0.0951143 -0.0162948 -0.0139058 -0.0916684 -0.0167552 -0.0126896 -0.0949537 -0.017112 -0.0149853 -0.0947543 -0.0176412 -0.0154148 -0.0915408 -0.0169761 -0.0128879 -0.0945582 -0.0182204 -0.0157762 -0.0913987 -0.0172223 -0.0130415 -0.0912458 -0.017487 -0.0131462 -0.0941601 -0.01891 -0.015966 -0.0910865 -0.017763 -0.0131991 -0.0937516 -0.0196175 -0.0160168 -0.090925 -0.0180427 -0.0131989 -0.0907658 -0.0183185 -0.0131455 -0.0933447 -0.0203222 -0.0159272 -0.0929516 -0.0210032 -0.0156997 -0.0906131 -0.0185829 -0.0130406 -0.0925836 -0.0216404 -0.015341 -0.0904711 -0.0188288 -0.0128867 -0.0903437 -0.0190496 -0.012688 -0.0922518 -0.0222152 -0.0148618 -0.0919659 -0.0227104 -0.0142761 -0.0902343 -0.019239 -0.0124501 -0.0917342 -0.0231117 -0.0136012 -0.0901461 -0.0193919 -0.0121794 -0.0900813 -0.0195041 -0.0118831 -0.0915637 -0.023407 -0.0128571 -0.0914593 -0.0235878 -0.0120656 -0.0900418 -0.0195724 -0.0115709 -0.0955576 -0.0155427 -0.0106679 -0.091971 -0.0162309 -0.0109281 -0.0957671 -0.0156024 -0.0100215 -0.0960037 -0.0157167 -0.00939094 -0.0919314 -0.0162995 -0.0106153 -0.0918666 -0.0164118 -0.0103195 -0.0917783 -0.0165647 -0.0100492 -0.0958131 -0.0160468 -0.0086696 -0.091669 -0.016754 -0.00981158 -0.0955638 -0.0164786 -0.00802381 -0.0952631 -0.0169994 -0.00747248 -0.0915417 -0.0169746 -0.00961317 -0.0949198 -0.017594 -0.00703174 -0.094544 -0.018245 -0.00671451 -0.0913997 -0.0172205 -0.00945936 -0.0941466 -0.0189333 -0.00653006 -0.0912471 -0.0174849 -0.00935436 -0.0910878 -0.0177607 -0.00930103 -0.0909264 -0.0180404 -0.00930083 -0.0937393 -0.0196387 -0.00648381 -0.0933341 -0.0203406 -0.0065771 -0.0907671 -0.0183162 -0.00935377 -0.0929427 -0.0210185 -0.00680721 -0.0906143 -0.0185808 -0.0094584 -0.0925767 -0.0216525 -0.00716739 -0.0922467 -0.0222241 -0.0076471 -0.0904723 -0.0188268 -0.00961187 -0.0903448 -0.0190477 -0.00981001 -0.0919624 -0.0227164 -0.0082323 -0.0902353 -0.0192373 -0.0100474 -0.0917322 -0.0231151 -0.00890585 -0.0915628 -0.0234086 -0.00964803 -0.0901469 -0.0193904 -0.0103176 -0.0900819 -0.019503 -0.0106132 -0.0914591 -0.0235882 -0.0104371 -0.0660505 -0.0675973 0.0128707 -0.0679967 -0.0689776 0.0133881 -0.0683553 -0.0688551 0.0126847 -0.0661559 -0.0674146 0.0120814 -0.0686382 -0.0688209 0.0119379 -0.0661924 -0.0673514 0.0112677 -0.0688366 -0.0688787 0.0111662 -0.0658792 -0.0678939 0.0136124 -0.0661589 -0.0674094 0.0104535 -0.0675714 -0.0691829 0.0140333 -0.0689433 -0.0690301 0.0103888 -0.0656472 -0.0682958 0.0142848 -0.0660564 -0.0675869 0.00966263 -0.0653611 -0.0687912 0.0148681 -0.0670897 -0.0694635 0.0146056 -0.0689524 -0.0692732 0.00962784 -0.0665608 -0.0698122 0.0150939 -0.0658879 -0.0678788 0.00891839 -0.0650295 -0.0693656 0.0153451 -0.0654073 -0.0706758 0.0157771 -0.0659968 -0.0702191 0.0154871 -0.0646621 -0.070002 0.015702 -0.0642695 -0.0706819 0.0159281 -0.0648059 -0.0711709 0.015956 -0.0688606 -0.0696031 0.00890593 -0.0642043 -0.0716946 0.0160181 -0.0638635 -0.0713852 0.0160169 -0.0634558 -0.0720914 0.0159658 -0.0636165 -0.0722351 0.0159589 -0.0630584 -0.0727796 0.0157762 -0.0686675 -0.0700105 0.00824609 -0.0656584 -0.0682763 0.00824259 -0.0683775 -0.0704824 0.00766993 -0.0653745 -0.068768 0.00765509 -0.0679983 -0.0710022 0.00719579 -0.0650447 -0.0693393 0.00717312 -0.0646786 -0.0699734 0.00681083 -0.0675417 -0.0715528 0.00683668 -0.0670239 -0.0721134 0.00660129 -0.0642869 -0.0706518 0.00657887 -0.066458 -0.0726702 0.0064912 -0.0638812 -0.0713546 0.00648404 -0.0634733 -0.072061 0.00652912 -0.0658649 -0.0732041 0.00650457 -0.0652552 -0.0737066 0.00663651 -0.0630753 -0.0727504 0.0067128 -0.0646471 -0.0741652 0.00687913 -0.0626988 -0.0734026 0.00702968 -0.0623548 -0.0739983 0.00747045 -0.0640525 -0.0745725 0.0072244 -0.063483 -0.0749226 0.00766464 -0.0620535 -0.0745201 0.00802218 -0.0629533 -0.075208 0.00818832 -0.0618038 -0.0749527 0.00866867 -0.062473 -0.0754249 0.00878793 -0.0616129 -0.0752833 0.00939094 -0.0675416 -0.0715529 -0.00683624 -0.0650447 -0.0693393 -0.00717312 -0.0646786 -0.0699734 -0.00681083 -0.0623548 -0.0739983 -0.00747045 -0.064054 -0.0745716 -0.00722337 -0.0626988 -0.0734026 -0.00702968 -0.0634844 -0.0749218 -0.00766342 -0.0646486 -0.0741642 -0.00687829 -0.0652569 -0.0737054 -0.00663579 -0.0630753 -0.0727504 -0.0067128 -0.0664592 -0.0726693 -0.00649087 -0.0642869 -0.0706518 -0.00657887 -0.0638812 -0.0713546 -0.00648404 -0.0634733 -0.072061 -0.00652912 -0.0658652 -0.0732039 -0.00650425 -0.0670234 -0.0721139 -0.00660077 -0.0620535 -0.0745201 -0.00802218 -0.0618038 -0.0749527 -0.00866867 -0.0629541 -0.0752077 -0.00818755 -0.0679976 -0.071003 -0.00719489 -0.0653745 -0.068768 -0.00765509 -0.0683768 -0.070483 -0.00766909 -0.062473 -0.0754249 -0.00878793 -0.0656584 -0.0682763 -0.00824259 -0.0616129 -0.0752833 -0.00939094 -0.068667 -0.070011 -0.00824528 -0.0688601 -0.0696033 -0.00890581 -0.0689521 -0.0692733 -0.00962792 -0.0658879 -0.0678788 -0.00891839 -0.0660564 -0.0675869 -0.00966263 -0.0689428 -0.0690299 -0.0103906 -0.0661589 -0.0674094 -0.0104535 -0.0688361 -0.0688787 -0.0111677 -0.0686368 -0.0688212 -0.0119414 -0.0661924 -0.0673514 -0.0112677 -0.068354 -0.0688557 -0.0126875 -0.0661559 -0.0674146 -0.0120814 -0.0660505 -0.0675973 -0.0128707 -0.0679943 -0.0689788 -0.0133921 -0.0675687 -0.0691845 -0.014037 -0.0658792 -0.0678939 -0.0136124 -0.0670864 -0.0694657 -0.0146091 -0.0656472 -0.0682958 -0.0142848 -0.0653611 -0.0687912 -0.0148681 -0.0665567 -0.0698152 -0.0150973 -0.065993 -0.070222 -0.0154895 -0.0650295 -0.0693656 -0.0153451 -0.065403 -0.0706793 -0.0157789 -0.0646621 -0.070002 -0.015702 -0.0642695 -0.0706819 -0.0159281 -0.0648025 -0.0711738 -0.0159568 -0.0642007 -0.0716978 -0.0160182 -0.0638635 -0.0713852 -0.0160169 -0.0636149 -0.0722366 -0.0159587 -0.0634558 -0.0720914 -0.0159658 -0.0630584 -0.0727796 -0.0157762 -0.0957369 -0.0227178 0.00683681 -0.0925767 -0.0216525 0.00716739 -0.0929427 -0.0210185 0.00680721 -0.0952631 -0.0169994 0.00747248 -0.0966078 -0.0181885 0.00722231 -0.0949198 -0.017594 0.00703174 -0.0966264 -0.0175212 0.00766115 -0.0965521 -0.0189077 0.00687732 -0.096459 -0.0196637 0.00663518 -0.094544 -0.018245 0.00671451 -0.0961626 -0.0212227 0.00649093 -0.0933341 -0.0203406 0.0065771 -0.0937393 -0.0196387 0.00648381 -0.0941466 -0.0189333 0.00653006 -0.0963286 -0.020441 0.00650412 -0.0959637 -0.0219887 0.00660122 -0.0955638 -0.0164786 0.00802381 -0.0958131 -0.0160468 0.0086696 -0.0966088 -0.0169171 0.00818644 -0.0954888 -0.0233874 0.00719576 -0.0922467 -0.0222241 0.0076471 -0.0952281 -0.0239754 0.00766986 -0.0965563 -0.0163908 0.00878793 -0.0919624 -0.0227164 0.0082323 -0.0960037 -0.0157167 0.00939094 -0.0949644 -0.0244626 0.00824649 -0.0917322 -0.0231151 0.00890585 -0.0944681 -0.0250778 0.00962946 -0.0947081 -0.0248333 0.00890624 -0.0915628 -0.0234086 0.00964803 -0.0942531 -0.0251914 0.0103903 -0.0914591 -0.0235882 0.0104371 -0.0940685 -0.0251741 0.0111693 -0.0939194 -0.025031 0.0119406 -0.0914242 -0.0236486 0.01125 -0.0938076 -0.0247679 0.0126884 -0.0914593 -0.0235878 0.0120656 -0.0915637 -0.023407 0.0128571 -0.0937346 -0.0243956 0.0133919 -0.0936999 -0.0239242 0.0140366 -0.0917342 -0.0231117 0.0136012 -0.0937023 -0.023365 0.0146095 -0.0919659 -0.0227104 0.0142761 -0.0922518 -0.0222152 0.0148618 -0.0937399 -0.0227337 0.0150964 -0.0925836 -0.0216404 0.015341 -0.0938106 -0.0220399 0.0154897 -0.0929516 -0.0210032 0.0156997 -0.0933447 -0.0203222 0.0159272 -0.0939113 -0.0213029 0.0157784 -0.0940396 -0.0205336 0.0159568 -0.0937516 -0.0196175 0.0160168 -0.094192 -0.0197525 0.0160182 -0.0941601 -0.01891 0.015966 -0.0945582 -0.0182204 0.0157762 -0.0943661 -0.0189744 0.0159587 -0.0915637 -0.023407 -0.0128571 -0.0937345 -0.0243965 -0.0133907 -0.0938076 -0.0247688 -0.0126873 -0.0914242 -0.0236486 -0.01125 -0.0939193 -0.0250312 -0.0119407 -0.0940684 -0.0251747 -0.0111691 -0.0914593 -0.0235878 -0.0120656 -0.0917342 -0.0231117 -0.0136012 -0.0914591 -0.0235882 -0.0104371 -0.0936997 -0.0239255 -0.0140353 -0.0942528 -0.0251918 -0.0103915 -0.0919659 -0.0227104 -0.0142761 -0.0915628 -0.0234086 -0.00964803 -0.0922518 -0.0222152 -0.0148618 -0.0937021 -0.0233672 -0.0146076 -0.0944677 -0.0250787 -0.00963067 -0.0937397 -0.0227353 -0.0150953 -0.0917322 -0.0231151 -0.00890585 -0.0925836 -0.0216404 -0.015341 -0.0939111 -0.0213038 -0.015778 -0.0938103 -0.0220425 -0.0154884 -0.0929516 -0.0210032 -0.0156997 -0.0933447 -0.0203222 -0.0159272 -0.0940393 -0.0205352 -0.0159564 -0.0947075 -0.0248343 -0.00890807 -0.0941923 -0.0197515 -0.0160181 -0.0937516 -0.0196175 -0.0160168 -0.0941601 -0.01891 -0.015966 -0.0943661 -0.0189745 -0.0159587 -0.0945582 -0.0182204 -0.0157762 -0.0919624 -0.0227164 -0.0082323 -0.0949637 -0.0244644 -0.00824848 -0.0952274 -0.0239769 -0.0076715 -0.0922467 -0.0222241 -0.0076471 -0.0954881 -0.0233895 -0.00719727 -0.0925767 -0.0216525 -0.00716739 -0.0929427 -0.0210185 -0.00680721 -0.0957363 -0.022719 -0.0068378 -0.0959636 -0.0219894 -0.00660173 -0.0933341 -0.0203406 -0.0065771 -0.0961623 -0.0212231 -0.00649134 -0.0937393 -0.0196387 -0.00648381 -0.0941466 -0.0189333 -0.00653006 -0.0963289 -0.0204393 -0.0065046 -0.096459 -0.0196628 -0.0066356 -0.094544 -0.018245 -0.00671451 -0.0965522 -0.0189052 -0.00687843 -0.0949198 -0.017594 -0.00703174 -0.0952631 -0.0169994 -0.00747248 -0.0966078 -0.0181869 -0.00722329 -0.0966264 -0.0175192 -0.00766264 -0.0955638 -0.0164786 -0.00802381 -0.0966088 -0.016916 -0.00818754 -0.0958131 -0.0160468 -0.0086696 -0.0965563 -0.0163908 -0.00878793 -0.0960037 -0.0157167 -0.00939094</float_array>
          <technique_common>
            <accessor count="1206" source="#ID14" stride="3">
              <param name="X" type="float"/>
              <param name="Y" type="float"/>
              <param name="Z" type="float"/>
            </accessor>
          </technique_common>
        </source>
        <source id="ID15">
          <float_array count="3618" id="ID16">-0.961009 -0.155762 -0.228473 -0.959819 -0.162932 -0.228473 -0.958961 -0.167912 -0.228473 -0.925401 -0.302379 -0.228473 -0.940455 -0.251683 -0.228473 -0.940714 -0.250714 -0.228473 -0.957932 -0.173684 -0.228473 -0.942162 -0.245216 -0.228473 -0.943285 -0.240859 -0.228473 -0.956744 -0.180112 -0.228473 -0.955408 -0.187073 -0.228473 -0.953928 -0.194475 -0.228473 -0.952345 -0.202086 -0.228473 -0.950673 -0.209811 -0.228473 -0.948961 -0.217425 -0.228473 -0.947254 -0.224745 -0.228473 -0.945596 -0.231621 -0.228473 -0.928369 -0.29314 -0.228473 -0.724569 -0.650231 -0.228473 -0.718051 -0.657421 -0.228473 -0.805599 -0.546636 -0.228473 -0.942769 -0.242873 -0.228473 -0.941713 -0.246934 -0.228473 -0.8762 -0.424351 -0.228473 -0.874785 -0.42726 -0.228473 -0.807411 -0.543956 -0.228473 -0.940535 -0.251382 -0.228473 -0.941292 -0.248535 -0.228473 -0.944621 -0.235565 -0.228473 -0.946121 -0.229468 -0.228473 -0.949427 -0.215378 -0.228473 -0.94774 -0.222687 -0.228473 -0.95114 -0.207682 -0.228473 -0.958289 -0.171706 -0.228473 -0.952828 -0.199796 -0.228473 -0.954447 -0.191914 -0.228473 -0.955965 -0.184205 -0.228473 -0.957103 -0.178193 -0.228473 -0.958116 -0.172666 -0.228473 -0.958996 -0.167708 -0.228473 -0.688189 -0.688619 -0.228473 -0.687968 -0.68884 -0.228473 -0.627846 -0.744049 -0.228473 -0.643423 -0.730621 -0.228473 -0.649439 -0.725278 -0.228473 -0.655422 -0.719876 -0.228473 -0.661201 -0.714572 -0.228473 -0.634353 -0.73851 -0.228473 -0.629372 -0.742759 -0.228473 -0.615398 -0.754377 -0.228473 -0.687477 -0.689329 -0.228473 -0.632872 -0.739779 -0.228473 -0.62859 -0.743421 -0.228473 -0.624738 -0.746661 -0.228473 -0.637508 -0.735787 -0.228473 -0.671763 -0.704652 -0.228473 -0.676304 -0.700295 -0.228473 -0.666709 -0.709436 -0.228473 -0.680222 -0.69649 -0.228473 -0.683435 -0.693337 -0.228473 -0.685881 -0.690918 -0.228473 -0.681698 -0.695045 -0.228473 -0.684699 -0.692089 -0.228473 -0.6868 -0.690004 -0.228473 -0.677884 -0.698766 -0.228473 -0.668273 -0.707962 -0.228473 -0.673361 -0.703125 -0.228473 -0.662744 -0.713141 -0.228473 -0.657007 -0.71843 -0.228473 -0.65117 -0.723725 -0.228473 -0.940957 -0.249798 -0.228473 -0.645367 -0.728904 -0.228473 -0.639726 -0.73386 -0.228473 -0.624897 -0.746528 -0.228473 -0.621013 -0.749762 -0.228473 -0.944085 -0.237704 -0.228473 -0.958996 -0.167708 0.228473 -0.958117 -0.172663 0.228473 -0.958289 -0.171706 0.228473 -0.955965 -0.184205 0.228473 -0.954447 -0.191914 0.228473 -0.957104 -0.178193 0.228473 -0.952825 -0.199812 0.228473 -0.671799 -0.704618 0.228473 -0.724569 -0.650231 0.228473 -0.676333 -0.700266 0.228473 -0.949434 -0.215348 0.228473 -0.925401 -0.302379 0.228473 -0.657012 -0.718425 0.228473 -0.662762 -0.713125 0.228473 -0.615398 -0.754377 0.228473 -0.683456 -0.693317 0.228473 -0.68589 -0.690909 0.228473 -0.688191 -0.688616 0.228473 -0.687487 -0.68932 0.228473 -0.645362 -0.728908 0.228473 -0.639699 -0.733883 0.228473 -0.8762 -0.424351 0.228473 -0.807411 -0.543956 0.228473 -0.874785 -0.42726 0.228473 -0.805599 -0.546636 0.228473 -0.718051 -0.657421 0.228473 -0.940457 -0.251676 0.228473 -0.940714 -0.250713 0.228473 -0.928369 -0.29314 0.228473 -0.940537 -0.251378 0.228473 -0.941716 -0.246923 0.228473 -0.942773 -0.242855 0.228473 -0.94096 -0.249789 0.228473 -0.944089 -0.237689 0.228473 -0.945601 -0.231599 0.228473 -0.947247 -0.224775 0.228473 -0.948967 -0.217397 0.228473 -0.961009 -0.155762 0.228473 -0.950677 -0.209792 0.228473 -0.952345 -0.202085 0.228473 -0.953928 -0.194476 0.228473 -0.9554 -0.187113 0.228473 -0.956741 -0.180128 0.228473 -0.957929 -0.173702 0.228473 -0.958959 -0.167924 0.228473 -0.959819 -0.162933 0.228473 -0.681703 -0.69504 0.228473 -0.684702 -0.692086 0.228473 -0.673368 -0.703118 0.228473 -0.668243 -0.707991 0.228473 -0.62936 -0.742769 0.228473 -0.624891 -0.746533 0.228473 -0.621013 -0.749762 0.228473 -0.63434 -0.738521 0.228473 -0.651175 -0.72372 0.228473 -0.67789 -0.698759 0.228473 -0.686802 -0.690002 0.228473 -0.68797 -0.688838 0.228473 -0.680243 -0.696469 0.228473 -0.666745 -0.709402 0.228473 -0.661256 -0.714521 0.228473 -0.941295 -0.248524 0.228473 -0.942164 -0.245209 0.228473 -0.627846 -0.744049 0.228473 -0.655452 -0.719849 0.228473 -0.943289 -0.240845 0.228473 -0.649471 -0.72525 0.228473 -0.944626 -0.235545 0.228473 -0.643437 -0.730608 0.228473 -0.946125 -0.229451 0.228473 -0.637508 -0.735787 0.228473 -0.632872 -0.739779 0.228473 -0.62859 -0.743421 0.228473 -0.624738 -0.746661 0.228473 -0.947745 -0.222663 0.228473 -0.951142 -0.207674 0.228473 0.866025 0.5 0 0.866025 0.5 0 0.866025 0.5 0 0.866025 0.5 0 0.866025 0.5 0 0.866025 0.5 0 0.866025 0.5 0 0.866025 0.5 0 0.866025 0.5 0 0.866025 0.5 0 0.866025 0.5 0 0.866025 0.5 0 0.866025 0.5 0 0.866025 0.5 0 0.866025 0.5 0 0.866025 0.5 0 0.866025 0.5 0 0.866025 0.5 0 0.866025 0.5 0 0.866025 0.5 0 0.866025 0.5 0 0.866025 0.5 0 0.866025 0.5 0 0.866025 0.5 0 0.866025 0.5 0 0.866025 0.5 0 0.866025 0.5 0 0.866025 0.5 0 0.866025 0.5 0 0.866025 0.5 0 0.866025 0.5 0 0.866025 0.5 0 0.866025 0.5 0 0.866025 0.5 0 0.866025 0.5 0 0.866025 0.5 0 0.866025 0.5 0 0.866025 0.5 0 0.866025 0.5 0 0.866025 0.5 0 0.866025 0.5 0 0.866025 0.5 0 0.866025 0.5 0 0.866025 0.5 0 0.866025 0.5 0 0.866025 0.5 0 0.866025 0.5 0 0.866025 0.5 0 0.866025 0.5 0 0.866025 0.5 0 0.866025 0.5 0 0.866025 0.5 0 0.866025 0.5 0 0.866025 0.5 0 0.866025 0.5 0 0.866025 0.5 0 0.866025 0.5 0 0.866025 0.5 0 0.866025 0.5 0 0.866025 0.5 0 0.866025 0.5 0 0.866025 0.5 0 0.866025 0.5 0 0.866025 0.5 0 0.866025 0.5 0 0.866025 0.5 0 0.866025 0.5 0 0.866025 0.5 0 0.866025 0.5 0 0.866025 0.5 0 0.866025 0.5 0 0.866025 0.5 0 0.866025 0.5 0 0.866025 0.5 0 0.866025 0.5 0 0.866025 0.5 0 0.866025 0.5 0 0.866025 0.5 0 0.866025 0.5 0 0.866025 0.5 0 0.866025 0.5 0 0.866025 0.5 0 0.866025 0.5 0 0.866025 0.5 0 0.866025 0.5 0 0.866025 0.5 0 0.866025 0.5 0 0.866025 0.5 0 0.866025 0.5 0 0.866025 0.5 0 0.866025 0.5 0 0.866025 0.5 0 0.866025 0.5 0 0.866025 0.5 0 0.866025 0.5 0 0.866025 0.5 0 0.866025 0.5 0 0.866025 0.5 0 0.866025 0.5 0 0.866025 0.5 0 0.866025 0.5 0 0.866025 0.5 0 0.866025 0.5 0 0.866025 0.5 0 0.866025 0.5 0 0.866025 0.5 0 0.866025 0.5 0 0.866025 0.5 0 0.866025 0.5 0 0.866025 0.5 0 0.866025 0.5 0 0.866025 0.5 0 0.866025 0.5 0 0.866025 0.5 0 0.866025 0.5 0 0.866025 0.5 0 0.866025 0.5 0 0.866025 0.5 0 0.866025 0.5 0 0.866025 0.5 0 0.866025 0.5 0 0.866025 0.5 0 0.866025 0.5 0 0.866025 0.5 0 0.866025 0.5 0 0.866025 0.5 0 0.866025 0.5 0 0.866025 0.5 0 0.866025 0.5 0 0.866025 0.5 0 0.866025 0.5 0 0.866025 0.5 0 0.866025 0.5 0 0.866025 0.5 0 0.866025 0.5 0 0.866025 0.5 0 0.866025 0.5 0 0.866025 0.5 0 0.866025 0.5 0 0.866025 0.5 0 0.866025 0.5 0 0.866025 0.5 0 0.866025 0.5 0 0.866025 0.5 0 0.866025 0.5 0 0.866025 0.5 0 0.866025 0.5 0 0.866025 0.5 0 0.866025 0.5 0 0.866025 0.5 0 0.866025 0.5 0 0.866025 0.5 0 0.866025 0.5 0 0.866025 0.5 0 -0.843119 0.486775 -0.228473 -0.843119 0.486775 -0.228473 -0.843119 0.486775 -0.228473 -0.843119 0.486775 -0.228473 -0.843119 0.486775 -0.228473 -0.843119 0.486775 -0.228473 -0.843119 0.486775 -0.228473 -0.843119 0.486775 -0.228473 -0.843119 0.486775 -0.228473 -0.843119 0.486775 -0.228473 -0.843119 0.486775 -0.228473 -0.843119 0.486775 -0.228473 -0.843119 0.486775 -0.228473 -0.843119 0.486775 -0.228473 -0.843119 0.486775 0.228473 -0.843119 0.486775 0.228473 -0.843119 0.486775 0.228473 -0.843119 0.486775 0.228473 -0.843119 0.486775 0.228473 -0.843119 0.486775 0.228473 -0.843119 0.486775 0.228473 -0.843119 0.486775 0.228473 -0.843119 0.486775 0.228473 -0.843119 0.486775 0.228473 -0.843119 0.486775 0.228473 -0.843119 0.486775 0.228473 -0.843119 0.486775 0.228473 -0.843119 0.486775 0.228473 -2.44929e-16 -0 -1 -2.44929e-16 -0 -1 -2.44929e-16 -0 -1 -2.44929e-16 -0 -1 -2.44929e-16 -0 -1 -2.44929e-16 -0 -1 -2.44929e-16 -0 -1 -2.44929e-16 -0 -1 1.06869e-16 -0.97355 -0.228473 1.06869e-16 -0.97355 -0.228473 1.06869e-16 -0.97355 -0.228473 1.06869e-16 -0.97355 -0.228473 1.06869e-16 -0.97355 -0.228473 1.06869e-16 -0.97355 -0.228473 1.06869e-16 -0.97355 -0.228473 1.06869e-16 -0.97355 -0.228473 1.06869e-16 -0.97355 -0.228473 1.06869e-16 -0.97355 -0.228473 1.06869e-16 -0.97355 -0.228473 1.06869e-16 -0.97355 -0.228473 1.06869e-16 -0.97355 -0.228473 1.06869e-16 -0.97355 -0.228473 -2.44929e-16 0 1 -2.44929e-16 0 1 -2.44929e-16 0 1 -2.44929e-16 0 1 -2.44929e-16 0 1 -2.44929e-16 0 1 -2.44929e-16 0 1 -2.44929e-16 0 1 1.06869e-16 -0.97355 0.228473 1.06869e-16 -0.97355 0.228473 1.06869e-16 -0.97355 0.228473 1.06869e-16 -0.97355 0.228473 1.06869e-16 -0.97355 0.228473 1.06869e-16 -0.97355 0.228473 1.06869e-16 -0.97355 0.228473 1.06869e-16 -0.97355 0.228473 1.06869e-16 -0.97355 0.228473 1.06869e-16 -0.97355 0.228473 1.06869e-16 -0.97355 0.228473 1.06869e-16 -0.97355 0.228473 1.06869e-16 -0.97355 0.228473 1.06869e-16 -0.97355 0.228473 0.493183 -0.854217 -0.164571 0.5 -0.866025 -1.53631e-22 0.5 -0.866025 1.37186e-11 0.394599 -0.683466 -0.614139 0.439754 -0.761676 -0.475886 0.436507 -0.756052 -0.487695 0.472916 -0.819115 -0.324655 0.492808 -0.853568 -0.169001 0.471439 -0.816556 -0.33314 0.262154 -0.454063 -0.851529 0.200923 -0.348008 -0.915708 0.273533 -0.473773 -0.83709 0.389018 -0.673799 -0.62822 0.330337 -0.572161 -0.750672 0.338684 -0.586618 -0.735645 0.0413947 -0.0716977 -0.996567 0.0212206 -0.0367552 -0.999099 -0.0411731 0.0713138 -0.996604 0.122834 -0.212754 -0.969354 0.186428 -0.322903 -0.927889 0.10534 -0.182454 -0.977555 -0.273347 0.47345 -0.837333 -0.200719 0.347656 -0.915886 -0.225102 0.389888 -0.892926 -0.146411 0.253592 -0.956167 -0.122618 0.21238 -0.969463 -0.0635089 0.110001 -0.9919 -0.414255 0.71751 -0.559975 -0.439648 0.761492 -0.476277 -0.394462 0.683229 -0.61449 -0.297317 0.514967 -0.803997 -0.360978 0.625232 -0.691939 -0.33852 0.586334 -0.735946 -0.493146 0.854154 -0.16501 -0.498199 0.862906 -0.0848059 -0.5 0.866025 -0.000440749 -0.472844 0.81899 -0.325076 -0.455614 0.789147 -0.411901 -0.483866 0.838081 -0.251978 -0.439826 0.761801 0.475618 -0.472973 0.819214 0.324323 -0.455614 0.789147 0.411901 -0.483866 0.838081 0.251978 -0.493215 0.854274 0.164178 -0.498199 0.862906 0.0848059 -0.297317 0.514967 0.803997 -0.273602 0.473892 0.837 -0.338761 0.586752 0.735502 -0.414255 0.71751 0.559975 -0.360978 0.625232 0.691939 -0.394678 0.683602 0.613936 -0.122868 0.212813 0.969337 -0.0635089 0.110001 0.9919 -0.0414064 0.0717179 0.996565 -0.200976 0.348101 0.915661 -0.225102 0.389888 0.892926 -0.146411 0.253592 0.956167 0.0212205 -0.036755 0.999099 0.10534 -0.182454 0.977555 0.0411847 -0.071334 0.996602 0.186428 -0.322903 0.927889 0.122652 -0.212439 0.969446 0.200773 -0.347749 0.915839 0.262154 -0.454063 0.851529 0.330337 -0.572161 0.750672 0.273415 -0.473569 0.837243 0.389018 -0.673799 0.62822 0.338598 -0.586468 0.735803 0.394541 -0.683366 0.614287 0.436507 -0.756052 0.487695 0.471439 -0.816556 0.33314 0.43972 -0.761618 0.476009 0.492808 -0.853568 0.169001 0.472901 -0.819089 0.324744 0.493179 -0.854211 0.164618 -0.190809 -0.981627 0.000249818 -0.194249 -0.97567 0.101667 -0.195975 -0.972679 0.124454 -0.945519 0.325568 1.3521e-23 -0.945519 0.325568 3.52505e-11 -0.940371 0.316652 -0.124234 -0.204931 -0.957168 0.204533 -0.211291 -0.946151 0.245265 -0.23634 -0.902765 0.359387 -0.220672 -0.929903 0.294252 -0.250841 -0.877649 0.408426 -0.270438 -0.843705 0.463708 -0.290301 -0.809302 0.510642 -0.312656 -0.770582 0.555383 -0.361842 -0.68539 0.631911 -0.337896 -0.726866 0.597907 -0.392233 -0.632751 0.667667 -0.416654 -0.590452 0.691206 -0.45172 -0.529716 0.717879 -0.475599 -0.488357 0.731651 -0.537068 -0.38189 0.752143 -0.514617 -0.420775 0.747073 -0.579082 -0.309119 0.754394 -0.643227 -0.198016 0.739627 -0.599385 -0.273954 0.752122 -0.705174 -0.0907209 0.703206 -0.66085 -0.167492 0.73159 -0.719788 -0.0654094 0.691106 -0.76311 0.00962734 0.646197 -0.815338 0.10009 0.570268 -0.77459 0.0295116 0.631774 -0.86033 0.178017 0.477643 -0.823763 0.114682 0.555214 -0.865966 0.187779 0.463511 -0.896767 0.241129 0.371033 -0.923584 0.287576 0.25356 -0.900047 0.246809 0.359167 -0.939995 0.316 0.128663 -0.925077 0.290162 0.245029 -0.940373 0.316656 0.124208 -0.190862 -0.981535 -0.0126444 -0.196762 -0.971316 -0.13353 -0.195936 -0.972747 -0.123988 -0.211219 -0.946276 -0.244842 -0.212685 -0.943736 -0.253232 -0.23624 -0.902938 -0.359017 -0.270317 -0.843915 -0.463397 -0.237642 -0.90051 -0.364153 -0.304457 -0.784782 -0.539835 -0.269214 -0.845825 -0.460547 -0.361699 -0.685637 -0.631724 -0.349383 -0.706968 -0.61492 -0.312521 -0.770816 -0.555133 -0.398297 -0.622247 -0.67392 -0.41651 -0.590702 -0.691079 -0.449473 -0.533608 -0.716405 -0.475459 -0.4886 -0.73158 -0.536937 -0.382117 -0.752121 -0.51249 -0.42446 -0.74645 -0.660748 -0.167669 -0.731641 -0.64154 -0.200938 -0.740304 -0.599267 -0.274158 -0.752142 -0.577147 -0.31247 -0.754496 -0.703771 -0.0931515 -0.704294 -0.719703 -0.0655553 -0.69118 -0.762004 0.00771223 -0.647526 -0.774524 0.0293973 -0.631861 -0.814525 0.0986807 -0.571674 -0.823715 0.114598 -0.555302 -0.865934 0.187723 -0.463594 -0.859785 0.177073 -0.478973 -0.900028 0.246776 -0.359237 -0.89645 0.240578 -0.372156 -0.923439 0.287326 -0.25437 -0.925068 0.290147 -0.245079 -0.939958 0.315937 -0.129087 0.493183 -0.854217 -0.164571 0.5 -0.866025 -1.53631e-22 0.5 -0.866025 1.37186e-11 0.394599 -0.683466 -0.614139 0.439754 -0.761676 -0.475886 0.436507 -0.756052 -0.487695 0.472916 -0.819115 -0.324655 0.492808 -0.853568 -0.169001 0.471439 -0.816556 -0.33314 0.262154 -0.454063 -0.851529 0.200923 -0.348008 -0.915708 0.273533 -0.473773 -0.83709 0.389018 -0.673799 -0.62822 0.330337 -0.572161 -0.750672 0.338684 -0.586618 -0.735645 0.0413947 -0.0716977 -0.996567 0.0212206 -0.0367552 -0.999099 -0.0411731 0.0713138 -0.996604 0.122834 -0.212754 -0.969354 0.186428 -0.322903 -0.927889 0.10534 -0.182454 -0.977555 -0.273347 0.47345 -0.837333 -0.200719 0.347656 -0.915886 -0.225102 0.389888 -0.892926 -0.146411 0.253592 -0.956167 -0.122618 0.21238 -0.969463 -0.0635089 0.110001 -0.9919 -0.414255 0.71751 -0.559975 -0.439648 0.761492 -0.476277 -0.394462 0.683229 -0.61449 -0.297317 0.514967 -0.803997 -0.360978 0.625232 -0.691939 -0.33852 0.586334 -0.735946 -0.493146 0.854154 -0.16501 -0.498199 0.862906 -0.0848059 -0.5 0.866025 -0.000440749 -0.472844 0.81899 -0.325076 -0.455614 0.789147 -0.411901 -0.483866 0.838081 -0.251978 -0.439826 0.761801 0.475618 -0.472973 0.819214 0.324323 -0.455614 0.789147 0.411901 -0.483866 0.838081 0.251978 -0.493215 0.854274 0.164178 -0.498199 0.862906 0.0848059 -0.297317 0.514967 0.803997 -0.273602 0.473892 0.837 -0.338761 0.586752 0.735502 -0.414255 0.71751 0.559975 -0.360978 0.625232 0.691939 -0.394678 0.683602 0.613936 -0.122868 0.212813 0.969337 -0.0635089 0.110001 0.9919 -0.0414064 0.0717179 0.996565 -0.200976 0.348101 0.915661 -0.225102 0.389888 0.892926 -0.146411 0.253592 0.956167 0.0212205 -0.036755 0.999099 0.10534 -0.182454 0.977555 0.0411847 -0.071334 0.996602 0.186428 -0.322903 0.927889 0.122652 -0.212439 0.969446 0.200773 -0.347749 0.915839 0.262154 -0.454063 0.851529 0.330337 -0.572161 0.750672 0.273415 -0.473569 0.837243 0.389018 -0.673799 0.62822 0.338598 -0.586468 0.735803 0.394541 -0.683366 0.614287 0.436507 -0.756052 0.487695 0.471439 -0.816556 0.33314 0.43972 -0.761618 0.476009 0.492808 -0.853568 0.169001 0.472901 -0.819089 0.324744 0.493179 -0.854211 0.164618 -0.900028 0.246776 -0.359237 -0.925068 0.290147 -0.245079 -0.924858 0.289784 -0.246298 -0.823715 0.114598 -0.555302 -0.786927 0.0508788 -0.614945 -0.774524 0.0293973 -0.631861 -0.738021 -0.0338286 -0.67393 -0.719703 -0.0655553 -0.69118 -0.940439 0.31677 -0.123416 -0.940371 0.316652 -0.124234 -0.945519 0.325568 0 -0.945519 0.325568 2.3502e-11 -0.899813 0.246403 -0.360031 -0.867886 0.191104 -0.458534 -0.83187 0.128723 -0.539835 -0.865934 0.187723 -0.463594 -0.686855 -0.122451 -0.716405 -0.495162 -0.454472 -0.740452 -0.536937 -0.382117 -0.752121 -0.559435 -0.343148 -0.754508 -0.623964 -0.231381 -0.746413 -0.599267 -0.274158 -0.752142 -0.660748 -0.167669 -0.731641 -0.37487 -0.662824 -0.64818 -0.322382 -0.753736 -0.572671 -0.361699 -0.685637 -0.631724 -0.475459 -0.4886 -0.73158 -0.433033 -0.562084 -0.704659 -0.41651 -0.590702 -0.691079 -0.23624 -0.902938 -0.359017 -0.240382 -0.895765 -0.373928 -0.213277 -0.942712 -0.256528 -0.270317 -0.843915 -0.463397 -0.312521 -0.770816 -0.555133 -0.27711 -0.83215 -0.48035 -0.196111 -0.972443 0.126073 -0.190809 -0.981627 0.000249818 -0.190812 -0.981623 -0.00280316 -0.19659 -0.971614 -0.131597 -0.195936 -0.972747 -0.123988 -0.211219 -0.946276 -0.244842 -0.23634 -0.902765 0.359387 -0.239002 -0.898155 0.369048 -0.270438 -0.843705 0.463708 -0.211291 -0.946151 0.245265 -0.212334 -0.944346 0.251249 -0.416654 -0.590452 0.691206 -0.361842 -0.68539 0.631911 -0.372468 -0.666985 0.64529 -0.320262 -0.757408 0.569004 -0.312656 -0.770582 0.555383 -0.275334 -0.835226 0.476013 -0.556633 -0.348002 0.754357 -0.537068 -0.38189 0.752143 -0.492414 -0.459232 0.739347 -0.430419 -0.56661 0.702632 -0.475599 -0.488357 0.731651 -0.684191 -0.127065 0.718149 -0.719788 -0.0654094 0.691106 -0.66085 -0.167492 0.73159 -0.599385 -0.273954 0.752122 -0.62119 -0.236185 0.747221 -0.77459 0.0295116 0.631774 -0.743785 -0.0238446 0.667993 -0.798224 0.0704458 0.598228 -0.823763 0.114682 0.555214 -0.845908 0.153038 0.510899 -0.865966 0.187779 0.463511 -0.900047 0.246809 0.359167 -0.885439 0.221507 0.408573 -0.915656 0.273844 0.294252 -0.925077 0.290162 0.245029 -0.930941 0.300318 0.207746 -0.940373 0.316656 0.124208 -0.941539 0.318675 0.109322 -0.195975 -0.972679 0.124454 0.493183 -0.854217 -0.164571 0.5 -0.866025 -1.53631e-22 0.5 -0.866025 1.37186e-11 0.394599 -0.683466 -0.614139 0.439754 -0.761676 -0.475886 0.436507 -0.756052 -0.487695 0.472916 -0.819115 -0.324655 0.492808 -0.853568 -0.169001 0.471439 -0.816556 -0.33314 0.262154 -0.454063 -0.851529 0.200923 -0.348008 -0.915708 0.273533 -0.473773 -0.83709 0.389018 -0.673799 -0.62822 0.330337 -0.572161 -0.750672 0.338684 -0.586618 -0.735645 0.0413947 -0.0716977 -0.996567 0.0212206 -0.0367552 -0.999099 -0.0411731 0.0713138 -0.996604 0.122834 -0.212754 -0.969354 0.186428 -0.322903 -0.927889 0.10534 -0.182454 -0.977555 -0.273347 0.47345 -0.837333 -0.200719 0.347656 -0.915886 -0.225102 0.389888 -0.892926 -0.146411 0.253592 -0.956167 -0.122618 0.21238 -0.969463 -0.0635089 0.110001 -0.9919 -0.414255 0.71751 -0.559975 -0.439648 0.761492 -0.476277 -0.394462 0.683229 -0.61449 -0.297317 0.514967 -0.803997 -0.360978 0.625232 -0.691939 -0.33852 0.586334 -0.735946 -0.493146 0.854154 -0.16501 -0.498199 0.862906 -0.0848059 -0.5 0.866025 -0.000440749 -0.472844 0.81899 -0.325076 -0.455614 0.789147 -0.411901 -0.483866 0.838081 -0.251978 -0.439826 0.761801 0.475618 -0.472973 0.819214 0.324323 -0.455614 0.789147 0.411901 -0.483866 0.838081 0.251978 -0.493215 0.854274 0.164178 -0.498199 0.862906 0.0848059 -0.297317 0.514967 0.803997 -0.273602 0.473892 0.837 -0.338761 0.586752 0.735502 -0.414255 0.71751 0.559975 -0.360978 0.625232 0.691939 -0.394678 0.683602 0.613936 -0.122868 0.212813 0.969337 -0.0635089 0.110001 0.9919 -0.0414064 0.0717179 0.996565 -0.200976 0.348101 0.915661 -0.225102 0.389888 0.892926 -0.146411 0.253592 0.956167 0.0212205 -0.036755 0.999099 0.10534 -0.182454 0.977555 0.0411847 -0.071334 0.996602 0.186428 -0.322903 0.927889 0.122652 -0.212439 0.969446 0.200773 -0.347749 0.915839 0.262154 -0.454063 0.851529 0.330337 -0.572161 0.750672 0.273415 -0.473569 0.837243 0.389018 -0.673799 0.62822 0.338598 -0.586468 0.735803 0.394541 -0.683366 0.614287 0.436507 -0.756052 0.487695 0.471439 -0.816556 0.33314 0.43972 -0.761618 0.476009 0.492808 -0.853568 0.169001 0.472901 -0.819089 0.324744 0.493179 -0.854211 0.164618 -0.372468 -0.666985 -0.64529 -0.320262 -0.757408 -0.569004 -0.361699 -0.685637 -0.631724 -0.719788 -0.0654094 0.691106 -0.66085 -0.167492 0.73159 -0.686855 -0.122451 0.716405 -0.41651 -0.590702 -0.691079 -0.430419 -0.56661 -0.702632 -0.475459 -0.4886 -0.73158 -0.492414 -0.459232 -0.739347 -0.556633 -0.348002 -0.754357 -0.536937 -0.382117 -0.752121 -0.599267 -0.274158 -0.752142 -0.62119 -0.236185 -0.747221 -0.660748 -0.167669 -0.731641 -0.684191 -0.127065 -0.718149 -0.743785 -0.0238445 -0.667993 -0.719703 -0.0655553 -0.69118 -0.774524 0.0293973 -0.631861 -0.798224 0.0704459 -0.598228 -0.823715 0.114598 -0.555302 -0.845908 0.153038 -0.5109 -0.885439 0.221508 -0.408573 -0.865934 0.187723 -0.463594 -0.915656 0.273844 -0.294252 -0.900028 0.246776 -0.359237 -0.925068 0.290147 -0.245079 -0.945519 0.325568 -1.00548e-15 -0.945519 0.325568 2.3502e-11 -0.941532 0.318663 -0.109416 -0.940371 0.316652 -0.124234 -0.930927 0.300296 -0.207838 -0.312521 -0.770816 -0.555133 -0.275334 -0.835226 -0.476013 -0.270317 -0.843915 -0.463397 -0.239002 -0.898155 -0.369048 -0.23624 -0.902938 -0.359017 -0.212334 -0.944346 -0.251249 -0.211219 -0.946276 -0.244842 -0.195936 -0.972747 -0.123988 -0.196111 -0.972443 -0.126073 -0.190812 -0.981623 0.00280311 -0.190809 -0.981627 0.000249818 -0.19659 -0.971614 0.131597 -0.195975 -0.972679 0.124454 -0.213277 -0.942712 0.256528 -0.211291 -0.946151 0.245265 -0.23634 -0.902765 0.359387 -0.240382 -0.895765 0.373928 -0.27711 -0.83215 0.48035 -0.270438 -0.843705 0.463708 -0.322382 -0.753736 0.572671 -0.312656 -0.770582 0.555383 -0.361842 -0.68539 0.631911 -0.37487 -0.662824 0.64818 -0.433033 -0.562084 0.704659 -0.416654 -0.590452 0.691206 -0.495162 -0.454472 0.740452 -0.475599 -0.488357 0.731651 -0.537068 -0.38189 0.752143 -0.559435 -0.343148 0.754508 -0.623964 -0.231381 0.746413 -0.599385 -0.273954 0.752122 -0.865966 0.187779 0.463511 -0.823763 0.114682 0.555214 -0.83187 0.128723 0.539835 -0.77459 0.0295116 0.631774 -0.738022 -0.033827 0.673929 -0.78693 0.0508852 0.61494 -0.940449 0.316787 0.123297 -0.925077 0.290162 0.245029 -0.925085 0.290176 0.244982 -0.867951 0.191217 0.458364 -0.900069 0.246847 0.359086 -0.900047 0.246809 0.359167 -0.940373 0.316656 0.124208 0.493183 -0.854217 -0.164571 0.5 -0.866025 1.61177e-22 0.5 -0.866025 1.37186e-11 0.394599 -0.683466 -0.614139 0.439754 -0.761676 -0.475886 0.436507 -0.756052 -0.487695 0.472916 -0.819115 -0.324655 0.492808 -0.853568 -0.169001 0.471439 -0.816556 -0.33314 0.262154 -0.454063 -0.851529 0.200923 -0.348008 -0.915708 0.273533 -0.473773 -0.83709 0.389018 -0.673799 -0.62822 0.330337 -0.572161 -0.750672 0.338684 -0.586618 -0.735645 0.0413947 -0.0716977 -0.996567 0.0212206 -0.0367552 -0.999099 -0.0411731 0.0713138 -0.996604 0.122834 -0.212754 -0.969354 0.186428 -0.322903 -0.927889 0.10534 -0.182454 -0.977555 -0.273347 0.47345 -0.837333 -0.200719 0.347656 -0.915886 -0.225102 0.389888 -0.892926 -0.146411 0.253592 -0.956167 -0.122618 0.21238 -0.969463 -0.0635089 0.110001 -0.9919 -0.414255 0.71751 -0.559975 -0.439648 0.761492 -0.476277 -0.394462 0.683229 -0.61449 -0.297317 0.514967 -0.803997 -0.360978 0.625232 -0.691939 -0.33852 0.586334 -0.735946 -0.493146 0.854154 -0.16501 -0.498199 0.862906 -0.0848059 -0.5 0.866025 -0.000440749 -0.472844 0.81899 -0.325076 -0.455614 0.789147 -0.411901 -0.483866 0.838081 -0.251978 -0.439826 0.761801 0.475618 -0.472973 0.819214 0.324323 -0.455614 0.789147 0.411901 -0.483866 0.838081 0.251978 -0.493215 0.854274 0.164178 -0.498199 0.862906 0.0848059 -0.297317 0.514967 0.803997 -0.273602 0.473892 0.837 -0.338761 0.586752 0.735502 -0.414255 0.71751 0.559975 -0.360978 0.625232 0.691939 -0.394678 0.683602 0.613936 -0.122868 0.212813 0.969337 -0.0635089 0.110001 0.9919 -0.0414064 0.0717179 0.996565 -0.200976 0.348101 0.915661 -0.225102 0.389888 0.892926 -0.146411 0.253592 0.956167 0.0212205 -0.036755 0.999099 0.10534 -0.182454 0.977555 0.0411847 -0.071334 0.996602 0.186428 -0.322903 0.927889 0.122652 -0.212439 0.969446 0.200773 -0.347749 0.915839 0.262154 -0.454063 0.851529 0.330337 -0.572161 0.750672 0.273415 -0.473569 0.837243 0.389018 -0.673799 0.62822 0.338598 -0.586468 0.735803 0.394541 -0.683366 0.614287 0.436507 -0.756052 0.487695 0.471439 -0.816556 0.33314 0.43972 -0.761618 0.476009 0.492808 -0.853568 0.169001 0.472901 -0.819089 0.324744 0.493179 -0.854211 0.164618 -0.190809 -0.981627 0.000249818 -0.190874 -0.981514 0.0140408 -0.195975 -0.972679 0.124454 -0.945519 0.325568 -2.1853e-26 -0.945519 0.325568 3.52501e-11 -0.940371 0.316652 -0.124234 -0.196895 -0.971085 0.135002 -0.211291 -0.946151 0.245265 -0.23634 -0.902765 0.359387 -0.212931 -0.943311 0.254608 -0.237878 -0.900101 0.36501 -0.270438 -0.843705 0.463708 -0.304457 -0.784782 0.539835 -0.269286 -0.845702 0.460732 -0.312656 -0.770582 0.555383 -0.349411 -0.70692 0.61496 -0.398303 -0.622237 0.673926 -0.361842 -0.68539 0.631911 -0.449473 -0.533609 0.716405 -0.416654 -0.590452 0.691206 -0.475599 -0.488357 0.731651 -0.512489 -0.42446 0.74645 -0.537068 -0.38189 0.752143 -0.577147 -0.31247 0.754496 -0.599385 -0.273954 0.752122 -0.66085 -0.167492 0.73159 -0.64154 -0.200938 0.740304 -0.703771 -0.0931516 0.704294 -0.719788 -0.0654094 0.691106 -0.762004 0.00771206 0.647526 -0.77459 0.0295116 0.631774 -0.823763 0.114682 0.555214 -0.814525 0.0986805 0.571674 -0.859785 0.177073 0.478973 -0.865966 0.187779 0.463511 -0.89645 0.240578 0.372156 -0.900047 0.246809 0.359167 -0.925077 0.290162 0.245029 -0.923439 0.287326 0.25437 -0.939958 0.315937 0.129087 -0.940373 0.316656 0.124208 -0.194188 -0.975775 -0.100768 -0.195936 -0.972747 -0.123988 -0.204882 -0.957252 -0.204185 -0.220672 -0.929903 -0.294252 -0.211219 -0.946276 -0.244842 -0.23624 -0.902938 -0.359017 -0.270317 -0.843915 -0.463397 -0.250841 -0.877649 -0.408426 -0.312521 -0.770816 -0.555133 -0.290301 -0.809302 -0.510642 -0.337896 -0.726866 -0.597907 -0.361699 -0.685637 -0.631724 -0.392232 -0.632751 -0.667667 -0.45172 -0.529716 -0.717879 -0.41651 -0.590702 -0.691079 -0.514617 -0.420775 -0.747073 -0.475459 -0.4886 -0.73158 -0.536937 -0.382117 -0.752121 -0.599267 -0.274158 -0.752142 -0.579082 -0.309119 -0.754394 -0.643227 -0.198017 -0.739627 -0.660748 -0.167669 -0.731641 -0.705174 -0.0907206 -0.703206 -0.719703 -0.0655553 -0.69118 -0.76311 0.00962737 -0.646197 -0.815338 0.100089 -0.570268 -0.774524 0.0293973 -0.631861 -0.823715 0.114598 -0.555302 -0.86033 0.178017 -0.477643 -0.865934 0.187723 -0.463594 -0.896767 0.241128 -0.371033 -0.923584 0.287576 -0.25356 -0.900028 0.246776 -0.359237 -0.925068 0.290147 -0.245079 -0.939994 0.316 -0.128664 0.47023 -0.814463 -0.339903 0.446864 -0.773991 -0.44861 0.476795 -0.825833 -0.301108 0.49234 -0.852758 -0.174368 0.494751 -0.856934 -0.144516 0.499997 -0.866019 -0.00371414 0.499925 -0.865896 0.0173161 0.434316 -0.752257 -0.49546 0.492974 -0.853857 0.167049 0.405917 -0.703068 -0.583889 0.491802 -0.851826 0.180344 0.385651 -0.667966 -0.63647 0.47148 -0.816627 0.332908 0.325664 -0.564066 -0.758797 0.355163 -0.615161 -0.703872 0.470221 -0.814447 0.339953 0.295775 -0.512298 -0.806268 0.436144 -0.755423 0.488993 0.256117 -0.443607 -0.858846 0.156882 -0.271727 -0.949501 0.229257 -0.397084 -0.888687 0.179051 -0.310125 -0.933683 0.096728 -0.167538 -0.981109 0.08039 -0.13924 -0.98699 0.435472 -0.75426 0.491382 0.00130892 -0.00226712 -0.999997 0.0115659 -0.0200326 -0.999732 -0.0739359 0.128061 -0.989007 -0.0785827 0.136109 -0.987572 -0.157267 0.272395 -0.949246 0.388376 -0.672686 0.629807 0.388004 -0.672042 0.630724 0.330324 -0.572139 0.750695 0.328473 -0.568932 0.753937 0.263243 -0.455951 0.850183 0.259299 -0.44912 0.855018 0.182513 -0.316123 0.930997 0.189304 -0.327884 0.925557 0.111232 -0.19266 0.974941 0.100369 -0.173845 0.979645 0.0309831 -0.0536643 0.998078 0.0152787 -0.0264634 0.999533 -0.0702606 0.121695 0.990078 -0.0486134 0.0842009 0.995262 -0.126229 0.218635 0.967608 -0.153737 0.266281 0.951556 -0.199771 0.346014 0.916715 -0.2327 0.403049 0.8851 -0.304832 0.527985 0.79266 -0.267939 0.464083 0.844296 -0.329603 0.57089 0.751962 -0.368015 0.637421 0.676949 -0.383303 0.6639 0.642119 -0.420394 0.728144 0.541365 -0.428188 0.741643 0.516354 -0.460431 0.79749 0.389888 0.189072 -0.327482 -0.925747 0.259299 -0.44912 -0.855018 0.182513 -0.316123 -0.930997 -0.304832 0.527985 -0.79266 -0.267842 0.463916 -0.844418 -0.2327 0.403049 -0.8851 -0.329497 0.570706 -0.752148 -0.19969 0.345874 -0.916785 -0.126153 0.218503 -0.967648 -0.153737 0.266281 -0.951556 0.0309467 -0.0536013 -0.998083 0.100369 -0.173845 -0.979645 0.0152786 -0.0264632 -0.999533 -0.0702606 0.121695 -0.990078 -0.0487252 0.0843945 -0.99524 0.110953 -0.192177 -0.975068 -0.368015 0.637421 -0.676949 -0.420394 0.728144 -0.541365 -0.383251 0.663811 -0.642241 0.262919 -0.455389 -0.850585 0.328473 -0.568932 -0.753937 0.330041 -0.571649 -0.751193 -0.428188 0.741643 -0.516354 0.388004 -0.672042 -0.630724 -0.460431 0.79749 -0.389888 0.388141 -0.672279 -0.630387 0.43533 -0.754013 -0.491887 0.470133 -0.814294 -0.340442 0.436144 -0.755423 -0.488993 0.47148 -0.816627 -0.332908 0.491789 -0.851804 -0.180483 0.492974 -0.853857 -0.167049 0.499924 -0.865893 -0.0174879 0.49473 -0.856898 0.144805 0.499997 -0.866019 0.0037142 0.476764 -0.825779 0.301305 0.49234 -0.852758 0.174368 0.47023 -0.814463 0.339903 0.446737 -0.773772 0.449113 0.405738 -0.70276 0.584385 0.434316 -0.752257 0.49546 0.354912 -0.614725 0.70438 0.385651 -0.667966 0.63647 0.325664 -0.564066 0.758796 0.295405 -0.511657 0.80681 0.228897 -0.396461 0.889059 0.256117 -0.443607 0.858846 0.156429 -0.270943 0.9498 0.179051 -0.310125 0.933683 0.096728 -0.167538 0.981109 0.0800276 -0.138612 0.987108 0.000888561 -0.00153903 0.999998 0.0115658 -0.0200325 0.999732 -0.0787687 0.136431 0.987513 -0.0739359 0.128061 0.989007 -0.157267 0.272395 0.949246 -0.189232 0.327759 0.925616 -0.258306 0.4474 0.856219 -0.181541 0.314437 0.931758 0.305108 -0.528463 0.792235 0.267665 -0.46361 0.844643 0.233111 -0.403761 0.884667 0.329227 -0.570237 0.752621 0.199452 -0.34546 0.916993 0.125926 -0.21811 0.967766 0.154289 -0.267237 0.951199 -0.031154 0.0539603 0.998057 -0.0994596 0.172269 0.980016 -0.0144664 0.0250565 0.999581 0.0709501 -0.122889 0.989881 0.0485221 -0.0840427 0.99528 -0.11113 0.192483 0.974987 0.368172 -0.637693 0.676607 0.420457 -0.728252 0.541169 0.383153 -0.663641 0.642475 -0.263059 0.455631 0.850412 -0.32751 0.567263 0.755612 -0.330139 0.571817 0.751022 0.428188 -0.741643 0.516354 -0.387124 0.670518 0.632883 0.460431 -0.79749 0.389888 -0.38824 0.672451 0.630143 -0.435404 0.754142 0.491623 -0.47019 0.814392 0.340128 -0.435358 0.754062 0.491787 -0.470936 0.815686 0.33597 -0.491783 0.851793 0.180552 -0.49268 0.853348 0.170481 -0.499926 0.865898 0.0171585 -0.494742 0.856919 -0.144636 -0.5 0.866025 -1.2553e-07 -0.476733 0.825727 -0.301498 -0.492632 0.853263 -0.171042 -0.470745 0.815353 -0.337044 -0.44675 0.773794 -0.449063 -0.405766 0.702807 -0.584309 -0.434983 0.753413 -0.493111 -0.354859 0.614633 -0.704486 -0.386402 0.669267 -0.634646 -0.326432 0.565397 -0.757475 -0.295548 0.511905 -0.806601 -0.256841 0.444862 -0.85798 -0.228837 0.396358 -0.88912 -0.179681 0.311216 -0.933198 -0.0972249 0.168398 -0.980913 -0.156624 0.27128 -0.949672 -0.0800193 0.138598 -0.987111 -0.0119034 0.0206173 -0.999717 -0.00108973 0.00188746 -0.999998 0.073769 -0.127772 -0.989056 0.157267 -0.272395 -0.949246 0.0787114 -0.136332 -0.987531 -0.470745 0.815353 0.337043 -0.446729 0.773758 0.449145 -0.47671 0.825685 0.301648 -0.5 0.866025 -1.76461e-07 -0.494709 0.856861 0.145094 -0.49993 0.865904 -0.0167161 -0.492632 0.853263 0.171042 -0.434983 0.753413 0.493111 -0.49268 0.853348 -0.170481 -0.405768 0.702811 0.584303 -0.491852 0.851912 -0.179799 -0.386402 0.669267 0.634646 -0.470936 0.815685 -0.335971 -0.326432 0.565397 0.757475 -0.354949 0.61479 0.704305 -0.470329 0.814634 -0.339356 -0.295587 0.511971 0.806545 -0.435404 0.754142 -0.491624 -0.256841 0.444862 0.85798 -0.156615 0.271266 0.949677 -0.228976 0.396598 0.888977 -0.179681 0.311216 0.933198 -0.0972248 0.168398 0.980913 -0.0801034 0.138743 0.987083 -0.435596 0.754475 -0.490941 -0.000925786 0.00160351 0.999998 -0.0119034 0.0206172 0.999717 0.0737689 -0.127772 0.989056 0.07874 -0.136382 0.987522 0.157267 -0.272395 0.949246 -0.387124 0.670518 -0.632883 -0.388582 0.673044 -0.629297 -0.330507 0.572455 -0.750374 -0.32751 0.567263 -0.755612 -0.263499 0.456394 -0.849866 -0.258306 0.4474 -0.856219 -0.18154 0.314437 -0.931758 -0.189594 0.328386 -0.92532 -0.111404 0.192957 -0.974863 -0.0994594 0.172269 -0.980016 -0.0313832 0.0543573 -0.998028 -0.0144665 0.0250567 -0.999581 0.0709501 -0.122889 -0.989881 0.0485471 -0.084086 -0.995275 0.125889 -0.218047 -0.967785 0.154289 -0.267237 -0.951199 0.199597 -0.345712 -0.916867 0.233111 -0.403761 -0.884667 0.305108 -0.528463 -0.792235 0.267755 -0.463766 -0.844528 0.329365 -0.570477 -0.752379 0.368172 -0.637693 -0.676607 0.383233 -0.66378 -0.642284 0.420457 -0.728253 -0.541169 0.428188 -0.741643 -0.516354 0.460431 -0.79749 -0.389888</float_array>
          <technique_common>
            <accessor count="1206" source="#ID16" stride="3">
              <param name="X" type="float"/>
              <param name="Y" type="float"/>
              <param name="Z" type="float"/>
            </accessor>
          </technique_common>
        </source>
        <vertices id="ID17">
          <input semantic="POSITION" source="#ID13"/>
          <input semantic="NORMAL" source="#ID15"/>
        </vertices>
        <triangles count="1188" material="ID18">
          <input offset="0" semantic="VERTEX" source="#ID17"/>
          <p>0 1 2 3 4 5 2 6 0 3 7 8 0 9 10 6 9 0 0 11 12 10 11 0 0 13 14 12 13 0 15 16 17 15 17 14 18 19 20 21 22 17 23 24 20 25 20 24 26 4 17 3 23 17 4 3 17 27 7 3 5 27 3 28 29 3 28 3 8 30 3 31 3 29 31 30 32 33 33 3 30 34 35 33 34 33 32 36 37 33 36 33 35 38 39 33 38 33 37 19 40 41 3 24 23 42 43 44 42 45 46 47 48 49 18 50 40 51 42 52 42 53 52 42 54 43 42 51 54 46 18 42 44 45 42 18 55 56 57 55 18 46 57 18 58 59 18 58 18 56 60 50 18 60 18 59 61 19 62 19 63 62 63 19 41 18 40 19 20 25 18 61 64 19 65 19 66 64 66 19 67 49 19 19 65 67 68 69 49 68 49 67 26 17 70 49 71 72 69 71 49 72 47 49 48 73 49 73 74 49 17 75 21 22 70 17 17 0 14 75 17 16 76 77 78 79 80 78 81 78 77 82 78 80 83 84 85 86 87 78 88 89 90 91 84 92 84 93 94 95 90 96 97 98 99 84 100 101 97 99 87 102 87 103 87 104 97 102 105 104 102 104 87 104 106 107 108 106 104 109 110 104 107 109 104 111 112 104 111 104 110 113 112 114 112 113 104 113 115 116 114 115 113 113 117 118 116 117 113 113 119 120 118 119 113 120 121 113 108 104 105 101 122 123 124 101 125 97 100 98 84 101 93 84 98 100 126 90 127 90 128 127 90 129 96 90 126 129 130 88 90 95 130 90 101 131 122 89 125 101 89 101 90 131 101 124 123 132 101 101 133 93 132 133 101 84 94 92 91 134 84 135 84 83 84 134 85 135 136 84 87 137 103 87 138 137 84 136 139 139 136 140 141 138 87 142 139 140 143 141 87 142 144 139 87 145 143 146 147 139 146 139 144 148 149 139 148 139 147 87 86 150 145 87 150 151 86 78 78 82 151 81 79 78 152 153 154 155 156 157 158 159 160 161 162 163 156 164 165 156 166 157 166 167 168 169 156 170 156 155 170 171 156 172 156 169 172 173 156 174 156 171 174 156 175 164 156 173 175 152 154 176 165 177 156 178 179 180 179 178 181 182 180 183 179 183 180 182 184 185 159 186 187 188 189 190 184 191 185 192 193 194 195 196 197 198 167 199 168 167 200 201 167 202 203 166 204 166 168 204 205 166 206 166 203 206 207 166 208 166 205 208 209 166 210 166 207 210 211 166 212 166 209 212 213 166 214 166 211 214 157 166 213 181 178 215 182 183 184 216 159 217 215 218 219 219 181 215 220 218 221 218 220 219 222 223 159 224 159 187 225 226 159 227 159 228 159 224 228 229 159 230 159 227 230 231 159 232 159 229 232 233 159 234 159 231 234 159 235 217 159 233 235 236 167 216 159 216 167 237 167 238 167 236 238 239 167 240 167 237 240 241 167 242 167 239 242 198 200 167 167 241 202 167 201 199 192 168 200 193 197 194 192 194 168 195 189 196 193 195 197 188 190 191 196 189 188 185 191 190 243 244 245 246 247 248 249 162 250 249 250 251 162 252 253 161 250 162 254 245 249 162 249 245 255 245 256 245 254 256 257 245 258 245 255 258 259 245 260 245 257 260 261 245 262 245 259 262 245 261 243 159 245 263 244 263 245 264 159 265 159 263 265 266 159 267 159 264 267 226 268 159 159 266 225 160 159 223 268 222 159 159 158 186 187 186 269 270 271 272 221 187 269 273 274 275 247 276 248 275 277 273 278 251 279 176 269 152 251 250 279 279 276 278 162 156 252 248 274 246 280 162 281 162 253 281 282 162 283 162 280 283 162 284 163 285 162 286 162 282 286 287 162 288 162 285 288 162 287 284 276 247 278 289 290 291 273 246 274 277 292 293 292 277 275 272 293 294 292 294 293 153 295 154 271 270 295 272 294 270 153 271 295 176 220 221 269 176 221 289 291 220 289 220 176 156 177 290 290 177 291 296 156 297 156 290 297 298 156 299 156 296 299 300 156 301 156 298 301 302 156 303 156 300 303 304 156 305 156 302 305 252 156 304 306 307 308 309 310 311 309 312 310 312 313 314 312 314 310 306 315 312 313 312 315 307 306 316 306 308 315 317 316 318 306 318 316 319 317 318 320 321 322 321 320 323 324 325 322 326 327 328 321 324 322 324 329 330 325 324 330 331 329 326 324 326 329 326 328 331 326 332 327 327 332 333 334 335 336 334 337 338 335 334 338 339 340 341 337 334 339 340 339 334 342 343 344 344 343 345 346 347 342 348 349 350 344 346 342 346 351 352 347 346 352 353 351 348 346 348 351 348 350 353 348 354 349 349 354 355 356 357 358 359 356 358 360 359 361 362 356 359 359 363 362 360 363 359 364 365 366 367 368 369 370 371 367 369 368 372 367 371 368 366 373 367 370 367 373 364 366 374 366 365 373 375 374 376 366 376 374 377 375 376 378 379 380 381 382 383 384 385 386 387 388 389 390 391 392 393 394 395 396 397 398 399 400 401 402 403 404 405 406 407 408 409 410 411 412 413 414 415 416 417 418 419 420 421 422 423 424 425 426 427 428 429 430 431 432 433 434 435 436 437 437 431 435 438 439 436 437 436 439 440 438 441 438 440 439 441 442 443 443 440 441 444 445 442 443 442 445 446 444 447 444 446 445 447 448 449 449 446 447 450 451 448 449 448 451 452 450 380 450 452 451 379 452 380 434 430 429 431 430 435 424 433 432 432 434 429 427 423 425 423 433 424 426 428 417 427 425 428 419 418 420 426 417 419 421 413 422 418 421 420 411 416 412 413 412 422 406 415 414 414 416 411 409 405 407 405 415 406 408 410 399 409 407 410 401 400 402 408 399 401 403 395 404 400 403 402 393 398 394 395 394 404 388 397 396 396 398 393 391 387 389 387 397 388 390 392 381 391 389 392 383 382 386 390 381 383 384 378 385 382 384 386 380 385 378 453 454 455 456 457 458 459 460 455 455 454 459 461 460 462 459 462 460 461 463 464 463 461 462 465 466 464 464 463 465 467 466 468 465 468 466 467 469 470 469 467 468 471 472 470 470 469 471 473 472 474 471 474 472 475 473 474 475 476 477 477 473 475 478 479 476 477 476 479 480 478 481 478 480 479 481 482 483 483 480 481 484 485 482 483 482 485 486 484 487 484 486 485 487 488 489 489 486 487 490 491 488 489 488 491 492 490 457 490 492 491 492 457 456 454 453 493 494 493 495 453 495 493 494 496 497 496 494 495 498 499 500 496 498 497 501 502 499 500 499 502 503 504 505 501 505 504 506 503 507 503 506 504 508 507 509 508 506 507 509 510 511 512 513 514 510 515 511 510 514 515 497 498 500 505 501 499 511 508 509 514 513 515 516 513 512 517 518 516 516 512 517 517 519 518 520 519 521 519 520 518 521 522 523 523 520 521 524 525 522 523 522 525 526 524 527 524 526 525 527 458 528 528 526 527 528 458 457 529 530 531 532 533 534 535 536 537 538 539 540 541 542 543 544 545 546 547 548 549 550 551 552 553 554 555 556 557 558 559 560 561 562 563 564 565 566 567 568 569 570 571 572 573 574 575 576 577 578 579 580 581 582 583 584 585 586 587 588 588 582 586 589 590 587 588 587 590 591 589 592 589 591 590 592 593 594 594 591 592 595 596 593 594 593 596 597 595 598 595 597 596 598 599 600 600 597 598 601 602 599 600 599 602 603 601 531 601 603 602 530 603 531 585 581 580 582 581 586 575 584 583 583 585 580 578 574 576 574 584 575 577 579 568 578 576 579 570 569 571 577 568 570 572 564 573 569 572 571 562 567 563 564 563 573 557 566 565 565 567 562 560 556 558 556 566 557 559 561 550 560 558 561 552 551 553 559 550 552 554 546 555 551 554 553 544 549 545 546 545 555 539 548 547 547 549 544 542 538 540 538 548 539 541 543 532 542 540 543 534 533 537 541 532 534 535 529 536 533 535 537 531 536 529 604 605 606 607 608 609 609 610 611 612 606 613 605 613 606 612 614 615 614 612 613 616 617 604 616 604 606 618 619 617 604 617 619 620 611 610 618 607 619 621 622 623 624 625 626 627 628 629 630 631 632 633 634 635 636 637 638 639 640 641 642 643 644 645 646 647 648 639 649 650 651 652 653 654 655 656 657 658 659 658 660 661 662 663 664 665 663 666 662 667 661 667 662 666 668 669 668 666 667 670 671 669 669 668 670 672 671 673 670 673 671 672 674 675 674 672 673 676 677 675 675 674 676 614 677 678 676 678 677 615 614 678 663 665 661 656 664 657 665 664 656 650 659 660 657 660 658 653 652 651 652 659 650 655 654 647 653 651 654 646 645 649 655 647 646 648 679 639 645 648 649 643 641 640 640 639 679 635 642 644 642 641 643 634 633 636 635 644 633 638 637 628 634 636 638 629 632 627 637 629 628 630 621 631 632 631 627 625 623 622 622 621 630 620 624 626 624 623 625 620 626 611 607 618 608 609 608 610 680 681 682 683 684 685 686 687 688 689 690 691 692 693 694 695 696 697 698 699 700 701 702 703 704 705 706 707 708 709 710 711 712 713 714 715 716 717 718 719 720 721 722 723 724 725 726 727 728 729 730 731 732 733 734 735 736 737 738 739 739 733 737 740 741 738 739 738 741 742 740 743 740 742 741 743 744 745 745 742 743 746 747 744 745 744 747 748 746 749 746 748 747 749 750 751 751 748 749 752 753 750 751 750 753 754 752 682 752 754 753 681 754 682 736 732 731 733 732 737 726 735 734 734 736 731 729 725 727 725 735 726 728 730 719 729 727 730 721 720 722 728 719 721 723 715 724 720 723 722 713 718 714 715 714 724 708 717 716 716 718 713 711 707 709 707 717 708 710 712 701 711 709 712 703 702 704 710 701 703 705 697 706 702 705 704 695 700 696 697 696 706 690 699 698 698 700 695 693 689 691 689 699 690 692 694 683 693 691 694 685 684 688 692 683 685 686 680 687 684 686 688 682 687 680 755 756 757 758 759 760 755 761 762 761 755 757 763 764 762 762 761 763 765 764 766 763 766 764 765 767 768 767 765 766 769 770 768 768 767 769 771 770 772 769 772 770 771 773 774 773 771 772 775 776 774 774 773 775 777 776 778 775 778 776 779 777 780 780 777 778 781 779 780 782 783 784 784 785 782 779 781 786 784 786 785 786 781 785 757 756 787 787 788 789 788 787 756 789 790 791 790 789 788 792 793 791 791 790 792 794 793 795 792 795 793 794 796 797 796 794 795 796 798 799 799 797 796 800 801 798 799 798 801 802 800 803 800 802 801 803 804 805 805 802 803 806 807 804 805 804 807 808 806 809 806 808 807 809 810 811 811 808 809 812 813 810 811 810 813 814 812 815 812 814 813 815 816 817 817 814 815 760 759 816 817 816 759 818 819 820 821 822 823 824 825 826 827 828 829 830 824 783 824 830 825 782 830 783 819 823 820 829 828 826 826 825 829 827 829 818 827 818 820 819 821 823 821 758 822 760 822 758 831 832 833 834 835 836 837 838 839 840 841 842 843 844 845 846 847 848 849 850 851 852 853 854 855 856 857 858 859 860 861 862 863 864 865 866 867 868 869 870 871 872 873 874 875 876 877 878 879 880 881 882 883 884 885 886 887 888 889 890 890 884 888 891 892 889 890 889 892 893 891 894 891 893 892 894 895 896 896 893 894 897 898 895 896 895 898 899 897 900 897 899 898 900 901 902 902 899 900 903 904 901 902 901 904 905 903 833 903 905 904 832 905 833 887 883 882 884 883 888 877 886 885 885 887 882 880 876 878 876 886 877 879 881 870 880 878 881 872 871 873 879 870 872 874 866 875 871 874 873 864 869 865 866 865 875 859 868 867 867 869 864 862 858 860 858 868 859 861 863 852 862 860 863 854 853 855 861 852 854 856 848 857 853 856 855 846 851 847 848 847 857 841 850 849 849 851 846 844 840 842 840 850 841 843 845 834 844 842 845 836 835 839 843 834 836 837 831 838 835 837 839 833 838 831 906 907 908 909 910 911 912 913 908 908 907 912 914 913 915 912 915 913 914 916 917 916 914 915 918 917 919 917 916 919 920 918 921 918 920 917 921 922 923 923 920 921 924 925 922 923 922 925 926 924 927 924 926 925 928 926 927 929 930 928 928 927 929 931 930 932 929 932 930 931 933 934 933 931 932 935 936 934 934 933 935 937 936 938 935 938 936 937 939 940 939 937 938 941 942 940 940 939 941 943 942 944 941 944 942 943 945 946 945 943 944 946 945 910 910 909 946 907 906 947 947 948 949 906 948 947 950 951 952 951 950 949 952 953 954 954 950 952 953 955 956 954 953 956 957 958 959 960 959 961 958 961 959 955 958 957 962 963 964 960 961 963 960 963 962 951 949 948 957 956 955 965 966 964 962 964 966 965 967 966 967 968 969 968 967 965 970 971 969 969 968 970 972 971 973 970 973 971 972 974 975 974 972 973 976 977 975 975 974 976 978 977 979 976 979 977 978 980 981 980 978 979 911 910 981 981 980 911 982 983 984 985 986 987 988 987 986 986 985 984 984 985 982 982 989 983 990 987 988 991 983 989 992 990 988 989 993 991 994 990 992 995 996 993 996 991 993 992 997 994 995 998 996 997 999 994 998 995 1000 1001 1002 1003 1000 1003 1002 1003 1004 1001 1000 1002 998 1005 1001 1004 999 997 1006 1007 1008 1009 1008 1007 1005 1010 1009 1011 1010 1007 1009 1004 1008 1005 1012 1013 1006 1006 1013 999 1013 1014 1015 1014 1013 1012 1016 1017 1015 1015 1014 1016 1018 1017 1019 1016 1019 1017 1018 1020 1021 1020 1018 1019 1022 1023 1021 1021 1020 1022 1024 1023 1025 1022 1025 1023 1024 1026 1027 1026 1024 1025 1028 1029 1027 1027 1026 1028 1030 1029 1031 1028 1031 1029 1030 1032 1033 1032 1030 1031 1034 1035 1033 1033 1032 1034 1034 1036 1035 1035 1036 1037 1038 1039 1040 1041 1042 1043 1044 1042 1041 1045 1046 1047 1048 1049 1050 1046 1051 1047 1051 1046 1052 1050 1052 1048 1051 1052 1050 1043 1042 1045 1047 1043 1045 1040 1049 1053 1049 1048 1053 1038 1040 1053 1044 1041 1054 1055 1056 1054 1054 1056 1044 1057 1058 1039 1057 1039 1038 1057 1059 1058 1055 1060 1056 1059 1061 1058 1060 1055 1062 1063 1064 1061 1063 1061 1059 1065 1066 1064 1061 1064 1066 1067 1065 1068 1066 1065 1067 1069 1068 1070 1068 1069 1067 1070 1071 1072 1072 1069 1070 1073 1074 1071 1072 1071 1074 1075 1073 1076 1073 1075 1074 1076 1077 1078 1078 1075 1076 1079 1080 1077 1078 1077 1080 1081 1079 1082 1079 1081 1080 1082 1083 1084 1084 1081 1082 1085 1086 1083 1084 1083 1086 1087 1085 1088 1085 1087 1086 1088 1089 1090 1090 1087 1088 1091 1092 1089 1090 1089 1092 1093 1092 1091 1094 1095 1096 1097 1098 1099 1100 1098 1097 1101 1102 1103 1104 1105 1106 1102 1107 1103 1107 1102 1108 1106 1108 1104 1107 1108 1106 1099 1098 1101 1103 1099 1101 1096 1105 1109 1105 1104 1109 1094 1096 1109 1100 1097 1110 1111 1112 1110 1110 1112 1100 1113 1114 1095 1113 1095 1094 1113 1115 1114 1111 1116 1112 1115 1117 1114 1116 1111 1118 1117 1119 1120 1119 1117 1115 1121 1120 1122 1120 1119 1122 1123 1121 1124 1120 1121 1123 1125 1124 1126 1124 1125 1123 1126 1127 1128 1128 1125 1126 1129 1130 1127 1128 1127 1130 1131 1129 1132 1129 1131 1130 1132 1133 1134 1134 1131 1132 1135 1136 1133 1134 1133 1136 1137 1138 1139 1135 1137 1136 1138 1137 1135 1140 1141 1139 1139 1138 1140 1142 1141 1143 1140 1143 1141 1142 1144 1145 1144 1142 1143 1146 1147 1145 1145 1144 1146 1148 1147 1149 1146 1149 1147 1150 1151 1152 1153 1154 1155 1154 1153 1156 1154 1156 1152 1152 1156 1150 1150 1157 1151 1155 1158 1153 1159 1151 1157 1160 1158 1155 1157 1161 1159 1162 1158 1160 1163 1164 1161 1164 1159 1161 1160 1165 1162 1163 1166 1164 1165 1167 1162 1166 1163 1168 1169 1170 1171 1168 1171 1170 1171 1172 1169 1168 1170 1166 1173 1169 1172 1167 1165 1174 1175 1176 1177 1176 1175 1173 1178 1177 1179 1178 1175 1177 1172 1176 1173 1180 1167 1181 1181 1167 1174 1180 1182 1183 1182 1180 1181 1184 1185 1183 1183 1182 1184 1186 1185 1187 1184 1187 1185 1186 1188 1189 1188 1186 1187 1190 1191 1189 1189 1188 1190 1192 1191 1193 1190 1193 1191 1192 1194 1195 1194 1192 1193 1196 1197 1195 1195 1194 1196 1198 1197 1199 1196 1199 1197 1198 1200 1201 1200 1198 1199 1202 1203 1201 1201 1200 1202 1202 1204 1203 1203 1204 1205</p>
        </triangles>
      </mesh>
    </geometry>
    <geometry id="ID20">
      <mesh>
        <source id="ID21">
          <float_array count="18474" id="ID22">-0.0252361 -0.0298311 -0.006 -0.022309 -0.0312312 -0.006 -0.022454 -0.0312912 -0.006 -0.000148859 -0.0304183 -0.006 -0.00234357 -0.0281699 -0.006 0.000328427 -0.0300107 -0.006 -0.022 -0.0281822 -0.006 -0.0025 -0.0281822 -0.006 -0.022 -0.0311822 -0.006 -0.0258042 -0.0309462 -0.006 -0.0225878 -0.0313732 -0.006 -0.0227071 -0.0314751 -0.006 -0.025564 -0.0303663 -0.006 -0.022891 -0.0317282 -0.006 -0.022809 -0.0315945 -0.006 -0.0229511 -0.0318732 -0.006 -0.0259508 -0.0315565 -0.006 -0.0229877 -0.0320258 -0.006 -0.026 -0.0321822 -0.006 -0.023 -0.0321822 -0.006 -0.0248284 -0.0293538 -0.006 -0.0221564 -0.0311945 -0.006 -0.0243511 -0.0289462 -0.006 -0.023816 -0.0286182 -0.006 -0.00169098 -0.02777 -0.006 -0.00160899 -0.0276362 -0.006 0.00130423 -0.0284183 -0.006 -0.0232361 -0.028378 -0.006 -0.0226257 -0.0282315 -0.006 0.000736068 -0.0295334 -0.006 -0.00204601 -0.0280732 -0.006 0.00106403 -0.0289982 -0.006 -0.00219098 -0.0281333 -0.006 -0.00179289 -0.0278893 -0.006 -0.00191221 -0.0279913 -0.006 -0.00154894 -0.0274913 -0.006 0.00145075 -0.027808 -0.006 -0.0015 -0.0271822 -0.006 0.0015 -0.0271822 -0.006 -0.00151231 -0.0273387 -0.006 0.0015 -0.0163763 -0.006 -0.0015 -0.0163763 -0.006 -0.000684038 -0.0307463 -0.006 -0.00126393 -0.0309865 -0.006 -0.0025 -0.0311822 -0.006 -0.00187426 -0.031133 -0.006 0.023 -0.0331822 0.016 -0.023 -0.0331822 -0.001 0.023 -0.0331822 -0.016 -0.023 -0.0331822 0.016 -0.023 -0.0331822 -0.016 -0.023 -0.0471822 -0.001 -0.023 -0.0581822 0.016 -0.023 -0.0581822 -0.016 -0.023 -0.0331822 -0.001 -0.023 -0.0331822 0.016 -0.023 -0.0471822 -0.016 0.016 0.0333 -0.01 0.016 0.0369682 -0.009 0.016 0.0150111 -0.009 0.016 0.0150111 -0.016 0.016 0.0369682 -0.01 0.016 0.0333 -0.016 -0.016 0.0150111 -0.016 -0.016 0.0333 -0.01 -0.016 0.0333 -0.016 -0.016 0.0369682 -0.009 -0.016 0.0150111 -0.009 -0.016 0.0369682 -0.01 -0.016 0.0150111 -0.016 0.00853294 0.0107 -0.016 -0.00853294 0.0107 -0.016 0.016 0.0150111 -0.016 -0.016 0.0333 -0.016 0.016 0.0333 -0.016 0.046438 0.0545415 -0.016 0.046438 0.0545415 -0.009 0.0460269 0.0543042 -0.0100665 0.0463082 0.0544666 -0.009 0.0344655 0.0476292 -0.009 0.0200389 0.0393 -0.01 0.0347468 0.0477917 -0.0100665 0.035728 0.0483581 -0.0119788 0.0351713 0.0480367 -0.0110679 0.039906 0.0507703 -0.0144778 0.0200389 0.0393 -0.016 0.045047 0.0537385 -0.0119768 0.0456031 0.0540595 -0.0110663 0.0364029 0.0487478 -0.012776 0.038036 0.0496907 -0.0139522 0.0371788 0.0491957 -0.0134394 0.0435974 0.0529016 -0.0134375 0.0443727 0.0533492 -0.0127739 0.0418243 0.0518778 -0.0143002 0.0427407 0.0524069 -0.0139506 0.0408713 0.0513276 -0.0144775 0.0389529 0.05022 -0.0143012 0.016 0.0369682 -0.009 0.016 0.0369682 -0.01 -0.044717 0.0535479 -0.009 -0.046438 0.0545415 -0.009 -0.046438 0.0545415 -0.016 -0.0360567 0.0485479 -0.006 -0.044717 0.0535479 -0.006 -0.0360567 0.0485479 -0.009 -0.0200389 0.0393 -0.01 -0.016 0.0369682 -0.01 -0.016 0.0369682 -0.009 -0.0200389 0.0393 -0.016 -0.0360567 0.0485479 -0.006 -0.0460567 0.0312274 -0.006 -0.0286003 0.0534628 -0.006 -0.0772043 0.00877821 -0.006 -0.0585848 -0.00197179 -0.006 -0.0681888 0.0208936 -0.006 -0.0697043 0.0217686 -0.006 -0.0526003 0.0118936 -0.006 -0.0510848 0.0110186 -0.006 -0.0441888 0.0624628 -0.006 -0.054717 0.0362274 -0.006 -0.044717 0.0535479 -0.006 -0.0704533 0.0129457 -0.009 -0.046438 0.0545415 -0.009 -0.054717 0.0362274 -0.009 -0.0360567 0.0485479 -0.009 -0.016 0.0369682 -0.009 -0.0460567 0.0312274 -0.009 -0.044717 0.0535479 -0.009 -0.016 0.0150111 -0.009 -0.0172665 0.00850641 -0.009 -0.016 0.0092376 -0.009 -0.0400154 -0.00462768 -0.009 -0.0291229 -0.0029577 -0.002 -0.0287978 -0.00352078 -0.00389639 -0.0298239 -0.00174355 -0.00404806 -0.029041 -0.00309943 -0.00197514 -0.0247046 -0.0106104 -0.0136376 -0.0257049 -0.00887784 -0.0130124 -0.0245958 -0.0107988 -0.0116328 -0.0291229 -0.0029577 1.46958e-18 -0.0294462 -0.00239771 -0.00600515 -0.0283997 -0.00421024 -0.00571137 -0.0289266 -0.00329773 -0.00782727 -0.0275113 -0.00574908 -0.0109069 -0.0271866 -0.00631148 -0.00882869 -0.0264046 -0.00766595 -0.010046 -0.0282767 -0.00442332 -0.00947351 -0.0278577 -0.00514901 -0.00737055 -0.0266475 -0.00724515 -0.0120954 -0.0255331 -0.00917546 -0.0109893 -0.0215839 -0.0160156 -0.0136575 -0.0226216 -0.0142183 -0.0139641 -0.0226274 -0.0142082 -0.011959 -0.0236184 -0.0124918 -0.011959 -0.0236691 -0.012404 -0.0139571 -0.0196349 -0.0193913 -0.0121381 -0.0205808 -0.0177529 -0.0130442 -0.0207127 -0.0175245 -0.0109893 -0.02165 -0.0159012 -0.0116328 -0.0179977 -0.0222271 -0.00953533 -0.0187674 -0.020894 -0.0109596 -0.0190592 -0.0203885 -0.00882869 -0.0198412 -0.0190341 -0.010046 -0.018388 -0.021551 -0.00737055 -0.0173431 -0.0233609 -0.00789736 -0.017448 -0.0231792 -0.00389639 -0.0164349 -0.024934 -0.0041319 -0.0168183 -0.0242699 -0.00608261 -0.017846 -0.0224898 -0.00571137 -0.0172047 -0.0236006 -0.00197514 -0.0171229 -0.0237423 4.44089e-18 -0.0162015 -0.0253382 -0.00209197 -0.0171229 -0.0237423 0.016 -0.0161229 -0.0254744 0.016 -0.0161229 -0.0254744 7.34788e-19 -0.0300511 -0.00135 -0.002 0.0760727 -0.00604525 0.016 0.0758452 -0.00601611 0.016 0.0863108 -0.0225053 0.016 0.0236653 0.055 0.016 0.0193393 0.0475669 0.016 0.0195346 0.0474466 0.016 0.0344477 0.0648298 0.016 0.0346064 0.0646642 0.016 -0.0922215 -0.0122677 0.016 -0.0774632 -0.0049225 0.016 -0.0774827 -0.00469392 0.016 0.0341474 0.0656795 0.016 0.0236653 0.0705 0.016 0.0341669 0.0654509 0.016 0.0435152 -0.00202949 0.016 0.0481803 -0.00673007 0.016 0.0482381 -0.00650807 0.016 0.0508611 -0.00684395 0.016 0.0508611 -0.00707336 0.016 0.059464 -0.00700528 0.016 0.0338372 -0.0333923 0.016 0.020587 -0.0257423 0.016 0.023 -0.0331822 0.016 0.042797 -0.0638122 0.016 0.0427776 -0.0635836 0.016 0.034 -0.0581822 0.016 0.0423013 -0.026732 0.016 0.0443013 -0.023268 0.016 0.0174462 -0.0311822 0.016 -0.0495708 -0.00830999 0.016 -0.0458372 -0.0126077 0.016 -0.0493416 -0.00830025 0.016 0.023 -0.0581822 0.016 0.0357988 -0.0479947 0.016 0.0445262 -0.0648769 0.016 0.0567349 -0.0737323 0.016 0.044739 -0.0647914 0.016 0.0453626 -0.0641408 0.016 0.0452507 -0.064341 0.016 -0.0747824 -0.00480862 0.016 -0.0748212 -0.00503473 0.016 -0.059464 -0.00700528 0.016 0.0466314 -0.029232 0.016 -0.034 -0.0581822 0.016 -0.0437341 -0.0622904 0.016 -0.0435212 -0.0623759 0.016 -0.0493416 -0.00561706 0.016 -0.0430152 -0.00289552 0.016 -0.0457652 0.00186762 0.016 -0.0428976 -0.0630265 0.016 -0.0428212 -0.0632428 0.016 -0.023 -0.0581822 0.016 -0.0357988 -0.0479947 0.016 -0.0626455 -0.0634947 0.016 -0.0454054 -0.0640342 0.016 -0.0454632 -0.0638122 0.016 -0.0423013 -0.026732 0.016 -0.0338372 -0.0333923 0.016 -0.0443013 -0.023268 0.016 -0.0466314 -0.029232 0.016 -0.023 -0.0331822 0.016 -0.0747824 -0.00457922 0.016 -0.0585848 -0.00197179 0.016 -0.0748212 -0.00435311 0.016 0.017455 0.0459086 0.016 0.012 0.046 0.016 0.0175495 0.0456996 0.016 -0.0345235 0.0647436 0.016 -0.0346957 0.064592 0.016 -0.0236653 0.055 0.016 -0.0368331 0.0654509 0.016 -0.0441888 0.0624628 0.016 -0.0367753 0.0652289 0.016 -0.0200634 0.0461306 0.016 -0.0200829 0.0463592 0.016 -0.0286003 0.0534628 0.016 -0.0176097 0.0456018 0.016 -0.0177538 0.0454233 0.016 -0.012 0.046 0.016 -0.0197827 0.0455095 0.016 -0.0526003 0.0118936 0.016 -0.0199111 0.0456996 0.016 -0.0174978 0.0458021 0.016 0.0186729 0.0477105 0.016 0.0184454 0.0476814 0.016 0.0196504 0.0307 0.016 0.0186729 0.0450079 0.016 0.0184454 0.045037 0.016 -0.0183343 0.0450659 0.016 -0.014 0.0267 0.016 -0.0185585 0.0450176 0.016 -0.0187877 0.0450079 0.016 -0.0393432 -0.00187367 0.016 -0.0398099 -0.00186144 0.016 -0.0396556 -0.00189004 0.016 -0.0489045 -0.00575093 0.016 -0.0487091 -0.00587121 0.016 0.0204326 0.0306384 0.016 0.0211955 0.0304553 0.016 0.0193393 0.0451515 0.016 -0.0394987 -0.00189415 0.016 -0.0497984 -0.00828085 0.016 -0.0500177 -0.00821367 0.016 -0.050407 -0.00797398 0.016 -0.0505657 -0.00780835 0.016 0.0458372 -0.0126077 0.016 0.0483326 -0.00761829 0.016 0.0482381 -0.00740924 0.016 0.0219204 0.030155 0.016 0.0195346 0.0452717 0.016 -0.002 0.05 0.016 -0.002 0.055 0.016 0.018226 0.0451042 0.016 0.012 0.0307 0.016 -0.0174214 0.0460184 0.016 -0.0173827 0.0462445 0.016 -0.0173827 0.0464739 0.016 -0.0174214 0.0467 0.016 -0.0174978 0.0469163 0.016 -0.0176097 0.0471166 0.016 -0.0177538 0.0472951 0.016 -0.0179261 0.0474466 0.016 -0.0181214 0.0475669 0.016 -0.0185585 0.0477008 0.016 -0.0183343 0.0476525 0.016 -0.0190153 0.0476814 0.016 -0.0187877 0.0477105 0.016 -0.0194395 0.0475109 0.016 -0.0192346 0.0476142 0.016 -0.0197827 0.0472089 0.016 -0.0196239 0.0473745 0.016 -0.0200056 0.0468098 0.016 -0.0199111 0.0470188 0.016 -0.0200634 0.0465878 0.016 0.0772043 0.00877821 0.016 0.0771066 -0.00375804 0.016 0.0772507 -0.00393653 0.016 0.0342247 0.0652289 0.016 0.0343192 0.0650199 0.016 0.0347908 0.0645278 0.016 0.0349957 0.0644245 0.016 0.0286003 0.0534628 0.016 0.035215 0.0643573 0.016 0.0354426 0.0643282 0.016 0.0356718 0.0643379 0.016 0.0358961 0.0643862 0.016 0.0441888 0.0624628 0.016 0.0361089 0.0644718 0.016 0.0763019 -0.00335233 0.016 0.0765262 -0.00340066 0.016 0.0760727 -0.00334259 0.016 0.076739 -0.00348619 0.016 0.0368089 0.0653387 0.016 0.0367325 0.0651224 0.016 0.0366206 0.0649221 0.016 0.0368477 0.0657942 0.016 0.0368477 0.0655648 0.016 0.0368089 0.0660203 0.016 0.0444356 0.0705 0.016 0.0356718 0.0670211 0.016 0.0354426 0.0670308 0.016 0.0366206 0.0664369 0.016 0.0367325 0.0662366 0.016 0.0363043 0.0667669 0.016 0.0364765 0.0666154 0.016 0.0358961 0.0669728 0.016 0.0361089 0.0668872 0.016 0.035215 0.0670017 0.016 0.0347908 0.0668312 0.016 0.0349957 0.0669345 0.016 0.0344477 0.0665292 0.016 0.0346064 0.0666948 0.016 0.0342247 0.0661301 0.016 0.0343192 0.0663391 0.016 0.0341669 0.0659081 0.016 -0.0482809 -0.00640154 0.016 -0.0422276 -0.0038681 0.016 -0.0426597 -0.0034128 0.016 -0.0506942 -0.00761829 0.016 -0.0507887 -0.00740924 0.016 -0.0508465 -0.00718724 0.016 -0.050866 -0.00695866 0.016 -0.0502226 -0.00811039 0.016 -0.0486314 -0.025768 0.016 -0.0489045 -0.00816638 0.016 -0.0491173 -0.00825192 0.016 -0.0485369 -0.00789454 0.016 -0.0487091 -0.0080461 0.016 -0.0482809 -0.00751577 0.016 -0.0483928 -0.00771605 0.016 -0.0417296 -0.0042502 0.016 -0.0481657 -0.00707336 0.016 -0.041178 -0.0045497 0.016 -0.0491173 -0.00566539 0.016 0.0197068 0.0454233 0.016 0.0225894 0.0297451 0.016 -0.0482045 -0.00729947 0.016 -0.0405864 -0.00475922 0.016 -0.0192665 0.0119705 0.016 -0.0325517 0.000638059 0.016 -0.03196 0.000428537 0.016 -0.0391927 -0.0018291 0.016 -0.0510848 0.0110186 0.016 -0.0497984 -0.00563646 0.016 -0.0192346 0.0451042 0.016 -0.0190153 0.045037 0.016 -0.0748976 -0.00525104 0.016 -0.0748976 -0.0041368 0.016 -0.0505657 -0.00610896 0.016 -0.050407 -0.00594333 0.016 -0.0502226 -0.00580692 0.016 -0.0506942 -0.00629902 0.016 -0.0508465 -0.00673007 0.016 -0.0507887 -0.00650807 0.016 0.0198509 0.0456018 0.016 0.023186 0.0292355 0.016 0.0199628 0.0458021 0.016 0.0501223 -0.00816638 0.016 0.0486198 -0.00797398 0.016 0.0484611 -0.00780835 0.016 0.0488043 -0.00811039 0.016 0.0490091 -0.00821367 0.016 0.0492285 -0.00828085 0.016 0.049456 -0.00830999 0.016 0.0496852 -0.00830025 0.016 0.0499095 -0.00825192 0.016 0.0486314 -0.025768 0.016 0.0503177 -0.0080461 0.016 0.050634 -0.00771605 0.016 0.0504899 -0.00789454 0.016 0.0508223 -0.00729947 0.016 0.0507459 -0.00751577 0.016 0.0504899 -0.00602277 0.016 0.050634 -0.00620126 0.016 0.0585848 -0.00197179 0.016 0.0507459 -0.00640154 0.016 0.0508223 -0.00661784 0.016 0.0503177 -0.00587121 0.016 0.0501223 -0.00575093 0.016 0.0758452 -0.00337173 0.016 0.0756258 -0.0034389 0.016 0.0496852 -0.00561706 0.016 0.0499095 -0.00566539 0.016 0.0457652 0.00186762 0.016 -0.0393417 -0.00489004 0.016 -0.0399692 -0.0048736 0.016 -0.0206504 0.0163676 0.016 0.00853294 0.0107 0.016 0.00799705 0.0127 0.016 -0.00853294 0.0107 0.016 0.0173778 0.0463592 0.016 0.0173972 0.0461306 0.016 0.0291229 -0.0029577 0.016 -0.018 -0.0266822 0.016 -0.0171229 -0.0237423 0.016 -0.00399852 -0.0184744 0.016 -0.0161229 -0.0254744 0.016 -0.0025 -0.0266822 0.016 0.0922215 -0.0122677 0.016 0.0771066 -0.0056298 0.016 0.0769344 -0.00578137 0.016 0.0750778 -0.00554362 0.016 0.0752365 -0.00570924 0.016 0.0748548 -0.00514451 0.016 0.074797 -0.0049225 0.016 0.0747776 -0.00469392 0.016 0.0749493 -0.00535355 0.016 0.0756258 -0.00594894 0.016 0.075421 -0.00584566 0.016 0.0765262 -0.00598718 0.016 0.0763019 -0.00603552 0.016 0.076739 -0.00590165 0.016 0.0773626 -0.00525104 0.016 0.0772507 -0.00545131 0.016 0.0774778 -0.00480862 0.016 0.077439 -0.00503473 0.016 0.077439 -0.00435311 0.016 0.0774778 -0.00457922 0.016 0.0773626 -0.0041368 0.016 0.0769344 -0.00360647 0.016 0.0364765 0.0647436 0.016 0.0363043 0.064592 0.016 0.075421 -0.00354218 0.016 0.0483326 -0.00629902 0.016 0.0484611 -0.00610896 0.016 0.049456 -0.00560732 0.016 0.0752365 -0.0036786 0.016 0.0748548 -0.00424333 0.016 0.0749493 -0.00403429 0.016 0.0750778 -0.00384422 0.016 0.074797 -0.00446534 0.016 0.0626455 -0.0634947 0.016 0.0449344 -0.0624962 0.016 0.0451066 -0.0626478 0.016 0.034 -0.0737323 0.016 0.0438452 -0.0649058 0.016 0.0436258 -0.0648387 0.016 0.0428548 -0.0640342 0.016 0.0430778 -0.0644334 0.016 0.0429493 -0.0642433 0.016 0.043421 -0.0647354 0.016 0.0432365 -0.064599 0.016 0.0443019 -0.0649252 0.016 0.0440727 -0.064935 0.016 0.0451066 -0.0645195 0.016 0.0449344 -0.0646711 0.016 0.0440727 -0.0622323 0.016 0.0443019 -0.0622421 0.016 0.045439 -0.0639245 0.016 0.0454778 -0.0634689 0.016 0.0454778 -0.0636984 0.016 0.0453626 -0.0630265 0.016 0.045439 -0.0632428 0.016 0.0452507 -0.0628263 0.016 0.044739 -0.0623759 0.016 0.0445262 -0.0622904 0.016 0.0438452 -0.0622615 0.016 0.043421 -0.0624319 0.016 0.0436258 -0.0623286 0.016 0.0430778 -0.0627339 0.016 0.0432365 -0.0625683 0.016 0.0428548 -0.0631331 0.016 0.0429493 -0.062924 0.016 0.042797 -0.0633551 0.016 -0.0567349 -0.0737323 0.016 -0.0446344 -0.0648387 0.016 -0.0448393 -0.0647354 0.016 -0.0454827 -0.0635836 0.016 -0.0431536 -0.0645195 0.016 -0.034 -0.0737323 0.016 -0.0430095 -0.064341 0.016 -0.0453109 -0.0642433 0.016 -0.0450237 -0.064599 0.016 -0.0451824 -0.0644334 0.016 -0.0441875 -0.064935 0.016 -0.0444151 -0.0649058 0.016 -0.0439583 -0.0649252 0.016 -0.0435212 -0.0647914 0.016 -0.0437341 -0.0648769 0.016 -0.0433258 -0.0646711 0.016 -0.0428212 -0.0639245 0.016 -0.0428976 -0.0641408 0.016 -0.0427824 -0.0636984 0.016 -0.0427824 -0.0634689 0.016 -0.0430095 -0.0628263 0.016 -0.0433258 -0.0624962 0.016 -0.0431536 -0.0626478 0.016 -0.0446344 -0.0623286 0.016 -0.0444151 -0.0622615 0.016 -0.0439583 -0.0622421 0.016 -0.0441875 -0.0622323 0.016 -0.0448393 -0.0624319 0.016 -0.0451824 -0.0627339 0.016 -0.0450237 -0.0625683 0.016 -0.0454054 -0.0631331 0.016 -0.0453109 -0.062924 0.016 -0.0454632 -0.0633551 0.016 -0.0750095 -0.00393653 0.016 -0.0751536 -0.00375804 0.016 -0.0774054 -0.00514451 0.016 -0.0757341 -0.00598718 0.016 -0.0759583 -0.00603552 0.016 -0.0863108 -0.0225053 0.016 -0.0771824 -0.00554362 0.016 -0.0773109 -0.00535355 0.016 -0.0768393 -0.00584566 0.016 -0.0770237 -0.00570924 0.016 -0.0766344 -0.00594894 0.016 -0.0761875 -0.00604525 0.016 -0.0764151 -0.00601611 0.016 -0.0755212 -0.00590165 0.016 -0.0751536 -0.0056298 0.016 -0.0753258 -0.00578137 0.016 -0.0750095 -0.00545131 0.016 -0.0772043 0.00877821 0.016 -0.0753258 -0.00360647 0.016 -0.0755212 -0.00348619 0.016 -0.0500177 -0.00570364 0.016 -0.0757341 -0.00340066 0.016 -0.0759583 -0.00335233 0.016 -0.0194395 0.0452075 0.016 -0.0771824 -0.00384422 0.016 -0.0770237 -0.0036786 0.016 -0.0196239 0.0453439 0.016 -0.0764151 -0.00337173 0.016 -0.0761875 -0.00334259 0.016 -0.0368525 0.0656795 0.016 -0.0768393 -0.00354218 0.016 -0.0766344 -0.0034389 0.016 -0.0444356 0.0705 0.016 -0.0697043 0.0217686 0.016 -0.0773109 -0.00403429 0.016 -0.0774632 -0.00446534 0.016 -0.0774054 -0.00424333 0.016 0.020078 0.0464739 0.016 0.020078 0.0462445 0.016 0.0180212 0.0452075 0.016 0.0178367 0.0453439 0.016 0.017678 0.0455095 0.016 0.0191264 0.0450659 0.016 0.0189021 0.0450176 0.016 0.0025 -0.0170699 0.016 0.0179985 0.00577436 0.016 0.0192665 0.0119705 0.016 0.0488043 -0.00580692 0.016 0.0486198 -0.00594333 0.016 0.0492285 -0.00563646 0.016 0.0490091 -0.00570364 0.016 0.0245889 0.0264822 0.016 0.0526003 0.0118936 0.016 0.0244057 0.0272451 0.016 0.0246504 0.0257 0.016 0.0200392 0.0460184 0.016 0.0241055 0.02797 0.016 0.0200392 0.0467 0.016 0.0198509 0.0471166 0.016 0.0199628 0.0469163 0.016 0.0197068 0.0472951 0.016 0.0189021 0.0477008 0.016 0.0191264 0.0476525 0.016 0.018226 0.0476142 0.016 0.002 0.055 0.016 0.0180212 0.0475109 0.016 0.0178367 0.0473745 0.016 0.0175495 0.0470188 0.016 0.017678 0.0472089 0.016 0.0173972 0.0465878 0.016 0.017455 0.0468098 0.016 -0.0236653 0.0705 0.016 -0.0341523 0.0657942 0.016 -0.0341523 0.0655648 0.016 -0.0365523 0.0648298 0.016 -0.0366808 0.0650199 0.016 -0.035785 0.0643573 0.016 -0.0360043 0.0644245 0.016 -0.0363936 0.0646642 0.016 -0.0200056 0.0459086 0.016 -0.0355574 0.0643282 0.016 -0.0351039 0.0643862 0.016 -0.0353282 0.0643379 0.016 -0.0348911 0.0644718 0.016 -0.0342675 0.0651224 0.016 -0.0343794 0.0649221 0.016 -0.0341911 0.0653387 0.016 -0.0353282 0.0670211 0.016 -0.0342675 0.0662366 0.016 -0.0341911 0.0660203 0.016 -0.0345235 0.0666154 0.016 -0.0343794 0.0664369 0.016 -0.0348911 0.0668872 0.016 -0.0346957 0.0667669 0.016 -0.0351039 0.0669728 0.016 -0.035785 0.0670017 0.016 -0.0355574 0.0670308 0.016 -0.0362092 0.0668312 0.016 -0.0360043 0.0669345 0.016 -0.0365523 0.0665292 0.016 -0.0363936 0.0666948 0.016 -0.0367753 0.0661301 0.016 -0.0366808 0.0663391 0.016 -0.0368331 0.0659081 0.016 -0.0362092 0.0645278 0.016 -0.0681888 0.0208936 0.016 0.0697043 0.0217686 0.016 0.0681888 0.0208936 0.016 0.0246504 0.0140582 0.016 0.0510848 0.0110186 0.016 0.002 0.05 0.016 -0.0482045 -0.00661784 0.016 -0.0483928 -0.00620126 0.016 0.0481803 -0.00718724 0.016 -0.018 -0.0311822 0.016 -0.0025 -0.0170699 0.016 -0.0179985 0.00577436 0.016 0.0481609 -0.00695866 0.016 -0.0181214 0.0451515 0.016 -0.0481657 -0.00684395 0.016 -0.0309105 -0.000253065 0.016 -0.0304784 -0.000708363 0.016 -0.0301229 -0.00122564 0.016 -0.0336393 -0.00222701 0.016 -0.0337949 -0.0022475 0.016 -0.0334825 -0.00223112 0.016 -0.0314084 0.000129038 0.016 -0.0331689 0.000752443 0.016 -0.0337963 0.000768874 0.016 -0.0409171 -0.000529492 0.016 -0.0344186 0.000686946 0.016 -0.0350205 0.000508677 0.016 -0.035587 0.000238457 0.016 -0.0485369 -0.00602277 0.016 -0.0399578 -0.00180906 0.016 -0.0390511 -0.00176154 0.016 -0.0400957 -0.00173419 0.016 -0.0402202 -0.00163866 0.016 -0.0495708 -0.00560732 0.016 -0.0403282 -0.00152484 0.016 -0.0404171 -0.00139552 0.016 0.0301229 -0.00122564 0.016 0.0161229 -0.0254744 0.016 0.011 -0.0256822 0.016 0.0160029 -0.0256822 0.016 0.00399852 -0.0184744 0.016 0.0025 -0.0207748 0.016 0.0236955 0.0286389 0.016 0.0199595 0.0266511 0.016 0.0198069 0.0266877 0.016 0.0196504 0.0267 0.016 -0.012 0.0267 0.016 -0.0179261 0.0452717 0.016 -0.016 0.0150111 0.016 -0.00799705 0.0127 0.016 0.0206381 0.0258564 0.016 0.0206015 0.026009 0.016 0.016 0.0150111 0.016 0.014 0.0161658 0.016 0.0204595 0.0262878 0.016 0.0203576 0.0264071 0.016 0.0202382 0.026509 0.016 0.0201044 0.026591 0.016 0.0205415 0.026154 0.016 0.0206504 0.0257 0.016 0.014 0.0267 0.016 0.0206504 0.0163676 0.016 -0.014 0.0161658 0.016 -0.0387194 -0.00480811 0.016 -0.031721 -0.00445769 0.016 -0.0381176 -0.00462984 0.016 -0.0375511 -0.00435962 0.016 -0.0339453 -0.00229206 0.016 -0.0331802 -0.0023121 0.016 -0.0333282 -0.00225972 0.016 -0.034087 -0.00235962 0.016 -0.0330423 -0.00238697 0.016 -0.0329178 -0.0024825 0.016 -0.0328098 -0.00259632 0.016 -0.032721 -0.00272564 0.016 -0.0113498 0.0316 -0.00389639 -0.0118366 0.0267 -0.00197375 -0.0113507 0.0267 -0.00389374 -0.012 0.0267 -1.46958e-18 -0.0118363 0.0316 -0.00197514 -0.012 0.0316 -1.46958e-18 -0.00813253 0.0267 -0.00882394 -0.00657041 0.0267 -0.0100414 -0.00812738 0.0316 -0.00882869 -0.0105537 0.0316 -0.00571137 -0.0105557 0.0267 -0.00570767 -0.00947313 0.0267 -0.00736613 -0.00294583 0.0316 -0.0116328 -0.00295669 0.0267 -0.01163 -0.00100352 0.0267 -0.011958 -0.00482034 0.0316 -0.0109893 -0.00656338 0.0316 -0.010046 -0.00482932 0.0267 -0.0109853 0.00480495 0.0267 -0.010996 0.00294583 0.0316 -0.0116328 0.00293089 0.0267 -0.0116366 0.000976992 0.0267 -0.0119602 0.000990952 0.0316 -0.011959 -0.000990952 0.0316 -0.011959 0.00811294 0.0267 -0.00884196 0.00812738 0.0316 -0.00882869 0.00656338 0.0316 -0.010046 0.00482034 0.0316 -0.0109893 0.00654813 0.0267 -0.0100559 0.00946969 0.0316 -0.00737055 0.00945677 0.0267 -0.00738712 0.0113498 0.0316 -0.00389639 0.0105537 0.0316 -0.00571137 0.0113421 0.0267 -0.00391891 0.010543 0.0267 -0.00573107 0.0118322 0.0267 -0.002 0.0118322 0.0307 -0.002 0.012 0.0307 1.46958e-18 0.0118363 0.0316 -0.00197514 0.012 0.0316 1.46958e-18 -0.00946969 0.0316 -0.00737055 -0.0105557 0.0267 -0.00570767 -0.0126092 0.0267 -0.00608261 -0.0115595 0.0267 -0.00789736 -0.012 0.0267 -1.46958e-18 -0.014 0.0267 0.016 -0.014 0.0267 7.34788e-19 -0.00813253 0.0267 -0.00882394 -0.0102504 0.0267 -0.00953533 -0.00871103 0.0267 -0.0109596 -0.00947313 0.0267 -0.00736613 -0.00482932 0.0267 -0.0109853 -0.00697595 0.0267 -0.0121381 -0.00508407 0.0267 -0.0130442 -0.00657041 0.0267 -0.0100414 -0.00295669 0.0267 -0.01163 -0.00307792 0.0267 -0.0136575 -0.00100352 0.0267 -0.011958 -0.00100257 0.0267 -0.0139641 0.000976992 0.0267 -0.0119602 0.0031634 0.0267 -0.0136376 0.00516401 0.0267 -0.0130124 0.00293089 0.0267 -0.0116366 0.00109238 0.0267 -0.0139571 0.0116074 0.0267 -0.00782727 0.00945677 0.0267 -0.00738712 0.0103076 0.0267 -0.00947351 0.00704928 0.0267 -0.0120954 0.00480495 0.0267 -0.010996 0.013402 0.0267 -0.00404806 0.0138564 0.0267 -0.002 0.0118322 0.0267 -0.002 0.0126466 0.0267 -0.00600515 0.0113421 0.0267 -0.00391891 0.010543 0.0267 -0.00573107 0.00811294 0.0267 -0.00884196 0.00877679 0.0267 -0.0109069 -0.0113507 0.0267 -0.00389374 -0.0133761 0.0267 -0.0041319 0.00654813 0.0267 -0.0100559 -0.0118366 0.0267 -0.00197375 -0.0138428 0.0267 -0.00209197 -0.012 0.0267 0.016 0.0330413 -0.00597078 -0.00389639 0.0290412 -0.00309923 -0.00197375 0.0287982 -0.00351999 -0.00389374 0.0291229 -0.0029577 -1.46958e-18 0.0332846 -0.00554943 -0.00197514 0.0333664 -0.0054077 1.98467e-17 0.0271891 -0.00630702 -0.00882394 0.0264081 -0.00765986 -0.0100414 0.0314301 -0.00876148 -0.00882869 0.0326432 -0.00666024 -0.00571137 0.0284007 -0.00420851 -0.00570767 0.0278594 -0.00514603 -0.00736613 0.0288393 -0.0132488 -0.0116328 0.0246012 -0.0107894 -0.01163 0.0236246 -0.0124809 -0.011958 0.0297766 -0.0116255 -0.0109893 0.0306481 -0.0101159 -0.010046 0.0255375 -0.00916768 -0.0109853 0.0207204 -0.0175112 -0.010996 0.0258935 -0.0183512 -0.0116328 0.0216574 -0.0158882 -0.0116366 0.0226344 -0.0141961 -0.0119602 0.0268709 -0.0166582 -0.011959 0.0278619 -0.0149418 -0.011959 0.0190664 -0.020376 -0.00884196 0.0233027 -0.0228385 -0.00882869 0.0240847 -0.0214841 -0.010046 0.0249562 -0.0199745 -0.0109893 0.0198488 -0.0190208 -0.0100559 0.0226316 -0.024001 -0.00737055 0.0183945 -0.0215398 -0.00738712 0.0216915 -0.0256292 -0.00389639 0.0220896 -0.0249398 -0.00571137 0.0174519 -0.0231725 -0.00391891 0.0178514 -0.0224805 -0.00573107 0.0172068 -0.0235969 -0.002 0.0206709 -0.025597 -0.002 0.020587 -0.0257423 2.27859e-17 0.0214482 -0.0260506 -0.00197514 0.0213664 -0.0261923 1.46958e-18 0.0321012 -0.00759901 -0.00737055 0.020587 -0.0257423 2.27859e-17 0.020587 -0.0257423 0.016 0.0213664 -0.0261923 0.006 0.0239645 -0.0276923 0.006 0.0338372 -0.0333923 0.016 0.0213664 -0.0261923 1.46958e-18 0.0338372 -0.0333923 -3.55271e-18 0.0263399 -0.0290637 -3.55271e-18 0.0284007 -0.00420851 -0.00570767 0.0294275 -0.00243009 -0.00608261 0.0289027 -0.00333914 -0.00789736 0.0291229 -0.0029577 -1.46958e-18 0.0301229 -0.00122564 0.016 0.0301229 -0.00122564 7.34788e-19 0.0271891 -0.00630702 -0.00882394 0.0282481 -0.0044729 -0.00953533 0.0274784 -0.00580603 -0.0109596 0.0278594 -0.00514603 -0.00736613 0.0255375 -0.00916768 -0.0109853 0.0266109 -0.00730865 -0.0121381 0.0256649 -0.00894706 -0.0130442 0.0264081 -0.00765986 -0.0100414 0.0246012 -0.0107894 -0.01163 0.0246618 -0.0106844 -0.0136575 0.0236246 -0.0124809 -0.011958 0.0236242 -0.0124817 -0.0139641 0.0226344 -0.0141961 -0.0119602 0.0215412 -0.0160896 -0.0136376 0.0205409 -0.0178222 -0.0130124 0.0216574 -0.0158882 -0.0116366 0.0225767 -0.014296 -0.0139571 0.0173192 -0.0234023 -0.00782727 0.0183945 -0.0215398 -0.00738712 0.0179691 -0.0222767 -0.00947351 0.0195982 -0.0194549 -0.0120954 0.0207204 -0.0175112 -0.010996 0.0164219 -0.0249564 -0.00404806 0.0161947 -0.02535 -0.002 0.0172068 -0.0235969 -0.002 0.0167996 -0.0243023 -0.00600515 0.0174519 -0.0231725 -0.00391891 0.0178514 -0.0224805 -0.00573107 0.0190664 -0.020376 -0.00884196 0.0187345 -0.0209509 -0.0109069 0.0287982 -0.00351999 -0.00389374 0.0298109 -0.001766 -0.0041319 0.0198488 -0.0190208 -0.0100559 0.0290412 -0.00309923 -0.00197375 0.0300443 -0.00136178 -0.00209197 0.0291229 -0.0029577 0.016 -0.016 0.0150111 -0.009 -0.016 0.0150111 -0.002 -0.016 0.0092376 -0.002 -0.016 0.0092376 -0.009 0.016 0.0092376 -0.002 0.016 0.0150111 -0.002 0.016 0.0150111 -0.009 0.016 0.0092376 -0.009 0.0019098 -0.0163763 -0.00458656 0.00246493 -0.0171306 -0.00330971 0.00265232 -0.016806 -0.00458369 0.00115682 -0.0163763 -0.0033068 0.00290045 -0.0163763 -0.00582193 0.00233827 -0.01735 -0.002 0.000651735 -0.0163763 -0.002 -0.00115682 -0.0163763 -0.0033068 -0.0019098 -0.0163763 -0.00458656 -0.00246493 -0.0171306 -0.00330971 -0.00265232 -0.016806 -0.00458369 -0.00233827 -0.01735 -0.002 -0.00290045 -0.0163763 -0.00582193 -0.000651735 -0.0163763 -0.002 -0.016 0.0092376 -0.002 -0.0172665 0.00850641 -0.002 -0.0172665 0.00850641 -0.009 -0.016 0.0092376 -0.009 0.0172665 0.00850641 -0.009 0.0172665 0.00850641 -0.002 0.016 0.0092376 -0.002 0.016 0.0092376 -0.009 0.000651735 -0.0163763 -0.002 0.00115682 -0.0163763 -0.0033068 -0.00115682 -0.0163763 -0.0033068 0.00290045 -0.0163763 -0.016 0.0015 -0.0163763 -0.016 0.0015 -0.0163763 -0.006 0.00290045 -0.0163763 -0.00582193 -0.000651735 -0.0163763 -0.002 0.0019098 -0.0163763 -0.00458656 -0.0015 -0.0163763 -0.006 -0.00290045 -0.0163763 -0.00582193 -0.0019098 -0.0163763 -0.00458656 -0.0015 -0.0163763 -0.016 -0.00290045 -0.0163763 -0.016 0.0172665 0.00850641 -0.009 0.0172665 0.00850641 -0.016 0.00290045 -0.0163763 -0.016 0.0025 -0.0170699 0.016 0.0192665 0.0119705 0.016 0.0172665 0.00850641 -0.002 0.0025 -0.0170699 -0.002 0.00290045 -0.0163763 -0.00582193 0.0192665 0.0119705 -0.002 0.00265232 -0.016806 -0.00458369 0.00246493 -0.0171306 -0.00330971 0.00233827 -0.01735 -0.002 0.00399852 -0.0184744 1.77636e-18 0.0161229 -0.0254744 0.016 0.0161229 -0.0254744 1.77636e-18 0.00399852 -0.0184744 0.016 -0.0161229 -0.0254744 0.016 -0.00399852 -0.0184744 1.77636e-18 -0.0161229 -0.0254744 7.34788e-19 -0.00399852 -0.0184744 0.016 -0.0179985 0.00577436 1.77636e-18 -0.0301229 -0.00122564 0.016 -0.0301229 -0.00122564 1.77636e-18 -0.0179985 0.00577436 0.016 -0.00399852 -0.0184744 1.77636e-18 -0.0162015 -0.0253382 -0.00209197 -0.0161229 -0.0254744 7.34788e-19 -0.00434095 -0.0178813 -0.00432447 -0.0164349 -0.024934 -0.0041319 -0.00408475 -0.018325 -0.0021906 -0.00604767 -0.0149251 -0.00989684 -0.0179977 -0.0222271 -0.00953533 -0.00533464 -0.0161601 -0.00822638 -0.00476103 -0.0171537 -0.00635355 -0.0173431 -0.0233609 -0.00789736 -0.0168183 -0.0242699 -0.00608261 -0.00781891 -0.0118573 -0.012472 -0.00883353 -0.0100999 -0.0133133 -0.0205808 -0.0177529 -0.0130442 -0.0187674 -0.020894 -0.0109596 -0.00688261 -0.013479 -0.0113238 -0.0196349 -0.0193913 -0.0121381 -0.0236691 -0.012404 -0.0139571 -0.0109966 -0.00635341 -0.0139998 -0.0120917 -0.00445659 -0.013828 -0.0226216 -0.0142183 -0.0139641 -0.0215839 -0.0160156 -0.0136575 -0.00990151 -0.00825008 -0.0138267 -0.0151118 0.00077445 -0.0113278 -0.0266475 -0.00724515 -0.0120954 -0.014175 -0.000848207 -0.0124754 -0.0131599 -0.00260633 -0.0133157 -0.0257049 -0.00887784 -0.0130124 -0.0247046 -0.0106104 -0.0136376 -0.016661 0.00345775 -0.0082306 -0.0282767 -0.00442332 -0.00947351 -0.0159474 0.00222166 -0.00990119 -0.0275113 -0.00574908 -0.0109069 -0.0289266 -0.00329773 -0.00782727 -0.0172352 0.00445225 -0.00635723 -0.0176558 0.00518066 -0.00432723 -0.0294462 -0.00239771 -0.00600515 -0.0179123 0.00562501 -0.0021906 -0.0298239 -0.00174355 -0.00404806 -0.0300511 -0.00135 -0.002 -0.0179985 0.00577436 1.77636e-18 -0.0301229 -0.00122564 1.77636e-18 -0.00871103 0.0267 -0.0109596 -0.0102504 0.0267 -0.00953533 -0.00946339 0.0135466 -0.0103172 0.00877679 0.0267 -0.0109069 0.00704928 0.0267 -0.0120954 0.00799705 0.0127 -0.0114912 -0.0107883 0.0143115 -0.00892262 -0.0115595 0.0267 -0.00789736 -0.0119243 0.0149674 -0.0073356 -0.0126092 0.0267 -0.00608261 -0.0134861 0.0158691 -0.00375825 -0.0128324 0.0154917 -0.00559723 -0.0133761 0.0267 -0.0041319 -0.0138428 0.0267 -0.00209197 -0.00799705 0.0127 -0.0114912 -0.00697595 0.0267 -0.0121381 -0.00616358 0.0127 -0.0125702 -0.013874 0.0160931 -0.00187419 -0.014 0.0267 7.34788e-19 -0.014 0.0161658 7.34788e-19 -0.00508407 0.0267 -0.0130442 -0.00307792 0.0267 -0.0136575 -0.00419436 0.0127 -0.0133565 -0.0021243 0.0127 -0.0138375 -0.00100257 0.0267 -0.0139641 -4.56932e-06 0.0127 -0.0139997 0.00109238 0.0267 -0.0139571 0.0031634 0.0267 -0.0136376 0.00211586 0.0127 -0.013839 0.00418791 0.0127 -0.0133588 0.00516401 0.0267 -0.0130124 0.00616358 0.0127 -0.0125702 0.0126466 0.0267 -0.00600515 0.0116074 0.0267 -0.00782727 0.0119243 0.0149674 -0.0073356 0.0103076 0.0267 -0.00947351 0.00946339 0.0135466 -0.0103172 0.0107883 0.0143115 -0.00892262 0.013874 0.0160931 -0.00187419 0.0138564 0.0267 -0.002 0.0134861 0.0158691 -0.00375825 0.0128324 0.0154917 -0.00559723 0.013402 0.0267 -0.00404806 0.014 0.0267 7.34788e-19 0.014 0.0161658 7.34788e-19 -0.014 0.0267 0.016 -0.014 0.0161658 7.34788e-19 -0.014 0.0267 7.34788e-19 -0.014 0.0161658 0.016 0.014 0.0161658 7.34788e-19 0.014 0.0267 0.016 0.014 0.0267 7.34788e-19 0.014 0.0161658 0.016 0.0172665 0.00850641 -0.009 0.0400154 -0.00462768 -0.009 0.0400154 -0.00462768 -0.016 0.0172665 0.00850641 -0.016 -0.0172665 0.00850641 -0.009 -0.0400154 -0.00462768 -0.016 -0.0400154 -0.00462768 -0.009 -0.0172665 0.00850641 -0.016 0.0109966 -0.00635341 -0.0139998 0.00990151 -0.00825008 -0.0138267 0.0225767 -0.014296 -0.0139571 0.00883353 -0.0100999 -0.0133133 0.0215412 -0.0160896 -0.0136376 0.0205409 -0.0178222 -0.0130124 0.0179691 -0.0222767 -0.00947351 0.0187345 -0.0209509 -0.0109069 0.00604767 -0.0149251 -0.00989684 0.00781891 -0.0118573 -0.012472 0.00533464 -0.0161601 -0.00822638 0.0195982 -0.0194549 -0.0120954 0.00688261 -0.013479 -0.0113238 0.0173192 -0.0234023 -0.00782727 0.0167996 -0.0243023 -0.00600515 0.00476103 -0.0171537 -0.00635355 0.00434095 -0.0178813 -0.00432447 0.0164219 -0.0249564 -0.00404806 0.00408475 -0.018325 -0.0021906 0.0161947 -0.02535 -0.002 0.00399852 -0.0184744 1.77636e-18 0.0161229 -0.0254744 1.77636e-18 0.0236242 -0.0124817 -0.0139641 0.0120917 -0.00445659 -0.013828 0.0131599 -0.00260633 -0.0133157 0.0246618 -0.0106844 -0.0136575 0.0256649 -0.00894706 -0.0130442 0.014175 -0.000848207 -0.0124754 0.0266109 -0.00730865 -0.0121381 0.0151118 0.00077445 -0.0113278 0.0159474 0.00222166 -0.00990119 0.0274784 -0.00580603 -0.0109596 0.0282481 -0.0044729 -0.00953533 0.016661 0.00345775 -0.0082306 0.0289027 -0.00333914 -0.00789736 0.0172352 0.00445225 -0.00635723 0.0176558 0.00518066 -0.00432723 0.0294275 -0.00243009 -0.00608261 0.0298109 -0.001766 -0.0041319 0.0179123 0.00562501 -0.0021906 0.0300443 -0.00136178 -0.00209197 0.0179985 0.00577436 -2.37384e-18 0.0301229 -0.00122564 7.34788e-19 0.0301229 -0.00122564 0.016 0.0179985 0.00577436 -2.37384e-18 0.0301229 -0.00122564 7.34788e-19 0.0179985 0.00577436 0.016 0.0547695 0.0223836 -0.0033 0.0503324 0.0198218 0.001 0.0580195 0.02426 -0.0033 0.0503324 0.0198218 -0.0075 0.0624567 0.0268218 0.001 0.0624214 0.0268014 -0.00825439 0.0580195 0.02426 -0.009 0.0624567 0.0268218 -0.0075 0.0623159 0.0267405 -0.009 0.0503677 0.0198422 -0.00825439 0.0547695 0.0223836 -0.009 0.0504732 0.0199031 -0.009 0.0487736 -0.00809096 -0.016 0.023 -0.0331822 -0.016 0.0400154 -0.00462768 -0.016 0.0430628 -0.0644144 -0.016 0.043214 -0.0645787 -0.016 0.034 -0.0737323 -0.016 0.023 -0.0581822 -0.016 0.0357988 -0.0479947 -0.016 0.034 -0.0581822 -0.016 -0.0704533 0.0129457 -0.016 -0.0922215 -0.0122677 -0.016 -0.0444356 0.0705 -0.016 0.0448699 -0.064716 -0.016 0.0567349 -0.0737323 -0.016 0.0446734 -0.0648223 -0.016 -0.046438 0.0545415 -0.016 0.0428508 -0.0631445 -0.016 0.042796 -0.063361 -0.016 0.0922215 -0.0122677 -0.016 0.0774642 -0.00491654 -0.016 0.0774827 -0.00469392 -0.016 0.035832 0.0643683 -0.016 0.0360433 0.0644409 -0.016 0.046438 0.0545415 -0.016 0.0444356 0.0705 -0.016 0.0704533 0.0129457 -0.016 0.0236653 0.055 -0.016 0.0200644 0.0465818 -0.016 -0.074796 -0.00491654 -0.016 -0.0747776 -0.00469392 -0.016 -0.059464 -0.00700528 -0.016 -0.0483239 -0.0076024 -0.016 -0.0400154 -0.00462768 -0.016 -0.0484461 -0.00778941 -0.016 -0.0347602 0.0645472 -0.016 -0.0236653 0.055 -0.016 -0.0349567 0.0644409 -0.016 -0.0234693 -0.0471453 -0.016 -0.023 -0.0581822 -0.016 -0.0239271 -0.0470354 -0.016 -0.0252361 -0.0298311 -0.016 -0.0491814 -0.00826982 -0.016 -0.0489701 -0.00819728 -0.016 -0.034 -0.0581822 -0.016 -0.042796 -0.0638063 -0.016 -0.0427776 -0.0635836 -0.016 -0.034 -0.0737323 -0.016 -0.0437981 -0.0648948 -0.016 -0.0435868 -0.0648223 -0.016 -0.0451975 -0.0644144 -0.016 -0.0567349 -0.0737323 -0.016 -0.0453196 -0.0642274 -0.016 -0.023 -0.0471822 -0.016 0.00130423 -0.0284183 -0.016 0.00145075 -0.027808 -0.016 -0.0254271 -0.0459456 -0.016 -0.0357988 -0.0479947 -0.016 -0.025673 -0.0455442 -0.016 -0.024362 -0.0468553 -0.016 -0.0247634 -0.0466093 -0.016 -0.0251213 -0.0463036 -0.016 -0.0259631 -0.0446515 -0.016 -0.0258532 -0.0451093 -0.016 -0.026 -0.0321822 -0.016 -0.026 -0.0441822 -0.016 -0.025564 -0.0303663 -0.016 -0.0025 -0.0311822 -0.016 -0.00187426 -0.031133 -0.016 -0.0487736 -0.00809096 -0.016 -0.0485973 -0.00795376 -0.016 -0.00126393 -0.0309865 -0.016 -0.022309 -0.0312312 -0.016 -0.022 -0.0311822 -0.016 -0.022454 -0.0312912 -0.016 -0.0481793 -0.00718128 -0.016 -0.0481609 -0.00695866 -0.016 -0.0482341 -0.00739783 -0.016 -0.0232361 -0.028378 -0.016 -0.023816 -0.0286182 -0.016 -0.0243511 -0.0289462 -0.016 -0.00204601 -0.0280732 -0.016 -0.0025 -0.0281822 -0.016 -0.00191221 -0.0279913 -0.016 -0.00290045 -0.0163763 -0.016 -0.022 -0.0281822 -0.016 -0.0226257 -0.0282315 -0.016 -0.00219098 -0.0281333 -0.016 -0.0221564 -0.0311945 -0.016 -0.00234357 -0.0281699 -0.016 -0.00179289 -0.0278893 -0.016 -0.00169098 -0.02777 -0.016 0.00106403 -0.0289982 -0.016 0.0498454 -0.00826982 -0.016 0.0500567 -0.00819728 -0.016 0.059464 -0.00700528 -0.016 -0.00160899 -0.0276362 -0.016 -0.00151231 -0.0273387 -0.016 -0.00154894 -0.0274913 -0.016 -0.0015 -0.0271822 -0.016 -0.0015 -0.0163763 -0.016 0.0183983 0.045048 -0.016 0.0186186 0.0450113 -0.016 0.0200389 0.0393 -0.016 -0.0172665 0.00850641 -0.016 -0.0498454 -0.00826982 -0.016 -0.0508475 -0.00718128 -0.016 -0.0507927 -0.00739783 -0.016 -0.0364161 0.0646844 -0.016 -0.0365674 0.0648487 -0.016 0.0178143 0.0473543 -0.016 0.0368341 0.0654569 -0.016 0.0368525 0.0656795 -0.016 0.0487736 -0.00582635 -0.016 0.0489701 -0.00572003 -0.016 0.0709174 0.00491751 -0.016 0.0673251 0.0111396 -0.016 0.0757981 -0.00600508 -0.016 0.0760184 -0.00604185 -0.016 0.0863108 -0.0225053 -0.016 0.0762418 -0.00334599 -0.016 0.0760184 -0.00334599 -0.016 0.0747776 -0.00469392 -0.016 0.0650717 0.00154251 -0.016 0.00290045 -0.0163763 -0.016 0.0172665 0.00850641 -0.016 0.0015 -0.0271822 -0.016 0.0015 -0.0163763 -0.016 0.000328427 -0.0300107 -0.016 0.000736068 -0.0295334 -0.016 -0.000684038 -0.0307463 -0.016 -0.000148859 -0.0304183 -0.016 -0.022891 -0.0317282 -0.016 -0.0229511 -0.0318732 -0.016 -0.023 -0.0331822 -0.016 -0.0229877 -0.0320258 -0.016 -0.023 -0.0321822 -0.016 -0.0225878 -0.0313732 -0.016 -0.022809 -0.0315945 -0.016 -0.0227071 -0.0314751 -0.016 -0.0236653 0.0705 -0.016 -0.0341659 0.0654569 -0.016 -0.0341474 0.0656795 -0.016 -0.0342207 0.0652403 -0.016 -0.0344326 0.0648487 -0.016 -0.0343105 0.0650358 -0.016 -0.0345839 0.0646844 -0.016 -0.0353883 0.0643316 -0.016 -0.035168 0.0643683 -0.016 -0.0356117 0.0643316 -0.016 -0.0360433 0.0644409 -0.016 -0.035832 0.0643683 -0.016 -0.0362398 0.0645472 -0.016 -0.0367793 0.0652403 -0.016 -0.0366895 0.0650358 -0.016 -0.0368341 0.0654569 -0.016 -0.0368525 0.0656795 -0.016 -0.0367793 0.0661187 -0.016 -0.0368341 0.0659021 -0.016 -0.0356117 0.0670274 -0.016 -0.0353883 0.0670274 -0.016 -0.0365674 0.0665102 -0.016 -0.0366895 0.0663232 -0.016 -0.0362398 0.0668118 -0.016 -0.0364161 0.0666746 -0.016 -0.035832 0.0669907 -0.016 -0.0360433 0.0669181 -0.016 -0.035168 0.0669907 -0.016 -0.0347602 0.0668118 -0.016 -0.0349567 0.0669181 -0.016 -0.0344326 0.0665102 -0.016 -0.0345839 0.0666746 -0.016 -0.0342207 0.0661187 -0.016 -0.0343105 0.0663232 -0.016 -0.0341659 0.0659021 -0.016 0.0200829 0.0463592 -0.016 0.0200644 0.0461366 -0.016 0.0179906 0.0452269 -0.016 0.0178143 0.0453641 -0.016 0.0200096 0.04592 -0.016 0.0197977 0.0455284 -0.016 0.0199199 0.0457155 -0.016 0.0194701 0.0452269 -0.016 0.0196464 0.0453641 -0.016 0.0190624 0.045048 -0.016 0.0192736 0.0451206 -0.016 0.018842 0.0450113 -0.016 0.018187 0.0451206 -0.016 -0.0175408 0.0457155 -0.016 0.0175408 0.0457155 -0.016 0.017663 0.0455284 -0.016 0.0173962 0.0461366 -0.016 0.0174511 0.04592 -0.016 -0.0173962 0.0461366 -0.016 -0.0174511 0.04592 -0.016 -0.0173778 0.0463592 -0.016 0.0173778 0.0463592 -0.016 0.0173962 0.0465818 -0.016 -0.0173962 0.0465818 -0.016 0.017663 0.0471899 -0.016 0.0175408 0.0470029 -0.016 -0.017663 0.0471899 -0.016 -0.017663 0.0455284 -0.016 -0.0183983 0.0476704 -0.016 -0.018187 0.0475978 -0.016 -0.0178143 0.0473543 -0.016 -0.0186186 0.0477071 -0.016 -0.018842 0.0477071 -0.016 0.018187 0.0475978 -0.016 0.0179906 0.0474915 -0.016 0.0186186 0.0477071 -0.016 0.0183983 0.0476704 -0.016 0.0190624 0.0476704 -0.016 0.018842 0.0477071 -0.016 0.0194701 0.0474915 -0.016 0.0192736 0.0475978 -0.016 0.0197977 0.0471899 -0.016 0.0196464 0.0473543 -0.016 0.0200096 0.0467984 -0.016 0.0199199 0.0470029 -0.016 -0.0753903 -0.00582623 -0.016 -0.0752141 -0.00568902 -0.016 -0.0757981 -0.00600508 -0.016 -0.0863108 -0.0225053 -0.016 -0.0760184 -0.00604185 -0.016 -0.0749406 -0.00533766 -0.016 -0.0748508 -0.00513309 -0.016 -0.0750628 -0.00552467 -0.016 -0.0755868 -0.00593255 -0.016 -0.0764621 -0.00600508 -0.016 -0.0762418 -0.00604185 -0.016 -0.0771975 -0.00386317 -0.016 -0.0773196 -0.00405018 -0.016 -0.0766734 -0.00593255 -0.016 -0.0770462 -0.00568902 -0.016 -0.0768699 -0.00582623 -0.016 -0.0773196 -0.00533766 -0.016 -0.0771975 -0.00552467 -0.016 -0.0774642 -0.00491654 -0.016 -0.0774094 -0.00513309 -0.016 -0.0774827 -0.00469392 -0.016 -0.0774094 -0.00425475 -0.016 -0.0774642 -0.0044713 -0.016 -0.0770462 -0.00369882 -0.016 -0.0766734 -0.00345529 -0.016 -0.0768699 -0.00356161 -0.016 -0.0762418 -0.00334599 -0.016 -0.0764621 -0.00338276 -0.016 -0.0753903 -0.00356161 -0.016 -0.0755868 -0.00345529 -0.016 -0.0757981 -0.00338276 -0.016 -0.0760184 -0.00334599 -0.016 -0.0752141 -0.00369882 -0.016 -0.0749406 -0.00405018 -0.016 -0.0750628 -0.00386317 -0.016 -0.074796 -0.0044713 -0.016 -0.0748508 -0.00425475 -0.016 -0.0446734 -0.0648223 -0.016 -0.0444621 -0.0648948 -0.016 -0.0450462 -0.0625885 -0.016 -0.0451975 -0.0627529 -0.016 -0.0626455 -0.0634947 -0.016 -0.0428508 -0.0640228 -0.016 -0.0430628 -0.0644144 -0.016 -0.0429406 -0.0642274 -0.016 -0.0433903 -0.064716 -0.016 -0.043214 -0.0645787 -0.016 -0.0442418 -0.0649316 -0.016 -0.0440184 -0.0649316 -0.016 -0.0450462 -0.0645787 -0.016 -0.0448699 -0.064716 -0.016 -0.0442418 -0.0622357 -0.016 -0.0444621 -0.0622725 -0.016 -0.0454094 -0.0640228 -0.016 -0.0454827 -0.0635836 -0.016 -0.0454642 -0.0638063 -0.016 -0.0454094 -0.0631445 -0.016 -0.0454642 -0.063361 -0.016 -0.0453196 -0.0629399 -0.016 -0.0446734 -0.062345 -0.016 -0.0448699 -0.0624513 -0.016 -0.0440184 -0.0622357 -0.016 -0.0435868 -0.062345 -0.016 -0.0437981 -0.0622725 -0.016 -0.043214 -0.0625885 -0.016 -0.0433903 -0.0624513 -0.016 -0.0429406 -0.0629399 -0.016 -0.0430628 -0.0627529 -0.016 -0.042796 -0.063361 -0.016 -0.0428508 -0.0631445 -0.016 0.0626455 -0.0634947 -0.016 0.0454642 -0.0638063 -0.016 0.0454827 -0.0635836 -0.016 0.0453196 -0.0642274 -0.016 0.0454094 -0.0640228 -0.016 0.0451975 -0.0644144 -0.016 0.0450462 -0.0645787 -0.016 0.0442418 -0.0649316 -0.016 0.0444621 -0.0648948 -0.016 0.0440184 -0.0649316 -0.016 0.0435868 -0.0648223 -0.016 0.0437981 -0.0648948 -0.016 0.0433903 -0.064716 -0.016 0.0428508 -0.0640228 -0.016 0.0429406 -0.0642274 -0.016 0.042796 -0.0638063 -0.016 0.0427776 -0.0635836 -0.016 0.0429406 -0.0629399 -0.016 0.043214 -0.0625885 -0.016 0.0430628 -0.0627529 -0.016 0.0435868 -0.062345 -0.016 0.0433903 -0.0624513 -0.016 0.0446734 -0.062345 -0.016 0.0444621 -0.0622725 -0.016 0.0440184 -0.0622357 -0.016 0.0437981 -0.0622725 -0.016 0.0442418 -0.0622357 -0.016 0.0448699 -0.0624513 -0.016 0.0451975 -0.0627529 -0.016 0.0450462 -0.0625885 -0.016 0.0454094 -0.0631445 -0.016 0.0453196 -0.0629399 -0.016 0.0454642 -0.063361 -0.016 0.0752141 -0.00568902 -0.016 0.0750628 -0.00552467 -0.016 0.0773196 -0.00533766 -0.016 0.0774094 -0.00513309 -0.016 0.0770462 -0.00568902 -0.016 0.0771975 -0.00552467 -0.016 0.0766734 -0.00593255 -0.016 0.0768699 -0.00582623 -0.016 0.0764621 -0.00600508 -0.016 0.0762418 -0.00604185 -0.016 0.0755868 -0.00593255 -0.016 0.0753903 -0.00582623 -0.016 0.0748508 -0.00513309 -0.016 0.0749406 -0.00533766 -0.016 0.074796 -0.00491654 -0.016 0.074796 -0.0044713 -0.016 0.0749406 -0.00405018 -0.016 0.0748508 -0.00425475 -0.016 0.0752141 -0.00369882 -0.016 0.0750628 -0.00386317 -0.016 0.0753903 -0.00356161 -0.016 0.0757981 -0.00338276 -0.016 0.0755868 -0.00345529 -0.016 0.0764621 -0.00338276 -0.016 0.0770462 -0.00369882 -0.016 0.0768699 -0.00356161 -0.016 0.0766734 -0.00345529 -0.016 0.0773196 -0.00405018 -0.016 0.0771975 -0.00386317 -0.016 0.0774642 -0.0044713 -0.016 0.0774094 -0.00425475 -0.016 0.0505808 -0.00778941 -0.016 0.0507029 -0.0076024 -0.016 0.0494017 -0.00561072 -0.016 0.0614794 0.00776458 -0.016 0.0507927 -0.00739783 -0.016 0.0508475 -0.00718128 -0.016 0.050866 -0.00695866 -0.016 0.0502532 -0.00809096 -0.016 0.0504295 -0.00795376 -0.016 0.0496251 -0.00830659 -0.016 0.0494017 -0.00830659 -0.016 0.0489701 -0.00819728 -0.016 0.0491814 -0.00826982 -0.016 0.0484461 -0.00778941 -0.016 0.0485973 -0.00795376 -0.016 0.0482341 -0.00739783 -0.016 0.0483239 -0.0076024 -0.016 0.0481609 -0.00695866 -0.016 0.0481793 -0.00718128 -0.016 0.0500567 -0.00572003 -0.016 0.0482341 -0.00651948 -0.016 0.0481793 -0.00673603 -0.016 0.0484461 -0.0061279 -0.016 0.0483239 -0.00631491 -0.016 0.0485973 -0.00596355 -0.016 0.0491814 -0.00564749 -0.016 0.0498454 -0.00564749 -0.016 0.0496251 -0.00561072 -0.016 0.0502532 -0.00582635 -0.016 0.0505808 -0.0061279 -0.016 0.0504295 -0.00596355 -0.016 0.0507927 -0.00651948 -0.016 0.0507029 -0.00631491 -0.016 0.0508475 -0.00673603 -0.016 -0.0248284 -0.0293538 -0.016 -0.0494017 -0.00830659 -0.016 -0.0496251 -0.00830659 -0.016 -0.0258042 -0.0309462 -0.016 -0.0259508 -0.0315565 -0.016 -0.0502532 -0.00809096 -0.016 -0.0500567 -0.00819728 -0.016 -0.0505808 -0.00778941 -0.016 -0.0504295 -0.00795376 -0.016 -0.0507029 -0.0076024 -0.016 -0.050866 -0.00695866 -0.016 -0.0508475 -0.00673603 -0.016 -0.0494017 -0.00561072 -0.016 -0.0507029 -0.00631491 -0.016 -0.0507927 -0.00651948 -0.016 -0.0504295 -0.00596355 -0.016 -0.0505808 -0.0061279 -0.016 -0.0500567 -0.00572003 -0.016 -0.0502532 -0.00582635 -0.016 -0.0498454 -0.00564749 -0.016 -0.0496251 -0.00561072 -0.016 -0.0489701 -0.00572003 -0.016 -0.0491814 -0.00564749 -0.016 -0.0485973 -0.00596355 -0.016 -0.0487736 -0.00582635 -0.016 -0.0483239 -0.00631491 -0.016 -0.0484461 -0.0061279 -0.016 -0.0481793 -0.00673603 -0.016 -0.0482341 -0.00651948 -0.016 0.0345839 0.0646844 -0.016 0.0347602 0.0645472 -0.016 0.0236653 0.0705 -0.016 0.0341474 0.0656795 -0.016 0.0341659 0.0654569 -0.016 0.0367793 0.0652403 -0.016 0.0365674 0.0648487 -0.016 0.0366895 0.0650358 -0.016 0.0362398 0.0645472 -0.016 0.0364161 0.0646844 -0.016 0.0353883 0.0643316 -0.016 0.0356117 0.0643316 -0.016 0.035168 0.0643683 -0.016 0.0349567 0.0644409 -0.016 0.0343105 0.0650358 -0.016 0.0344326 0.0648487 -0.016 0.0342207 0.0652403 -0.016 0.0353883 0.0670274 -0.016 0.035168 0.0669907 -0.016 0.0342207 0.0661187 -0.016 0.0341659 0.0659021 -0.016 0.0344326 0.0665102 -0.016 0.0343105 0.0663232 -0.016 0.0347602 0.0668118 -0.016 0.0345839 0.0666746 -0.016 0.0349567 0.0669181 -0.016 0.0356117 0.0670274 -0.016 0.0360433 0.0669181 -0.016 0.035832 0.0669907 -0.016 0.0364161 0.0666746 -0.016 0.0362398 0.0668118 -0.016 0.0366895 0.0663232 -0.016 0.0365674 0.0665102 -0.016 0.0368341 0.0659021 -0.016 0.0367793 0.0661187 -0.016 -0.0174511 0.0467984 -0.016 -0.0175408 0.0470029 -0.016 0.0174511 0.0467984 -0.016 -0.0200829 0.0463592 -0.016 -0.0200644 0.0461366 -0.016 -0.0178143 0.0453641 -0.016 -0.0200389 0.0393 -0.016 -0.018187 0.0451206 -0.016 -0.0179906 0.0452269 -0.016 -0.0196464 0.0453641 -0.016 -0.0194701 0.0452269 -0.016 -0.0186186 0.0450113 -0.016 -0.0183983 0.045048 -0.016 -0.0190624 0.045048 -0.016 -0.018842 0.0450113 -0.016 -0.0192736 0.0451206 -0.016 -0.0199199 0.0457155 -0.016 -0.0197977 0.0455284 -0.016 -0.0200096 0.04592 -0.016 -0.0200644 0.0465818 -0.016 -0.0200096 0.0467984 -0.016 -0.0197977 0.0471899 -0.016 -0.0199199 0.0470029 -0.016 -0.0194701 0.0474915 -0.016 -0.0196464 0.0473543 -0.016 -0.0190624 0.0476704 -0.016 -0.0192736 0.0475978 -0.016 -0.0179906 0.0474915 -0.016 0.0306608 0.0546525 -0.0097729 0.0344655 0.0476292 -0.009 0.0347468 0.0477917 -0.0100665 0.0303324 0.0544628 -0.0075 0.0503677 0.0198422 -0.00825439 0.030415 0.0545105 -0.00865216 0.035728 0.0483581 -0.0119788 0.0316106 0.0552008 -0.0117995 0.0351713 0.0480367 -0.0110679 0.031063 0.0548847 -0.0108316 0.0371788 0.0491957 -0.0134394 0.0339594 0.0565569 -0.0139104 0.0330788 0.0560485 -0.0133602 0.0322887 0.0555923 -0.0126501 0.0364029 0.0487478 -0.012776 0.0389529 0.05022 -0.0143012 0.039906 0.0507703 -0.0144778 0.0358939 0.0576738 -0.0144761 0.0349064 0.0571036 -0.0142858 0.038036 0.0496907 -0.0139522 0.0388297 0.0593687 -0.0139104 0.0378827 0.058822 -0.0142858 0.0427407 0.0524069 -0.0139506 0.0368951 0.0582518 -0.0144761 0.0408713 0.0513276 -0.0144775 0.0418243 0.0518778 -0.0143002 0.045047 0.0537385 -0.0119768 0.0405003 0.0603333 -0.0126501 0.0443727 0.0533492 -0.0127739 0.0397102 0.0598771 -0.0133602 0.0417261 0.061041 -0.0108316 0.0456031 0.0540595 -0.0110663 0.0460269 0.0543042 -0.0100665 0.0411784 0.0607248 -0.0117995 0.0463082 0.0544666 -0.009 0.0421283 0.0612732 -0.0097729 0.0624214 0.0268014 -0.00825439 0.0424567 0.0614628 -0.0075 0.042374 0.0614151 -0.00865216 0.0623159 0.0267405 -0.009 0.0435974 0.0529016 -0.0134375 0.0624567 0.0268218 -0.0075 0.0504732 0.0199031 -0.009 0.0503324 0.0198218 -0.0075 0.0598195 0.0136367 -0.009 0.0547695 0.0223836 -0.0033 0.0598195 0.0136367 -0.0033 0.0547695 0.0223836 -0.009 0.0580195 0.02426 -0.009 0.0630695 0.0155131 -0.0033 0.0580195 0.02426 -0.0033 0.0630695 0.0155131 -0.009 0.0630695 0.0155131 -0.0033 0.0643674 0.0162624 -0.009 0.0643674 0.0162624 -0.0033 0.0630695 0.0155131 -0.009 0.0585217 0.0128874 -0.0033 0.0598195 0.0136367 -0.009 0.0598195 0.0136367 -0.0033 0.0585217 0.0128874 -0.009 0.0624567 0.0268218 0.001 0.0503324 0.0198218 0.001 0.0526003 0.0118936 0.001 0.0286003 0.0534628 0.001 0.0303324 0.0544628 0.001 0.0681888 0.0208936 0.001 0.0441888 0.0624628 0.001 0.0424567 0.0614628 0.001 0.0510848 0.0110186 0.001 0.0585848 -0.00197179 0.001 0.0772043 0.00877821 0.001 0.0697043 0.0217686 0.001 0.0424567 0.0614628 0.001 0.0441888 0.0624628 0.001 0.0441888 0.0624628 0.016 0.0303324 0.0544628 -0.0075 0.030415 0.0545105 -0.00865216 0.0306608 0.0546525 -0.0097729 0.0286003 0.0534628 0.016 0.0286003 0.0534628 0.001 0.0303324 0.0544628 0.001 0.0339594 0.0565569 -0.0139104 0.0330788 0.0560485 -0.0133602 0.031063 0.0548847 -0.0108316 0.0316106 0.0552008 -0.0117995 0.0322887 0.0555923 -0.0126501 0.0349064 0.0571036 -0.0142858 0.0358939 0.0576738 -0.0144761 0.0368951 0.0582518 -0.0144761 0.0424567 0.0614628 -0.0075 0.0388297 0.0593687 -0.0139104 0.0397102 0.0598771 -0.0133602 0.0378827 0.058822 -0.0142858 0.042374 0.0614151 -0.00865216 0.0421283 0.0612732 -0.0097729 0.0411784 0.0607248 -0.0117995 0.0417261 0.061041 -0.0108316 0.0405003 0.0603333 -0.0126501 0.0697043 0.0217686 0.001 0.0772043 0.00877821 0.001 0.0772043 0.00877821 0.016 0.0697043 0.0217686 0.016 0.0772043 0.00877821 0.001 0.0585848 -0.00197179 0.001 0.0585848 -0.00197179 0.016 0.0772043 0.00877821 0.016 0.0585848 -0.00197179 0.001 0.0510848 0.0110186 0.001 0.0510848 0.0110186 0.016 0.0585848 -0.00197179 0.016 0.0286003 0.0534628 0.001 0.0286003 0.0534628 0.016 0.0526003 0.0118936 0.016 0.0526003 0.0118936 0.001 0.0681888 0.0208936 0.001 0.0681888 0.0208936 0.016 0.0441888 0.0624628 0.016 0.0441888 0.0624628 0.001 0.0510848 0.0110186 0.001 0.0526003 0.0118936 0.001 0.0526003 0.0118936 0.016 0.0510848 0.0110186 0.016 0.0681888 0.0208936 0.001 0.0697043 0.0217686 0.001 0.0697043 0.0217686 0.016 0.0681888 0.0208936 0.016 0.0606714 -0.00491406 0.00698811 0.0532763 -0.0177228 0.00536509 0.0536335 -0.0171041 0.0034845 0.0500821 -0.0232552 -0.0114989 0.059464 -0.00700528 -0.016 0.050973 -0.0217122 -0.0105633 0.0611127 -0.00414967 -0.00141764 0.0611127 -0.00414967 0.0014062 0.0538763 -0.0166835 -0.000496766 0.0424881 -0.0364084 0.00710177 0.0345914 -0.0500859 0.00698811 0.041985 -0.0372798 0.00535909 0.0609656 -0.00440447 -0.00421575 0.0534762 -0.0173766 -0.00442727 0.0606714 -0.00491406 -0.00698811 0.041508 -0.0381061 -0.00250177 0.0413866 -0.0383163 -0.000504449 0.0341501 -0.0508503 -0.0014062 0.0342972 -0.0505955 0.00421575 0.0416282 -0.0378978 0.00347759 0.0342972 -0.0505955 -0.00421575 0.041427 -0.0382463 0.00150604 0.0341501 -0.0508503 0.00141764 0.052474 -0.0191124 -0.00790214 0.0517772 -0.0203192 -0.00935393 0.0357988 -0.0479947 0.016 0.0431246 -0.035306 0.00866043 0.0438779 -0.0340013 0.00999465 0.0447285 -0.0325281 0.0110698 0.0456543 -0.0309244 0.0118581 0.0466314 -0.029232 0.016 0.0466314 -0.029232 0.012339 0.0537556 -0.0168926 -0.00249429 0.0357988 -0.0479947 -0.016 0.0481345 -0.0266286 -0.0124594 0.0530452 -0.0181229 -0.0062456 0.0345914 -0.0500859 -0.00698811 0.041788 -0.037621 -0.00443416 0.0427909 -0.035884 -0.00790698 0.0422194 -0.0368739 -0.00625159 0.0434877 -0.034677 -0.0093575 0.0451824 -0.0317419 -0.0115001 0.0442918 -0.0332843 -0.0105656 0.0471287 -0.0283707 -0.0124594 0.0461362 -0.0300898 -0.0121369 0.0491277 -0.0249083 -0.0121365 0.0538353 -0.0167546 0.00151352 0.0609656 -0.00440447 0.00421575 0.050533 -0.0224743 0.011071 0.0513832 -0.0210017 0.00999697 0.059464 -0.00700528 0.016 0.0527728 -0.0185948 0.00710662 0.0521363 -0.0196973 0.00866401 0.0496085 -0.0240756 0.0118581 0.0486314 -0.025768 0.016 0.0486314 -0.025768 0.012339 -0.0345914 -0.0500859 0.00698811 -0.0419865 -0.0372772 0.00536509 -0.0416293 -0.0378959 0.0034845 -0.0451807 -0.0317448 -0.0114989 -0.0357988 -0.0479947 -0.016 -0.0442898 -0.0332878 -0.0105633 -0.0341501 -0.0508503 -0.00141764 -0.0341501 -0.0508503 0.0014062 -0.0413865 -0.0383165 -0.000496766 -0.0527747 -0.0185916 0.00710177 -0.0606714 -0.00491406 0.00698811 -0.0532778 -0.0177202 0.00535909 -0.0342972 -0.0505955 -0.00421575 -0.0417866 -0.0376234 -0.00442727 -0.0345914 -0.0500859 -0.00698811 -0.0537548 -0.0168939 -0.00250177 -0.0538762 -0.0166837 -0.000504449 -0.0611127 -0.00414967 -0.0014062 -0.0609656 -0.00440447 0.00421575 -0.0536346 -0.0171022 0.00347759 -0.0609656 -0.00440447 -0.00421575 -0.0538358 -0.0167537 0.00150604 -0.0611127 -0.00414967 0.00141764 -0.0427888 -0.0358876 -0.00790214 -0.0434855 -0.0346808 -0.00935393 -0.059464 -0.00700528 0.016 -0.0521382 -0.019694 0.00866043 -0.0513849 -0.0209987 0.00999465 -0.0505343 -0.022472 0.0110698 -0.0496085 -0.0240756 0.0118581 -0.0486314 -0.025768 0.016 -0.0486314 -0.025768 0.012339 -0.0415072 -0.0381074 -0.00249429 -0.059464 -0.00700528 -0.016 -0.0471283 -0.0283714 -0.0124594 -0.0422176 -0.0368771 -0.0062456 -0.0606714 -0.00491406 -0.00698811 -0.0534748 -0.017379 -0.00443416 -0.0524719 -0.019116 -0.00790698 -0.0530434 -0.0181261 -0.00625159 -0.051775 -0.020323 -0.0093575 -0.0500804 -0.0232581 -0.0115001 -0.0509709 -0.0217157 -0.0105656 -0.0481341 -0.0266293 -0.0124594 -0.0491266 -0.0249102 -0.0121369 -0.0461351 -0.0300917 -0.0121365 -0.0414275 -0.0382454 0.00151352 -0.0342972 -0.0505955 0.00421575 -0.0447298 -0.0325257 0.011071 -0.0438796 -0.0339983 0.00999697 -0.0357988 -0.0479947 0.016 -0.04249 -0.0364052 0.00710662 -0.0431265 -0.0353027 0.00866401 -0.0456543 -0.0309244 0.0118581 -0.0466314 -0.029232 0.016 -0.0466314 -0.029232 0.012339 -0.02608 0.055 0.00698811 -0.0112897 0.055 0.00536509 -0.0120042 0.055 0.0034845 -0.00490148 0.055 -0.0114989 -0.0236653 0.055 -0.016 -0.00668322 0.055 -0.0105633 -0.0269626 0.055 -0.00141764 -0.0269626 0.055 0.0014062 -0.0124899 0.055 -0.000496766 0.0102865 0.055 0.00710177 0.02608 0.055 0.00698811 0.0112928 0.055 0.00535909 -0.0266684 0.055 -0.00421575 -0.0116895 0.055 -0.00442727 -0.02608 0.055 -0.00698811 0.0122468 0.055 -0.00250177 0.0124896 0.055 -0.000504449 0.0269626 0.055 -0.0014062 0.0266684 0.055 0.00421575 0.0120063 0.055 0.00347759 0.0266684 0.055 -0.00421575 0.0124087 0.055 0.00150604 0.0269626 0.055 0.00141764 -0.00968522 0.055 -0.00790214 -0.00829169 0.055 -0.00935393 0.0236653 0.055 0.016 0.00901363 0.055 0.00866043 0.00750707 0.055 0.00999465 0.00580589 0.055 0.0110698 0.0039542 0.055 0.0118581 0.002 0.055 0.016 0.002 0.055 0.012339 -0.0122484 0.055 -0.00249429 0.0236653 0.055 -0.016 -0.00100625 0.055 -0.0124594 -0.0108277 0.055 -0.0062456 0.02608 0.055 -0.00698811 0.0116868 0.055 -0.00443416 0.00968098 0.055 -0.00790698 0.010824 0.055 -0.00625159 0.00828729 0.055 -0.0093575 0.00489809 0.055 -0.0115001 0.0066791 0.055 -0.0105656 0.00100544 0.055 -0.0124594 0.0029904 0.055 -0.0121369 -0.00299266 0.055 -0.0121365 -0.0124077 0.055 0.00151352 -0.0266684 0.055 0.00421575 -0.00580318 0.055 0.011071 -0.00750358 0.055 0.00999697 -0.0236653 0.055 0.016 -0.0102829 0.055 0.00710662 -0.00900984 0.055 0.00866401 -0.0039542 0.055 0.0118581 -0.002 0.055 0.016 -0.002 0.055 0.012339 -0.034 -0.0737323 0.016 -0.054567 -0.0774872 1.75525e-17 -0.034 -0.0774872 8.16853e-18 -0.0567349 -0.0737323 0.016 -0.054567 -0.0774872 1.75525e-17 -0.0567349 -0.0737323 -0.016 -0.034 -0.0737323 -0.016 -0.034 -0.0774872 8.16853e-18 -0.0444356 0.0705 0.016 -0.0943894 -0.00851278 1.06581e-17 -0.0922215 -0.0122677 0.016 -0.0461733 0.075 -1.06581e-17 0.0444356 0.0705 0.016 0.0922215 -0.0122677 0.016 0.0943894 -0.00851278 -1.24345e-17 0.0461733 0.075 3.55271e-18 0.054567 -0.0774872 7.78238e-18 0.0567349 -0.0737323 0.016 0.034 -0.0737323 0.016 0.034 -0.0774872 6.5082e-18 -0.0444356 0.0705 -0.016 -0.0943894 -0.00851278 1.06581e-17 -0.0461733 0.075 -1.06581e-17 -0.0922215 -0.0122677 -0.016 0.0444356 0.0705 -0.016 0.0943894 -0.00851278 -1.24345e-17 0.0922215 -0.0122677 -0.016 0.0461733 0.075 3.55271e-18 0.034 -0.0737323 -0.016 0.054567 -0.0774872 7.78238e-18 0.034 -0.0774872 6.5082e-18 0.0567349 -0.0737323 -0.016 -0.034 -0.0774872 8.16853e-18 -0.034 -0.0737323 -0.016 -0.034 -0.0581822 -0.016 -0.034 -0.0581822 0.016 -0.034 -0.0737323 0.016 0.034 -0.0774872 6.5082e-18 0.034 -0.0581822 -0.016 0.034 -0.0737323 -0.016 0.034 -0.0737323 0.016 0.034 -0.0581822 0.016 0.034 -0.0581822 0.016 0.023 -0.0581822 -0.016 0.034 -0.0581822 -0.016 0.023 -0.0581822 0.016 0.023 -0.0331822 0.016 0.023 -0.0331822 -0.016 0.023 -0.0581822 -0.016 0.023 -0.0581822 0.016 -0.023 -0.0581822 0.016 -0.034 -0.0581822 -0.016 -0.023 -0.0581822 -0.016 -0.034 -0.0581822 0.016 0.0863108 -0.0225053 0.016 0.0606714 -0.00491406 0.00698811 0.0875182 -0.0204141 0.00698811 0.059464 -0.00700528 0.016 0.0357988 -0.0479947 0.016 0.0626455 -0.0634947 0.016 0.0614382 -0.0655859 0.00698811 0.0345914 -0.0500859 0.00698811 0.0863108 -0.0225053 -0.016 0.0875182 -0.0204141 -0.00698811 0.0606714 -0.00491406 -0.00698811 0.059464 -0.00700528 -0.016 0.0357988 -0.0479947 -0.016 0.0614382 -0.0655859 -0.00698811 0.0626455 -0.0634947 -0.016 0.0345914 -0.0500859 -0.00698811 0.0879595 -0.0196497 0.0014062 0.0611127 -0.00414967 0.0014062 0.0879595 -0.0196497 -0.00141764 0.0609656 -0.00440447 0.00421575 0.0878124 -0.0199045 0.00421575 0.0606714 -0.00491406 0.00698811 0.0875182 -0.0204141 0.00698811 0.0611127 -0.00414967 -0.00141764 0.0609656 -0.00440447 -0.00421575 0.0878124 -0.0199045 -0.00421575 0.0875182 -0.0204141 -0.00698811 0.0606714 -0.00491406 -0.00698811 0.0609969 -0.0663503 -0.0014062 0.0341501 -0.0508503 -0.0014062 0.0609969 -0.0663503 0.00141764 0.0342972 -0.0505955 -0.00421575 0.061144 -0.0660955 -0.00421575 0.0345914 -0.0500859 -0.00698811 0.0614382 -0.0655859 -0.00698811 0.0341501 -0.0508503 0.00141764 0.0342972 -0.0505955 0.00421575 0.061144 -0.0660955 0.00421575 0.0614382 -0.0655859 0.00698811 0.0345914 -0.0500859 0.00698811 -0.0626455 -0.0634947 0.016 -0.0345914 -0.0500859 0.00698811 -0.0614382 -0.0655859 0.00698811 -0.0357988 -0.0479947 0.016 -0.059464 -0.00700528 0.016 -0.0863108 -0.0225053 0.016 -0.0875182 -0.0204141 0.00698811 -0.0606714 -0.00491406 0.00698811 -0.0626455 -0.0634947 -0.016 -0.0614382 -0.0655859 -0.00698811 -0.0345914 -0.0500859 -0.00698811 -0.0357988 -0.0479947 -0.016 -0.059464 -0.00700528 -0.016 -0.0875182 -0.0204141 -0.00698811 -0.0863108 -0.0225053 -0.016 -0.0606714 -0.00491406 -0.00698811 -0.0342972 -0.0505955 0.00421575 -0.0609969 -0.0663503 0.0014062 -0.061144 -0.0660955 0.00421575 -0.0345914 -0.0500859 0.00698811 -0.0341501 -0.0508503 0.0014062 -0.0609969 -0.0663503 -0.00141764 -0.0614382 -0.0655859 0.00698811 -0.0341501 -0.0508503 -0.00141764 -0.0342972 -0.0505955 -0.00421575 -0.061144 -0.0660955 -0.00421575 -0.0614382 -0.0655859 -0.00698811 -0.0345914 -0.0500859 -0.00698811 -0.0611127 -0.00414967 -0.0014062 -0.0611127 -0.00414967 0.00141764 -0.0879595 -0.0196497 -0.0014062 -0.0875182 -0.0204141 0.00698811 -0.0878124 -0.0199045 0.00421575 -0.0606714 -0.00491406 0.00698811 -0.0878124 -0.0199045 -0.00421575 -0.0609656 -0.00440447 -0.00421575 -0.0875182 -0.0204141 -0.00698811 -0.0606714 -0.00491406 -0.00698811 -0.0879595 -0.0196497 0.00141764 -0.0609656 -0.00440447 0.00421575 -0.0236653 0.0705 0.016 -0.0236653 0.055 0.016 -0.02608 0.055 0.00698811 -0.02608 0.0730346 0.00698811 0.0236653 0.0705 0.016 0.02608 0.0730346 0.00698811 0.02608 0.055 0.00698811 0.0236653 0.055 0.016 -0.0236653 0.0705 -0.016 -0.02608 0.0730346 -0.00698811 -0.02608 0.055 -0.00698811 -0.0236653 0.055 -0.016 0.0236653 0.0705 -0.016 0.0236653 0.055 -0.016 0.02608 0.055 -0.00698811 0.02608 0.0730346 -0.00698811 -0.02608 0.0730346 -0.00698811 -0.026769 0.0740088 -0.00352421 -0.0266684 0.055 -0.00421575 -0.0269626 0.055 0.0014062 -0.0269626 0.055 -0.00141764 -0.027 0.075 1.42505e-17 -0.02608 0.055 -0.00698811 -0.0266684 0.055 0.00421575 -0.02608 0.0730346 0.00698811 -0.02608 0.055 0.00698811 -0.026769 0.0740088 0.00352421 0.0266684 0.055 0.00421575 0.02608 0.055 0.00698811 0.02608 0.0730346 0.00698811 0.0269626 0.055 -0.0014062 0.027 0.075 1.66031e-17 0.026769 0.0740088 -0.00352421 0.0269626 0.055 0.00141764 0.026769 0.0740088 0.00352421 0.0266684 0.055 -0.00421575 0.02608 0.0730346 -0.00698811 0.02608 0.055 -0.00698811 0.0461733 0.075 3.55271e-18 0.026769 0.0740088 -0.00352421 0.027 0.075 1.66031e-17 0.02608 0.0730346 -0.00698811 0.0444356 0.0705 -0.016 0.0236653 0.0705 -0.016 0.0444356 0.0705 0.016 0.02608 0.0730346 0.00698811 0.0236653 0.0705 0.016 0.0461733 0.075 3.55271e-18 0.026769 0.0740088 0.00352421 0.027 0.075 1.66031e-17 -0.026769 0.0740088 0.00352421 -0.027 0.075 1.42505e-17 -0.0461733 0.075 -1.06581e-17 -0.0444356 0.0705 0.016 -0.02608 0.0730346 0.00698811 -0.0236653 0.0705 0.016 -0.02608 0.0730346 -0.00698811 -0.0236653 0.0705 -0.016 -0.0444356 0.0705 -0.016 -0.0461733 0.075 -1.06581e-17 -0.026769 0.0740088 -0.00352421 -0.027 0.075 1.42505e-17 -0.0895069 -0.0169695 0.00989867 -0.0896207 -0.0167725 0.00992781 -0.0879595 -0.0196497 0.00141764 -0.0898328 -0.0164051 -0.0100983 -0.0897303 -0.0165825 -0.00999498 -0.0879595 -0.0196497 -0.0014062 -0.0898328 -0.0164051 0.0100983 -0.0900686 -0.0159966 0.0105904 -0.0943894 -0.00851278 1.06581e-17 -0.0900043 -0.0161079 0.0104003 -0.0900686 -0.0159966 -0.0105904 -0.0901158 -0.0159148 -0.0107994 -0.0889179 -0.0179897 -0.0104926 -0.0875182 -0.0204141 -0.00698811 -0.0889899 -0.0178649 -0.0103141 -0.0888043 -0.0181864 -0.0111353 -0.0888043 -0.0181864 -0.0113647 -0.0888619 -0.0180866 0.0106929 -0.0889179 -0.0179897 0.0104926 -0.0875182 -0.0204141 0.00698811 -0.0922215 -0.0122677 0.016 -0.0901447 -0.0158647 0.0110214 -0.0901545 -0.0158479 0.01125 -0.0888043 -0.0181864 0.0113647 -0.0863108 -0.0225053 0.016 -0.0896207 -0.0167725 -0.00992781 -0.0901158 -0.0159148 0.0107994 -0.089925 -0.0162454 -0.0102347 -0.0893923 -0.017168 -0.00990841 -0.0895069 -0.0169695 -0.00989867 -0.0897303 -0.0165825 0.00999498 -0.0878124 -0.0199045 0.00421575 -0.0893923 -0.017168 0.00990841 -0.0891737 -0.0175466 0.0100423 -0.0892802 -0.0173622 0.00995674 -0.0889899 -0.0178649 0.0103141 -0.089076 -0.0177158 0.0101626 -0.0888043 -0.0181864 0.0111353 -0.0888237 -0.0181528 0.0109092 -0.0893923 -0.017168 0.0125916 -0.0892802 -0.0173622 0.0125433 -0.0888619 -0.0180866 0.0118071 -0.0888237 -0.0181528 0.0115908 -0.0889899 -0.0178649 0.0121859 -0.0889179 -0.0179897 0.0120074 -0.0891737 -0.0175466 0.0124577 -0.089076 -0.0177158 0.0123374 -0.0895069 -0.0169695 0.0126013 -0.0897303 -0.0165825 0.012505 -0.0896207 -0.0167725 0.0125722 -0.089925 -0.0162454 0.0122653 -0.0898328 -0.0164051 0.0124017 -0.0900686 -0.0159966 0.0119096 -0.0900043 -0.0161079 0.0120997 -0.0901447 -0.0158647 0.0114786 -0.0901158 -0.0159148 0.0117006 -0.0888237 -0.0181528 -0.0115908 -0.0863108 -0.0225053 -0.016 -0.0897303 -0.0165825 -0.012505 -0.0922215 -0.0122677 -0.016 -0.0896207 -0.0167725 -0.0125722 -0.0901158 -0.0159148 -0.0117006 -0.0901447 -0.0158647 -0.0114786 -0.0901545 -0.0158479 -0.01125 -0.0900043 -0.0161079 -0.0120997 -0.0900686 -0.0159966 -0.0119096 -0.0898328 -0.0164051 -0.0124017 -0.089925 -0.0162454 -0.0122653 -0.0893923 -0.017168 -0.0125916 -0.0895069 -0.0169695 -0.0126013 -0.0892802 -0.0173622 -0.0125433 -0.089076 -0.0177158 -0.0123374 -0.0891737 -0.0175466 -0.0124577 -0.0889179 -0.0179897 -0.0120074 -0.0889899 -0.0178649 -0.0121859 -0.0888619 -0.0180866 -0.0118071 -0.0888619 -0.0180866 -0.0106929 -0.0888237 -0.0181528 -0.0109092 -0.0878124 -0.0199045 -0.00421575 -0.0891737 -0.0175466 -0.0100423 -0.089076 -0.0177158 -0.0101626 -0.0892802 -0.0173622 -0.00995674 -0.089925 -0.0162454 0.0102347 -0.0900043 -0.0161079 -0.0104003 -0.0901447 -0.0158647 -0.0110214 -0.0595069 -0.068931 0.00989867 -0.0596207 -0.068734 0.00992781 -0.061144 -0.0660955 0.00421575 -0.0609969 -0.0663503 0.0014062 -0.0592802 -0.0693238 0.00995674 -0.0593923 -0.0691295 0.00990841 -0.0588619 -0.0700481 -0.0118071 -0.0567349 -0.0737323 -0.016 -0.0588237 -0.0701143 -0.0115908 -0.0596207 -0.068734 -0.0125722 -0.0597303 -0.068544 -0.012505 -0.0626455 -0.0634947 -0.016 -0.0614382 -0.0655859 0.00698811 -0.0601158 -0.0678763 0.0107994 -0.0601447 -0.0678263 0.0110214 -0.0588237 -0.0701143 0.0109092 -0.0588619 -0.0700481 0.0106929 -0.054567 -0.0774872 1.75525e-17 -0.0601545 -0.0678094 0.01125 -0.0614382 -0.0655859 -0.00698811 -0.0601447 -0.0678263 -0.0114786 -0.0601545 -0.0678094 -0.01125 -0.0597303 -0.068544 -0.00999498 -0.0596207 -0.068734 -0.00992781 -0.061144 -0.0660955 -0.00421575 -0.0601158 -0.0678763 -0.0117006 -0.0600044 -0.0680694 -0.0120997 -0.0600686 -0.0679582 -0.0119096 -0.0598328 -0.0683666 -0.0124017 -0.059925 -0.0682069 -0.0122653 -0.0595069 -0.068931 -0.0126013 -0.0592802 -0.0693238 -0.0125433 -0.0593923 -0.0691295 -0.0125916 -0.059076 -0.0696773 -0.0123374 -0.0591737 -0.0695081 -0.0124577 -0.0589179 -0.0699512 -0.0120074 -0.0589899 -0.0698264 -0.0121859 -0.0589179 -0.0699512 -0.0104926 -0.0588619 -0.0700481 -0.0106929 -0.0588043 -0.0701479 -0.0111353 -0.0588043 -0.0701479 -0.0113647 -0.0588237 -0.0701143 -0.0109092 -0.0589899 -0.0698264 -0.0103141 -0.0598328 -0.0683666 0.0100983 -0.059925 -0.0682069 0.0102347 -0.0609969 -0.0663503 -0.00141764 -0.0592802 -0.0693238 -0.00995674 -0.0591737 -0.0695081 -0.0100423 -0.0591737 -0.0695081 0.0100423 -0.0595069 -0.068931 -0.00989867 -0.0593923 -0.0691295 -0.00990841 -0.0598328 -0.0683666 -0.0100983 -0.0600044 -0.0680694 -0.0104003 -0.059925 -0.0682069 -0.0102347 -0.0600686 -0.0679582 -0.0105904 -0.0601447 -0.0678263 -0.0110214 -0.0601158 -0.0678763 -0.0107994 -0.0626455 -0.0634947 0.016 -0.0601447 -0.0678263 0.0114786 -0.0600686 -0.0679582 0.0105904 -0.0600044 -0.0680694 0.0104003 -0.0597303 -0.068544 0.00999498 -0.059076 -0.0696773 0.0101626 -0.059076 -0.0696773 -0.0101626 -0.0589899 -0.0698264 0.0103141 -0.0589179 -0.0699512 0.0104926 -0.0588043 -0.0701479 0.0111353 -0.0567349 -0.0737323 0.016 -0.0588237 -0.0701143 0.0115908 -0.0588043 -0.0701479 0.0113647 -0.0593923 -0.0691295 0.0125916 -0.0592802 -0.0693238 0.0125433 -0.0589179 -0.0699512 0.0120074 -0.0588619 -0.0700481 0.0118071 -0.059076 -0.0696773 0.0123374 -0.0589899 -0.0698264 0.0121859 -0.0591737 -0.0695081 0.0124577 -0.0595069 -0.068931 0.0126013 -0.0597303 -0.068544 0.012505 -0.0596207 -0.068734 0.0125722 -0.059925 -0.0682069 0.0122653 -0.0598328 -0.0683666 0.0124017 -0.0600686 -0.0679582 0.0119096 -0.0600044 -0.0680694 0.0120997 -0.0601158 -0.0678763 0.0117006 0.054567 -0.0774872 7.78238e-18 0.058952 -0.0698921 0.0104003 0.0588878 -0.0700034 0.0105904 0.0600385 -0.0680103 0.0104926 0.0614382 -0.0655859 0.00698811 0.0600944 -0.0679134 0.0106929 0.0588116 -0.0701353 0.0110214 0.0588019 -0.0701521 0.01125 0.0567349 -0.0737323 0.016 0.0591236 -0.0695949 -0.0100983 0.059226 -0.0694175 -0.00999498 0.0609969 -0.0663503 -0.0014062 0.0588405 -0.0700852 -0.0107994 0.0588878 -0.0700034 -0.0105904 0.0591236 -0.0695949 0.0100983 0.0609969 -0.0663503 0.00141764 0.060152 -0.0678136 -0.0113647 0.0614382 -0.0655859 -0.00698811 0.060152 -0.0678136 -0.0111353 0.0599664 -0.0681351 -0.0103141 0.0600385 -0.0680103 -0.0104926 0.0593357 -0.0692275 0.00992781 0.0594495 -0.0690305 0.00989867 0.060152 -0.0678136 0.0113647 0.0626455 -0.0634947 0.016 0.0593357 -0.0692275 -0.00992781 0.0588405 -0.0700852 0.0107994 0.0590314 -0.0697546 -0.0102347 0.0595641 -0.068832 -0.00990841 0.0594495 -0.0690305 -0.00989867 0.059226 -0.0694175 0.00999498 0.061144 -0.0660955 0.00421575 0.0595641 -0.068832 0.00990841 0.0597826 -0.0684534 0.0100423 0.0596762 -0.0686378 0.00995674 0.0599664 -0.0681351 0.0103141 0.0598803 -0.0682842 0.0101626 0.060152 -0.0678136 0.0111353 0.0601326 -0.0678472 0.0109092 0.0595641 -0.068832 0.0125916 0.0596762 -0.0686378 0.0125433 0.0600944 -0.0679134 0.0118071 0.0601326 -0.0678472 0.0115908 0.0599664 -0.0681351 0.0121859 0.0600385 -0.0680103 0.0120074 0.0597826 -0.0684534 0.0124577 0.0598803 -0.0682842 0.0123374 0.0594495 -0.0690305 0.0126013 0.059226 -0.0694175 0.012505 0.0593357 -0.0692275 0.0125722 0.0590314 -0.0697546 0.0122653 0.0591236 -0.0695949 0.0124017 0.0588878 -0.0700034 0.0119096 0.058952 -0.0698921 0.0120997 0.0588116 -0.0701353 0.0114786 0.0588405 -0.0700852 0.0117006 0.0601326 -0.0678472 -0.0115908 0.0626455 -0.0634947 -0.016 0.059226 -0.0694175 -0.012505 0.0567349 -0.0737323 -0.016 0.0593357 -0.0692275 -0.0125722 0.0588405 -0.0700852 -0.0117006 0.0588116 -0.0701353 -0.0114786 0.0588019 -0.0701521 -0.01125 0.058952 -0.0698921 -0.0120997 0.0588878 -0.0700034 -0.0119096 0.0591236 -0.0695949 -0.0124017 0.0590314 -0.0697546 -0.0122653 0.0595641 -0.068832 -0.0125916 0.0594495 -0.0690305 -0.0126013 0.0596762 -0.0686378 -0.0125433 0.0598803 -0.0682842 -0.0123374 0.0597826 -0.0684534 -0.0124577 0.0600385 -0.0680103 -0.0120074 0.0599664 -0.0681351 -0.0121859 0.0600944 -0.0679134 -0.0118071 0.0600944 -0.0679134 -0.0106929 0.0601326 -0.0678472 -0.0109092 0.061144 -0.0660955 -0.00421575 0.0597826 -0.0684534 -0.0100423 0.0598803 -0.0682842 -0.0101626 0.0596762 -0.0686378 -0.00995674 0.0590314 -0.0697546 0.0102347 0.058952 -0.0698921 -0.0104003 0.0588116 -0.0701353 -0.0110214 0.0899664 -0.0161736 0.0103141 0.0898803 -0.0163227 -0.0101626 0.0899664 -0.0161736 -0.0103141 0.0888405 -0.0181237 0.0107994 0.0888116 -0.0181737 0.0110214 0.0875182 -0.0204141 0.00698811 0.0888116 -0.0181737 -0.0114786 0.0888019 -0.0181906 -0.01125 0.0875182 -0.0204141 -0.00698811 0.089226 -0.017456 -0.012505 0.0863108 -0.0225053 -0.016 0.0893357 -0.017266 -0.0125722 0.0900944 -0.0159519 -0.0106929 0.0943894 -0.00851278 -1.24345e-17 0.0900385 -0.0160488 -0.0104926 0.0888878 -0.0180418 0.0105904 0.0894495 -0.017069 0.00989867 0.0893357 -0.017266 0.00992781 0.0878124 -0.0199045 0.00421575 0.0888019 -0.0181906 0.01125 0.0863108 -0.0225053 0.016 0.0888116 -0.0181737 0.0114786 0.089226 -0.017456 0.00999498 0.0901326 -0.0158857 0.0109092 0.0900944 -0.0159519 0.0106929 0.088952 -0.0179306 0.0104003 0.0891236 -0.0176334 0.0100983 0.0890314 -0.0177931 0.0102347 0.0879595 -0.0196497 0.0014062 0.0895641 -0.0168705 0.00990841 0.0896762 -0.0166762 0.00995674 0.0897826 -0.0164919 0.0100423 0.0879595 -0.0196497 -0.00141764 0.0898803 -0.0163227 0.0101626 0.0901326 -0.0158857 -0.0115908 0.0900944 -0.0159519 -0.0118071 0.0922215 -0.0122677 -0.016 0.0901326 -0.0158857 -0.0109092 0.0900385 -0.0160488 0.0104926 0.090152 -0.0158521 0.0111353 0.0922215 -0.0122677 0.016 0.0901326 -0.0158857 0.0115908 0.090152 -0.0158521 0.0113647 0.0895641 -0.0168705 0.0125916 0.0896762 -0.0166762 0.0125433 0.0900385 -0.0160488 0.0120074 0.0900944 -0.0159519 0.0118071 0.0898803 -0.0163227 0.0123374 0.0899664 -0.0161736 0.0121859 0.0897826 -0.0164919 0.0124577 0.0894495 -0.017069 0.0126013 0.089226 -0.017456 0.012505 0.0893357 -0.017266 0.0125722 0.0890314 -0.0177931 0.0122653 0.0891236 -0.0176334 0.0124017 0.0888878 -0.0180418 0.0119096 0.088952 -0.0179306 0.0120997 0.0888405 -0.0181237 0.0117006 0.089226 -0.017456 -0.00999498 0.0893357 -0.017266 -0.00992781 0.0878124 -0.0199045 -0.00421575 0.0897826 -0.0164919 -0.0100423 0.0888405 -0.0181237 -0.0117006 0.088952 -0.0179306 -0.0120997 0.0888878 -0.0180418 -0.0119096 0.0891236 -0.0176334 -0.0124017 0.0890314 -0.0177931 -0.0122653 0.0894495 -0.017069 -0.0126013 0.0896762 -0.0166762 -0.0125433 0.0895641 -0.0168705 -0.0125916 0.0898803 -0.0163227 -0.0123374 0.0897826 -0.0164919 -0.0124577 0.0900385 -0.0160488 -0.0120074 0.0899664 -0.0161736 -0.0121859 0.090152 -0.0158521 -0.0111353 0.090152 -0.0158521 -0.0113647 0.0896762 -0.0166762 -0.00995674 0.0894495 -0.017069 -0.00989867 0.0895641 -0.0168705 -0.00990841 0.0891236 -0.0176334 -0.0100983 0.088952 -0.0179306 -0.0104003 0.0890314 -0.0177931 -0.0102347 0.0888878 -0.0180418 -0.0105904 0.0888116 -0.0181737 -0.0110214 0.0888405 -0.0181237 -0.0107994 0.0403997 -0.0300257 0.011071 0.0456543 -0.0309244 0.0118581 0.0447285 -0.0325281 0.0110698 0.0466314 -0.029232 0.012339 0.0413242 -0.0284244 0.0118581 0.0423013 -0.026732 0.012339 0.0431246 -0.035306 0.00866043 0.0424881 -0.0364084 0.00710177 0.0381598 -0.0339052 0.00710662 0.0387964 -0.0328027 0.00866401 0.0395495 -0.0314983 0.00999697 0.0438779 -0.0340013 0.00999465 0.0370974 -0.0357454 0.00151352 0.0416282 -0.0378978 0.00347759 0.041427 -0.0382463 0.00150604 0.0372992 -0.0353959 0.0034845 0.0376564 -0.0347772 0.00536509 0.041985 -0.0372798 0.00535909 0.041788 -0.037621 -0.00443416 0.0374565 -0.0351234 -0.00442727 0.041508 -0.0381061 -0.00250177 0.0413866 -0.0383163 -0.000504449 0.0371771 -0.0356074 -0.00249429 0.0370563 -0.0358165 -0.000496766 0.0427909 -0.035884 -0.00790698 0.0434877 -0.034677 -0.0093575 0.0391554 -0.0321808 -0.00935393 0.0378874 -0.0343771 -0.0062456 0.0422194 -0.0368739 -0.00625159 0.0384587 -0.0333876 -0.00790214 0.0418049 -0.0275917 -0.0121365 0.0451824 -0.0317419 -0.0115001 0.0461362 -0.0300898 -0.0121369 0.0408505 -0.0292448 -0.0114989 0.0399597 -0.0307878 -0.0105633 0.0442918 -0.0332843 -0.0105656 0.0491277 -0.0249083 -0.0121365 0.0447965 -0.0224102 -0.0121369 0.0481345 -0.0266286 -0.0124594 0.0471287 -0.0283707 -0.0124594 0.043804 -0.0241293 -0.0124594 0.0427981 -0.0258714 -0.0124594 0.050973 -0.0217122 -0.0105633 0.0517772 -0.0203192 -0.00935393 0.0474449 -0.017823 -0.0093575 0.0457503 -0.0207581 -0.0115001 0.0500821 -0.0232552 -0.0114989 0.0466408 -0.0192157 -0.0105656 0.0491447 -0.014879 -0.00443416 0.0530452 -0.0181229 -0.0062456 0.0534762 -0.0173766 -0.00442727 0.0487133 -0.0156261 -0.00625159 0.0481418 -0.016616 -0.00790698 0.052474 -0.0191124 -0.00790214 0.0495056 -0.0142537 0.00150604 0.0495461 -0.0141837 -0.000504449 0.0538763 -0.0166835 -0.000496766 0.0537556 -0.0168926 -0.00249429 0.0494247 -0.014394 -0.00250177 0.0538353 -0.0167546 0.00151352 0.0493044 -0.0146022 0.00347759 0.0536335 -0.0171041 0.0034845 0.0489477 -0.0152202 0.00535909 0.0484445 -0.0160916 0.00710177 0.0532763 -0.0177228 0.00536509 0.0527728 -0.0185948 0.00710662 0.0478081 -0.017194 0.00866043 0.0521363 -0.0196973 0.00866401 0.0470548 -0.0184987 0.00999465 0.0462042 -0.0199719 0.0110698 0.0513832 -0.0210017 0.00999697 0.050533 -0.0224743 0.011071 0.0452784 -0.0215756 0.0118581 0.0496085 -0.0240756 0.0118581 0.0443013 -0.023268 0.012339 0.0486314 -0.025768 0.012339 0.0486314 -0.025768 0.016 0.0443013 -0.023268 0.016 0.0443013 -0.023268 0.012339 0.0486314 -0.025768 0.012339 0.0466314 -0.029232 0.016 0.0423013 -0.026732 0.012339 0.0423013 -0.026732 0.016 0.0466314 -0.029232 0.012339 -0.0462029 -0.0199743 0.011071 -0.0496085 -0.0240756 0.0118581 -0.0505343 -0.022472 0.0110698 -0.0486314 -0.025768 0.012339 -0.0452784 -0.0215756 0.0118581 -0.0443013 -0.023268 0.012339 -0.0521382 -0.019694 0.00866043 -0.0527747 -0.0185916 0.00710177 -0.0484427 -0.0160948 0.00710662 -0.0478062 -0.0171973 0.00866401 -0.0470531 -0.0185017 0.00999697 -0.0513849 -0.0209987 0.00999465 -0.0495051 -0.0142546 0.00151352 -0.0536346 -0.0171022 0.00347759 -0.0538358 -0.0167537 0.00150604 -0.0493034 -0.0146041 0.0034845 -0.0489461 -0.0152228 0.00536509 -0.0532778 -0.0177202 0.00535909 -0.0534748 -0.017379 -0.00443416 -0.049146 -0.0148766 -0.00442727 -0.0537548 -0.0168939 -0.00250177 -0.0538762 -0.0166837 -0.000504449 -0.0494255 -0.0143926 -0.00249429 -0.0495462 -0.0141835 -0.000496766 -0.0524719 -0.019116 -0.00790698 -0.051775 -0.020323 -0.0093575 -0.0474471 -0.0178192 -0.00935393 -0.0487151 -0.0156229 -0.0062456 -0.0530434 -0.0181261 -0.00625159 -0.0481439 -0.0166124 -0.00790214 -0.0447976 -0.0224083 -0.0121365 -0.0500804 -0.0232581 -0.0115001 -0.0491266 -0.0249102 -0.0121369 -0.045752 -0.0207552 -0.0114989 -0.0466429 -0.0192122 -0.0105633 -0.0509709 -0.0217157 -0.0105656 -0.0461351 -0.0300917 -0.0121365 -0.0418061 -0.0275898 -0.0121369 -0.0471283 -0.0283714 -0.0124594 -0.0481341 -0.0266293 -0.0124594 -0.0427985 -0.0258707 -0.0124594 -0.0438044 -0.0241286 -0.0124594 -0.0442898 -0.0332878 -0.0105633 -0.0434855 -0.0346808 -0.00935393 -0.0391576 -0.032177 -0.0093575 -0.0408522 -0.0292419 -0.0115001 -0.0451807 -0.0317448 -0.0114989 -0.0399617 -0.0307843 -0.0105656 -0.0374579 -0.035121 -0.00443416 -0.0422176 -0.0368771 -0.0062456 -0.0417866 -0.0376234 -0.00442727 -0.0378893 -0.0343739 -0.00625159 -0.0384608 -0.033384 -0.00790698 -0.0427888 -0.0358876 -0.00790214 -0.0370969 -0.0357463 0.00150604 -0.0370565 -0.0358163 -0.000504449 -0.0413865 -0.0383165 -0.000496766 -0.0415072 -0.0381074 -0.00249429 -0.0371779 -0.035606 -0.00250177 -0.0414275 -0.0382454 0.00151352 -0.0372981 -0.0353978 0.00347759 -0.0416293 -0.0378959 0.0034845 -0.0376549 -0.0347798 0.00535909 -0.038158 -0.0339084 0.00710177 -0.0419865 -0.0372772 0.00536509 -0.04249 -0.0364052 0.00710662 -0.0387945 -0.032806 0.00866043 -0.0431265 -0.0353027 0.00866401 -0.0395477 -0.0315013 0.00999465 -0.0403983 -0.030028 0.0110698 -0.0438796 -0.0339983 0.00999697 -0.0447298 -0.0325257 0.011071 -0.0413242 -0.0284244 0.0118581 -0.0456543 -0.0309244 0.0118581 -0.0423013 -0.026732 0.012339 -0.0466314 -0.029232 0.012339 -0.0466314 -0.029232 0.016 -0.0423013 -0.026732 0.016 -0.0423013 -0.026732 0.012339 -0.0466314 -0.029232 0.012339 -0.0486314 -0.025768 0.016 -0.0443013 -0.023268 0.012339 -0.0443013 -0.023268 0.016 -0.0486314 -0.025768 0.012339 0.00580318 0.05 0.011071 0.0039542 0.055 0.0118581 0.00580589 0.055 0.0110698 0.002 0.055 0.012339 0.0039542 0.05 0.0118581 0.002 0.05 0.012339 0.00901363 0.055 0.00866043 0.0102865 0.055 0.00710177 0.0102829 0.05 0.00710662 0.00900984 0.05 0.00866401 0.00750358 0.05 0.00999697 0.00750707 0.055 0.00999465 0.0124077 0.05 0.00151352 0.0120063 0.055 0.00347759 0.0124087 0.055 0.00150604 0.0120042 0.05 0.0034845 0.0112897 0.05 0.00536509 0.0112928 0.055 0.00535909 0.0116868 0.055 -0.00443416 0.0116895 0.05 -0.00442727 0.0122468 0.055 -0.00250177 0.0124896 0.055 -0.000504449 0.0122484 0.05 -0.00249429 0.0124899 0.05 -0.000496766 0.00968098 0.055 -0.00790698 0.00828729 0.055 -0.0093575 0.00829169 0.05 -0.00935393 0.0108277 0.05 -0.0062456 0.010824 0.055 -0.00625159 0.00968522 0.05 -0.00790214 0.00299266 0.05 -0.0121365 0.00489809 0.055 -0.0115001 0.0029904 0.055 -0.0121369 0.00490148 0.05 -0.0114989 0.00668322 0.05 -0.0105633 0.0066791 0.055 -0.0105656 -0.00299266 0.055 -0.0121365 -0.0029904 0.05 -0.0121369 -0.00100625 0.055 -0.0124594 0.00100544 0.055 -0.0124594 -0.00100544 0.05 -0.0124594 0.00100625 0.05 -0.0124594 -0.00668322 0.055 -0.0105633 -0.00829169 0.055 -0.00935393 -0.00828729 0.05 -0.0093575 -0.00489809 0.05 -0.0115001 -0.00490148 0.055 -0.0114989 -0.0066791 0.05 -0.0105656 -0.0116868 0.05 -0.00443416 -0.0108277 0.055 -0.0062456 -0.0116895 0.055 -0.00442727 -0.010824 0.05 -0.00625159 -0.00968098 0.05 -0.00790698 -0.00968522 0.055 -0.00790214 -0.0124087 0.05 0.00150604 -0.0124896 0.05 -0.000504449 -0.0124899 0.055 -0.000496766 -0.0122484 0.055 -0.00249429 -0.0122468 0.05 -0.00250177 -0.0124077 0.055 0.00151352 -0.0120063 0.05 0.00347759 -0.0120042 0.055 0.0034845 -0.0112928 0.05 0.00535909 -0.0102865 0.05 0.00710177 -0.0112897 0.055 0.00536509 -0.0102829 0.055 0.00710662 -0.00901363 0.05 0.00866043 -0.00900984 0.055 0.00866401 -0.00750707 0.05 0.00999465 -0.00580589 0.05 0.0110698 -0.00750358 0.055 0.00999697 -0.00580318 0.055 0.011071 -0.0039542 0.05 0.0118581 -0.0039542 0.055 0.0118581 -0.002 0.05 0.012339 -0.002 0.055 0.012339 -0.002 0.055 0.016 -0.002 0.05 0.016 -0.002 0.05 0.012339 -0.002 0.055 0.012339 0.002 0.055 0.016 0.002 0.05 0.012339 0.002 0.05 0.016 0.002 0.055 0.012339 0.00123446 0.05 -0.00739771 0 0.05 -0.0075 0 0.046 -0.0075 0.0046066 0.05 -0.00591855 0.00356961 0.05 -0.00659605 0.00365771 0.046 -0.00654761 0.00243525 0.05 -0.00709363 0.00126751 0.046 -0.00739212 0.00249855 0.046 -0.00707158 0.00638647 0.046 -0.0039323 0.0068683 0.05 -0.00301272 0.00627875 0.05 -0.00410211 0.00471165 0.046 -0.00583527 0.00563004 0.046 -0.00495506 0.00551793 0.05 -0.00507961 0.00747438 0.05 -0.000619345 0.00749324 0.046 -0.000318309 0.00747438 0.05 0.000619345 0.0072705 0.05 -0.00184114 0.00695917 0.046 -0.00279642 0.00733166 0.046 -0.00158009 0.00627875 0.05 0.00410211 0.0068683 0.05 0.00301272 0.00669694 0.046 0.00337653 0.00717125 0.046 0.00219617 0.0072705 0.05 0.00184114 0.00743925 0.046 0.000952634 0.00419981 0.046 0.00621382 0.00356961 0.05 0.00659605 0.0046066 0.05 0.00591855 0.00602998 0.046 0.00445975 0.00518954 0.046 0.00541467 0.00551793 0.05 0.00507961 0.00123446 0.05 0.00739771 0.000636044 0.046 0.00747298 4.24915e-18 0.05 0.0075 0.00243525 0.05 0.00709363 0.00308926 0.046 0.00683421 0.00188984 0.046 0.007258 -0.00356961 0.05 0.00659605 -0.00243525 0.05 0.00709363 -0.00308926 0.046 0.00683421 -0.00188984 0.046 0.007258 -0.00123446 0.05 0.00739771 -0.000636044 0.046 0.00747298 -0.00602998 0.046 0.00445975 -0.00627875 0.05 0.00410211 -0.00551793 0.05 0.00507961 -0.00419981 0.046 0.00621382 -0.00518954 0.046 0.00541467 -0.0046066 0.05 0.00591855 -0.0072705 0.05 0.00184114 -0.00743925 0.046 0.000952634 -0.00747438 0.05 0.000619345 -0.0068683 0.05 0.00301272 -0.00669694 0.046 0.00337653 -0.00717125 0.046 0.00219617 -0.00749324 0.046 -0.000318309 -0.00733166 0.046 -0.00158009 -0.00747438 0.05 -0.000619345 -0.00695917 0.046 -0.00279642 -0.0072705 0.05 -0.00184114 -0.0068683 0.05 -0.00301272 -0.00638647 0.046 -0.0039323 -0.00563004 0.046 -0.00495506 -0.00627875 0.05 -0.00410211 -0.00471165 0.046 -0.00583527 -0.00551793 0.05 -0.00507961 -0.0046066 0.05 -0.00591855 -0.00365771 0.046 -0.00654761 -0.00249855 0.046 -0.00707158 -0.00356961 0.05 -0.00659605 -0.00126751 0.046 -0.00739212 -0.00243525 0.05 -0.00709363 -0.00123446 0.05 -0.00739771 0.00894427 0.041 -0.008 0.00946969 0.046 -0.00737055 0.00812738 0.046 -0.00882869 0.00747865 0.041 -0.00938455 0.00656338 0.046 -0.010046 0.00580192 0.041 -0.0105042 0.00482034 0.046 -0.0109893 -0.0039614 0.041 -0.0113273 -0.00482034 0.046 -0.0109893 -0.00580192 0.041 -0.0105042 0.0039614 0.041 -0.0113273 0.00294583 0.046 -0.0116328 -0.00656338 0.046 -0.010046 -0.00747865 0.041 -0.00938455 -0.00894427 0.041 -0.008 -0.00812738 0.046 -0.00882869 -0.00946969 0.046 -0.00737055 -0.0100023 0.0403736 -0.00662985 -0.0105537 0.046 -0.00571137 -0.010864 0.0396726 -0.00509633 -0.0114951 0.0389173 -0.00344412 -0.0113498 0.046 -0.00389639 -0.0118363 0.046 -0.00197514 -0.0118751 0.0381321 -0.00172657 -0.012 0.046 -1.46958e-18 -0.012 0.0373429 -1.46958e-18 -0.00294583 0.046 -0.0116328 -0.000990952 0.046 -0.011959 -0.00200906 0.041 -0.0118306 7.63833e-17 0.041 -0.012 0.000990952 0.046 -0.011959 0.00200906 0.041 -0.0118306 0.0100023 0.0403736 -0.00662985 0.010864 0.0396726 -0.00509633 0.0105537 0.046 -0.00571137 0.0113498 0.046 -0.00389639 0.0114951 0.0389173 -0.00344412 0.0118751 0.0381321 -0.00172657 0.0118363 0.046 -0.00197514 0.012 0.046 -3.85949e-18 0.012 0.0373429 -1.18531e-17 -0.00812738 0.046 -0.00882869 -0.00563004 0.046 -0.00495506 -0.00946969 0.046 -0.00737055 0.00695917 0.046 -0.00279642 0.0105537 0.046 -0.00571137 0.0113498 0.046 -0.00389639 -0.00471165 0.046 -0.00583527 -0.00656338 0.046 -0.010046 -0.00482034 0.046 -0.0109893 -0.00294583 0.046 -0.0116328 -0.00249855 0.046 -0.00707158 -0.00365771 0.046 -0.00654761 -0.00126751 0.046 -0.00739212 -0.000990952 0.046 -0.011959 0 0.046 -0.0075 0.00563004 0.046 -0.00495506 0.00471165 0.046 -0.00583527 0.00812738 0.046 -0.00882869 0.000990952 0.046 -0.011959 0.00518954 0.046 0.00541467 0.00602998 0.046 0.00445975 0.012 0.046 0.016 0.012 0.046 -3.85949e-18 0.00749324 0.046 -0.000318309 0.0118363 0.046 -0.00197514 0.00743925 0.046 0.000952634 0.00717125 0.046 0.00219617 0.00669694 0.046 0.00337653 0.00638647 0.046 -0.0039323 0.00733166 0.046 -0.00158009 -0.0105537 0.046 -0.00571137 -0.00638647 0.046 -0.0039323 0.00656338 0.046 -0.010046 0.00365771 0.046 -0.00654761 0.00482034 0.046 -0.0109893 -0.012 0.046 -1.46958e-18 -0.00749324 0.046 -0.000318309 -0.00743925 0.046 0.000952634 -0.0113498 0.046 -0.00389639 -0.00695917 0.046 -0.00279642 0.00126751 0.046 -0.00739212 0.00294583 0.046 -0.0116328 0.00249855 0.046 -0.00707158 -0.00308926 0.046 0.00683421 -0.00188984 0.046 0.007258 -0.012 0.046 0.016 -0.00733166 0.046 -0.00158009 -0.0118363 0.046 -0.00197514 -0.00717125 0.046 0.00219617 -0.00669694 0.046 0.00337653 -0.00602998 0.046 0.00445975 -0.00419981 0.046 0.00621382 -0.00518954 0.046 0.00541467 -0.000636044 0.046 0.00747298 0.000636044 0.046 0.00747298 0.00188984 0.046 0.007258 0.00419981 0.046 0.00621382 0.00308926 0.046 0.00683421 0.00946969 0.046 -0.00737055 0.012 0.0316 0.006 0.012 0.0307 1.46958e-18 0.012 0.0307 0.016 0.012 0.0346 0.006 0.012 0.046 -3.85949e-18 0.012 0.0373429 -1.18531e-17 0.012 0.046 0.016 0.012 0.0316 1.46958e-18 -0.012 0.0316 0.006 -0.012 0.0267 -1.46958e-18 -0.012 0.0316 -1.46958e-18 -0.012 0.0346 0.006 -0.012 0.046 -1.46958e-18 -0.012 0.046 0.016 -0.012 0.0267 0.016 -0.012 0.0373429 -1.46958e-18 0.00200906 0.041 -0.0118306 7.63833e-17 0.041 -0.012 -0.00200906 0.041 -0.0118306 -0.0039614 0.041 -0.0113273 0.0039614 0.041 -0.0113273 0.00580192 0.041 -0.0105042 -0.00580192 0.041 -0.0105042 0.00747865 0.041 -0.00938455 0.00825 0.041 -0.00825 -0.00747865 0.041 -0.00938455 -0.00825 0.041 -0.00825 -0.00894427 0.041 -0.008 -0.00825 0.041 -0.008 0.00894427 0.041 -0.008 0.00825 0.041 -0.008 -0.0105537 0.0316 -0.00571137 -0.00825 0.0316 -0.00825 -0.0113498 0.0316 -0.00389639 0.012 0.0316 0.006 0.00825 0.0316 0.006 0.012 0.0316 1.46958e-18 0.00825 0.0316 -0.00825 0.00656338 0.0316 -0.010046 0.00812738 0.0316 -0.00882869 -0.00946969 0.0316 -0.00737055 -0.00812738 0.0316 -0.00882869 0.00946969 0.0316 -0.00737055 0.0113498 0.0316 -0.00389639 0.0118363 0.0316 -0.00197514 0.0105537 0.0316 -0.00571137 0.00482034 0.0316 -0.0109893 0.00294583 0.0316 -0.0116328 -0.000990952 0.0316 -0.011959 0.000990952 0.0316 -0.011959 -0.00294583 0.0316 -0.0116328 -0.00482034 0.0316 -0.0109893 -0.00656338 0.0316 -0.010046 -0.00825 0.0316 0.006 -0.012 0.0316 -1.46958e-18 -0.0118363 0.0316 -0.00197514 -0.012 0.0316 0.006 -0.00825 0.0346 0.006 -0.00825 0.0316 0.006 -0.00825 0.0316 -0.00825 -0.00825 0.041 -0.008 -0.00825 0.041 -0.00825 0.00825 0.0316 -0.00825 0.00825 0.041 -0.008 0.00825 0.041 -0.00825 0.00825 0.0316 0.006 0.00825 0.0346 0.006 0.00825 0.041 -0.00825 -0.00825 0.041 -0.00825 -0.00825 0.0316 -0.00825 0.00825 0.0316 -0.00825 0.012 0.0373429 -1.18531e-17 0.0118751 0.0381321 -0.00172657 0.0114951 0.0389173 -0.00344412 0.010864 0.0396726 -0.00509633 0.00825 0.0346 0.006 0.00894427 0.041 -0.008 0.00825 0.041 -0.008 0.0100023 0.0403736 -0.00662985 0.012 0.0346 0.006 0.012 0.0316 0.006 0.012 0.0346 0.006 0.00825 0.0346 0.006 0.00825 0.0316 0.006 -0.012 0.0346 0.006 -0.00825 0.0316 0.006 -0.00825 0.0346 0.006 -0.012 0.0316 0.006 -0.0114951 0.0389173 -0.00344412 -0.0118751 0.0381321 -0.00172657 -0.012 0.0373429 -1.46958e-18 -0.012 0.0346 0.006 -0.00825 0.0346 0.006 -0.010864 0.0396726 -0.00509633 -0.0100023 0.0403736 -0.00662985 -0.00894427 0.041 -0.008 -0.00825 0.041 -0.008 0.0108277 0.05 -0.0062456 0.00968522 0.05 -0.00790214 0.00627875 0.05 -0.00410211 -0.00356961 0.05 -0.00659605 -0.00489809 0.05 -0.0115001 -0.0066791 0.05 -0.0105656 -0.002 0.05 0.012339 0.002 0.05 0.016 0.002 0.05 0.012339 0.00551793 0.05 -0.00507961 0.00829169 0.05 -0.00935393 0.0116895 0.05 -0.00442727 0.0068683 0.05 -0.00301272 0.0122484 0.05 -0.00249429 0.0072705 0.05 -0.00184114 0.0124899 0.05 -0.000496766 0.00747438 0.05 -0.000619345 0.00668322 0.05 -0.0105633 0.0046066 0.05 -0.00591855 0.00747438 0.05 0.000619345 0.0124077 0.05 0.00151352 0.00356961 0.05 -0.00659605 0.00490148 0.05 -0.0114989 0.0072705 0.05 0.00184114 0.0120042 0.05 0.0034845 0.0068683 0.05 0.00301272 0.0112897 0.05 0.00536509 0.00299266 0.05 -0.0121365 0.00100625 0.05 -0.0124594 0.00123446 0.05 -0.00739771 -0.00100544 0.05 -0.0124594 0 0.05 -0.0075 -0.0029904 0.05 -0.0121369 -0.00123446 0.05 -0.00739771 0.00900984 0.05 0.00866401 0.00627875 0.05 0.00410211 0.00551793 0.05 0.00507961 -0.00243525 0.05 -0.00709363 0.0046066 0.05 0.00591855 0.00580318 0.05 0.011071 0.00750358 0.05 0.00999697 4.24915e-18 0.05 0.0075 -0.00123446 0.05 0.00739771 -0.0039542 0.05 0.0118581 -0.00243525 0.05 0.00709363 -0.00356961 0.05 0.00659605 -0.010824 0.05 -0.00625159 -0.0116868 0.05 -0.00443416 -0.0068683 0.05 -0.00301272 -0.00551793 0.05 0.00507961 -0.00750707 0.05 0.00999465 -0.0046066 0.05 0.00591855 -0.0124087 0.05 0.00150604 -0.00747438 0.05 0.000619345 -0.0124896 0.05 -0.000504449 -0.00627875 0.05 0.00410211 -0.00901363 0.05 0.00866043 -0.0102865 0.05 0.00710177 -0.0068683 0.05 0.00301272 -0.0072705 0.05 0.00184114 -0.0120063 0.05 0.00347759 -0.0112928 0.05 0.00535909 0.0102829 0.05 0.00710662 -0.00747438 0.05 -0.000619345 -0.0122468 0.05 -0.00250177 -0.00580589 0.05 0.0110698 -0.0072705 0.05 -0.00184114 -0.00968098 0.05 -0.00790698 -0.00627875 0.05 -0.00410211 -0.00828729 0.05 -0.0093575 -0.00551793 0.05 -0.00507961 -0.002 0.05 0.016 -0.0046066 0.05 -0.00591855 0.00356961 0.05 0.00659605 0.00243525 0.05 0.00709363 0.0039542 0.05 0.0118581 0.00243525 0.05 -0.00709363 0.00123446 0.05 0.00739771 -0.0439185 -0.0239309 -0.00739771 -0.0433013 -0.025 -0.0075 -0.0398372 -0.023 -0.0075 -0.0456046 -0.0210106 -0.00591855 -0.0450861 -0.0219086 -0.00659605 -0.041666 -0.0198323 -0.00654761 -0.0445189 -0.022891 -0.00709363 -0.0404709 -0.0219023 -0.00739212 -0.0410864 -0.0208362 -0.00707158 -0.0430304 -0.0174692 -0.0039323 -0.0467354 -0.0190519 -0.00301272 -0.0464406 -0.0195624 -0.00410211 -0.042193 -0.0189196 -0.00583527 -0.0426522 -0.0181242 -0.00495506 -0.0460602 -0.0202213 -0.00507961 -0.0470385 -0.018527 -0.000619345 -0.0435838 -0.0165107 -0.000318309 -0.0470385 -0.018527 0.000619345 -0.0469365 -0.0187036 -0.00184114 -0.0433168 -0.0169732 -0.00279642 -0.043503 -0.0166506 -0.00158009 -0.0464406 -0.0195624 0.00410211 -0.0467354 -0.0190519 0.00301272 -0.0431856 -0.0172003 0.00337653 -0.0434228 -0.0167895 0.00219617 -0.0469365 -0.0187036 0.00184114 -0.0435568 -0.0165574 0.000952634 -0.0419371 -0.0193629 0.00621382 -0.0450861 -0.0219086 0.00659605 -0.0456046 -0.0210106 0.00591855 -0.0428522 -0.0177779 0.00445975 -0.0424319 -0.0185057 0.00541467 -0.0460602 -0.0202213 0.00507961 -0.0439185 -0.0239309 0.00739771 -0.0401552 -0.0224492 0.00747298 -0.0433013 -0.025 0.0075 -0.0445189 -0.022891 0.00709363 -0.0413818 -0.0203246 0.00683421 -0.0407821 -0.0213634 0.007258 -0.0415165 -0.0280914 0.00659605 -0.0420836 -0.027109 0.00709363 -0.0382925 -0.0256754 0.00683421 -0.0388923 -0.0246366 0.007258 -0.042684 -0.0260691 0.00739771 -0.0395191 -0.0235508 0.00747298 -0.0368222 -0.0282221 0.00445975 -0.0401619 -0.0304376 0.00410211 -0.0405423 -0.0297787 0.00507961 -0.0377373 -0.0266371 0.00621382 -0.0372424 -0.0274943 0.00541467 -0.040998 -0.0289894 0.00591855 -0.039666 -0.0312964 0.00184114 -0.0361175 -0.0294426 0.000952634 -0.0395641 -0.031473 0.000619345 -0.0398671 -0.0309481 0.00301272 -0.0364887 -0.0287997 0.00337653 -0.0362515 -0.0292105 0.00219617 -0.0360905 -0.0294893 -0.000318309 -0.0361713 -0.0293494 -0.00158009 -0.0395641 -0.031473 -0.000619345 -0.0363576 -0.0290268 -0.00279642 -0.039666 -0.0312964 -0.00184114 -0.0398671 -0.0309481 -0.00301272 -0.0366439 -0.0285308 -0.0039323 -0.0370221 -0.0278758 -0.00495506 -0.0401619 -0.0304376 -0.00410211 -0.0374813 -0.0270804 -0.00583527 -0.0405423 -0.0297787 -0.00507961 -0.040998 -0.0289894 -0.00591855 -0.0380083 -0.0261677 -0.00654761 -0.0385879 -0.0251638 -0.00707158 -0.0415165 -0.0280914 -0.00659605 -0.0392034 -0.0240977 -0.00739212 -0.0420836 -0.027109 -0.00709363 -0.042684 -0.0260691 -0.00739771 -0.0332846 -0.00554943 -0.00197514 -0.029041 -0.00309943 -0.00197514 -0.031721 -0.00445769 -3.85949e-18 -0.0291229 -0.0029577 1.46958e-18 -0.0278577 -0.00514901 -0.00737055 -0.0283997 -0.00421024 -0.00571137 -0.0326432 -0.00666024 -0.00571137 -0.0287978 -0.00352078 -0.00389639 -0.0330413 -0.00597078 -0.00389639 -0.0306481 -0.0101159 -0.010046 -0.0255331 -0.00917546 -0.0109893 -0.0264046 -0.00766595 -0.010046 -0.0321012 -0.00759901 -0.00737055 -0.0314301 -0.00876148 -0.00882869 -0.0271866 -0.00631148 -0.00882869 -0.0236184 -0.0124918 -0.011959 -0.0278619 -0.0149418 -0.011959 -0.0226274 -0.0142082 -0.011959 -0.0245958 -0.0107988 -0.0116328 -0.0297766 -0.0116255 -0.0109893 -0.0288393 -0.0132488 -0.0116328 -0.0198412 -0.0190341 -0.010046 -0.0207127 -0.0175245 -0.0109893 -0.0249562 -0.0199745 -0.0109893 -0.0258935 -0.0183512 -0.0116328 -0.02165 -0.0159012 -0.0116328 -0.0268709 -0.0166582 -0.011959 -0.0226316 -0.024001 -0.00737055 -0.018388 -0.021551 -0.00737055 -0.0233027 -0.0228385 -0.00882869 -0.0240847 -0.0214841 -0.010046 -0.0190592 -0.0203885 -0.00882869 -0.017846 -0.0224898 -0.00571137 -0.0220896 -0.0249398 -0.00571137 -0.0216915 -0.0256292 -0.00389639 -0.017448 -0.0231792 -0.00389639 -0.0214482 -0.0260506 -0.00197514 -0.0172047 -0.0236006 -0.00197514 -0.0171229 -0.0237423 4.44089e-18 -0.0213664 -0.0261923 1.98467e-17 -0.0333664 -0.0054077 -3.85949e-18 -0.0399792 -0.012754 -0.008 -0.044572 -0.014799 -0.00737055 -0.0439009 -0.0159615 -0.00882869 -0.0383399 -0.00827912 -1.18531e-17 -0.0458372 -0.0126077 -3.85949e-18 -0.038961 -0.0087819 -0.00172657 -0.0392464 -0.0140233 -0.00938455 -0.0431189 -0.0173159 -0.010046 -0.038408 -0.0154754 -0.0105042 -0.0422473 -0.0188255 -0.0109893 -0.0335263 -0.0239307 -0.0113273 -0.037427 -0.0271745 -0.0109893 -0.0326061 -0.0255246 -0.0105042 -0.0374877 -0.0170693 -0.0113273 -0.0413101 -0.0204488 -0.0116328 -0.0365555 -0.0286841 -0.010046 -0.0317677 -0.0269767 -0.00938455 -0.0310349 -0.028246 -0.008 -0.0357735 -0.0300385 -0.00882869 -0.0351023 -0.031201 -0.00737055 -0.0299635 -0.028849 -0.00662985 -0.0345603 -0.0321398 -0.00571137 -0.0289255 -0.0292448 -0.00509633 -0.0279558 -0.0294137 -0.00344412 -0.0341623 -0.0328292 -0.00389639 -0.033919 -0.0332506 -0.00197514 -0.0270858 -0.0293502 -0.00172657 -0.0338372 -0.0333923 -1.46958e-18 -0.0263399 -0.0290637 -1.46958e-18 -0.0383643 -0.0255512 -0.0116328 -0.0393417 -0.0238582 -0.011959 -0.0345025 -0.0222399 -0.0118306 -0.035507 -0.0205 -0.012 -0.0403326 -0.0221418 -0.011959 -0.0365116 -0.0187601 -0.0118306 -0.0399657 -0.0115246 -0.00662985 -0.0397895 -0.0104278 -0.00509633 -0.045114 -0.0138602 -0.00571137 -0.0455121 -0.0131708 -0.00389639 -0.0394509 -0.00950358 -0.00344412 -0.0457553 -0.0127494 -0.00197514 -0.0357735 -0.0300385 -0.00882869 -0.0370221 -0.0278758 -0.00495506 -0.0351023 -0.031201 -0.00737055 -0.0433168 -0.0169732 -0.00279642 -0.045114 -0.0138602 -0.00571137 -0.0455121 -0.0131708 -0.00389639 -0.0374813 -0.0270804 -0.00583527 -0.0365555 -0.0286841 -0.010046 -0.037427 -0.0271745 -0.0109893 -0.0383643 -0.0255512 -0.0116328 -0.0385879 -0.0251638 -0.00707158 -0.0380083 -0.0261677 -0.00654761 -0.0392034 -0.0240977 -0.00739212 -0.0393417 -0.0238582 -0.011959 -0.0398372 -0.023 -0.0075 -0.0426522 -0.0181242 -0.00495506 -0.042193 -0.0189196 -0.00583527 -0.0439009 -0.0159615 -0.00882869 -0.0403326 -0.0221418 -0.011959 -0.0424319 -0.0185057 0.00541467 -0.0428522 -0.0177779 0.00445975 -0.0458372 -0.0126077 0.016 -0.0458372 -0.0126077 -3.85949e-18 -0.0435838 -0.0165107 -0.000318309 -0.0457553 -0.0127494 -0.00197514 -0.0435568 -0.0165574 0.000952634 -0.0434228 -0.0167895 0.00219617 -0.0431856 -0.0172003 0.00337653 -0.0430304 -0.0174692 -0.0039323 -0.043503 -0.0166506 -0.00158009 -0.0345603 -0.0321398 -0.00571137 -0.0366439 -0.0285308 -0.0039323 -0.0431189 -0.0173159 -0.010046 -0.041666 -0.0198323 -0.00654761 -0.0422473 -0.0188255 -0.0109893 -0.0338372 -0.0333923 -1.46958e-18 -0.0360905 -0.0294893 -0.000318309 -0.0361175 -0.0294426 0.000952634 -0.0341623 -0.0328292 -0.00389639 -0.0363576 -0.0290268 -0.00279642 -0.0404709 -0.0219023 -0.00739212 -0.0413101 -0.0204488 -0.0116328 -0.0410864 -0.0208362 -0.00707158 -0.0382925 -0.0256754 0.00683421 -0.0388923 -0.0246366 0.007258 -0.0338372 -0.0333923 0.016 -0.0361713 -0.0293494 -0.00158009 -0.033919 -0.0332506 -0.00197514 -0.0362515 -0.0292105 0.00219617 -0.0364887 -0.0287997 0.00337653 -0.0368222 -0.0282221 0.00445975 -0.0377373 -0.0266371 0.00621382 -0.0372424 -0.0274943 0.00541467 -0.0395191 -0.0235508 0.00747298 -0.0401552 -0.0224492 0.00747298 -0.0407821 -0.0213634 0.007258 -0.0419371 -0.0193629 0.00621382 -0.0413818 -0.0203246 0.00683421 -0.044572 -0.014799 -0.00737055 -0.0333664 -0.0054077 0.006 -0.031721 -0.00445769 -3.85949e-18 -0.031721 -0.00445769 0.016 -0.0359645 -0.0069077 0.006 -0.0458372 -0.0126077 -3.85949e-18 -0.0383399 -0.00827912 -1.18531e-17 -0.0458372 -0.0126077 0.016 -0.0333664 -0.0054077 -3.85949e-18 -0.0213664 -0.0261923 0.006 -0.0171229 -0.0237423 4.44089e-18 -0.0213664 -0.0261923 1.98467e-17 -0.0239645 -0.0276923 0.006 -0.0338372 -0.0333923 -1.46958e-18 -0.0338372 -0.0333923 0.016 -0.0171229 -0.0237423 0.016 -0.0263399 -0.0290637 -1.46958e-18 -0.0365116 -0.0187601 -0.0118306 -0.035507 -0.0205 -0.012 -0.0345025 -0.0222399 -0.0118306 -0.0335263 -0.0239307 -0.0113273 -0.0374877 -0.0170693 -0.0113273 -0.038408 -0.0154754 -0.0105042 -0.0326061 -0.0255246 -0.0105042 -0.0392464 -0.0140233 -0.00938455 -0.039632 -0.0133553 -0.00825 -0.0317677 -0.0269767 -0.00938455 -0.031382 -0.0276447 -0.00825 -0.0310349 -0.028246 -0.008 -0.031382 -0.0276447 -0.008 -0.0399792 -0.012754 -0.008 -0.039632 -0.0133553 -0.008 -0.0220896 -0.0249398 -0.00571137 -0.0232414 -0.0229447 -0.00825 -0.0216915 -0.0256292 -0.00389639 -0.0333664 -0.0054077 0.006 -0.0314914 -0.00865529 0.006 -0.0333664 -0.0054077 -3.85949e-18 -0.0314914 -0.00865529 -0.00825 -0.0306481 -0.0101159 -0.010046 -0.0314301 -0.00876148 -0.00882869 -0.0226316 -0.024001 -0.00737055 -0.0233027 -0.0228385 -0.00882869 -0.0321012 -0.00759901 -0.00737055 -0.0330413 -0.00597078 -0.00389639 -0.0332846 -0.00554943 -0.00197514 -0.0326432 -0.00666024 -0.00571137 -0.0297766 -0.0116255 -0.0109893 -0.0288393 -0.0132488 -0.0116328 -0.0268709 -0.0166582 -0.011959 -0.0278619 -0.0149418 -0.011959 -0.0258935 -0.0183512 -0.0116328 -0.0249562 -0.0199745 -0.0109893 -0.0240847 -0.0214841 -0.010046 -0.0232414 -0.0229447 0.006 -0.0213664 -0.0261923 1.98467e-17 -0.0214482 -0.0260506 -0.00197514 -0.0213664 -0.0261923 0.006 -0.0258395 -0.0244447 0.006 -0.0232414 -0.0229447 0.006 -0.0232414 -0.0229447 -0.00825 -0.031382 -0.0276447 -0.008 -0.031382 -0.0276447 -0.00825 -0.0314914 -0.00865529 -0.00825 -0.039632 -0.0133553 -0.008 -0.039632 -0.0133553 -0.00825 -0.0314914 -0.00865529 0.006 -0.0340895 -0.0101553 0.006 -0.039632 -0.0133553 -0.00825 -0.031382 -0.0276447 -0.00825 -0.0232414 -0.0229447 -0.00825 -0.0314914 -0.00865529 -0.00825 -0.0383399 -0.00827912 -1.18531e-17 -0.038961 -0.0087819 -0.00172657 -0.0394509 -0.00950358 -0.00344412 -0.0397895 -0.0104278 -0.00509633 -0.0340895 -0.0101553 0.006 -0.0399792 -0.012754 -0.008 -0.039632 -0.0133553 -0.008 -0.0399657 -0.0115246 -0.00662985 -0.0359645 -0.0069077 0.006 -0.0333664 -0.0054077 0.006 -0.0359645 -0.0069077 0.006 -0.0340895 -0.0101553 0.006 -0.0314914 -0.00865529 0.006 -0.0239645 -0.0276923 0.006 -0.0232414 -0.0229447 0.006 -0.0258395 -0.0244447 0.006 -0.0213664 -0.0261923 0.006 -0.0279558 -0.0294137 -0.00344412 -0.0270858 -0.0293502 -0.00172657 -0.0263399 -0.0290637 -1.46958e-18 -0.0239645 -0.0276923 0.006 -0.0258395 -0.0244447 0.006 -0.0289255 -0.0292448 -0.00509633 -0.0299635 -0.028849 -0.00662985 -0.0310349 -0.028246 -0.008 -0.031382 -0.0276447 -0.008 -0.0487151 -0.0156229 -0.0062456 -0.0481439 -0.0166124 -0.00790214 -0.0464406 -0.0195624 -0.00410211 -0.0415165 -0.0280914 -0.00659605 -0.0408522 -0.0292419 -0.0115001 -0.0399617 -0.0307843 -0.0105656 -0.0423013 -0.026732 0.012339 -0.0443013 -0.023268 0.016 -0.0443013 -0.023268 0.012339 -0.0460602 -0.0202213 -0.00507961 -0.0474471 -0.0178192 -0.00935393 -0.049146 -0.0148766 -0.00442727 -0.0467354 -0.0190519 -0.00301272 -0.0494255 -0.0143926 -0.00249429 -0.0469365 -0.0187036 -0.00184114 -0.0495462 -0.0141835 -0.000496766 -0.0470385 -0.018527 -0.000619345 -0.0466429 -0.0192122 -0.0105633 -0.0456046 -0.0210106 -0.00591855 -0.0470385 -0.018527 0.000619345 -0.0495051 -0.0142546 0.00151352 -0.0450861 -0.0219086 -0.00659605 -0.045752 -0.0207552 -0.0114989 -0.0469365 -0.0187036 0.00184114 -0.0493034 -0.0146041 0.0034845 -0.0467354 -0.0190519 0.00301272 -0.0489461 -0.0152228 0.00536509 -0.0447976 -0.0224083 -0.0121365 -0.0438044 -0.0241286 -0.0124594 -0.0439185 -0.0239309 -0.00739771 -0.0427985 -0.0258707 -0.0124594 -0.0433013 -0.025 -0.0075 -0.0418061 -0.0275898 -0.0121369 -0.042684 -0.0260691 -0.00739771 -0.0478062 -0.0171973 0.00866401 -0.0464406 -0.0195624 0.00410211 -0.0460602 -0.0202213 0.00507961 -0.0420836 -0.027109 -0.00709363 -0.0456046 -0.0210106 0.00591855 -0.0462029 -0.0199743 0.011071 -0.0470531 -0.0185017 0.00999697 -0.0433013 -0.025 0.0075 -0.042684 -0.0260691 0.00739771 -0.0413242 -0.0284244 0.0118581 -0.0420836 -0.027109 0.00709363 -0.0415165 -0.0280914 0.00659605 -0.0378893 -0.0343739 -0.00625159 -0.0374579 -0.035121 -0.00443416 -0.0398671 -0.0309481 -0.00301272 -0.0405423 -0.0297787 0.00507961 -0.0395477 -0.0315013 0.00999465 -0.040998 -0.0289894 0.00591855 -0.0370969 -0.0357463 0.00150604 -0.0395641 -0.031473 0.000619345 -0.0370565 -0.0358163 -0.000504449 -0.0401619 -0.0304376 0.00410211 -0.0387945 -0.032806 0.00866043 -0.038158 -0.0339084 0.00710177 -0.0398671 -0.0309481 0.00301272 -0.039666 -0.0312964 0.00184114 -0.0372981 -0.0353978 0.00347759 -0.0376549 -0.0347798 0.00535909 -0.0484427 -0.0160948 0.00710662 -0.0395641 -0.031473 -0.000619345 -0.0371779 -0.035606 -0.00250177 -0.0403983 -0.030028 0.0110698 -0.039666 -0.0312964 -0.00184114 -0.0384608 -0.033384 -0.00790698 -0.0401619 -0.0304376 -0.00410211 -0.0391576 -0.032177 -0.0093575 -0.0405423 -0.0297787 -0.00507961 -0.0423013 -0.026732 0.016 -0.040998 -0.0289894 -0.00591855 -0.0450861 -0.0219086 0.00659605 -0.0445189 -0.022891 0.00709363 -0.0452784 -0.0215756 0.0118581 -0.0445189 -0.022891 -0.00709363 -0.0439185 -0.0239309 0.00739771 0.042684 -0.0260691 -0.00739771 0.0433013 -0.025 -0.0075 0.0398372 -0.023 -0.0075 0.040998 -0.0289894 -0.00591855 0.0415165 -0.0280914 -0.00659605 0.0380083 -0.0261677 -0.00654761 0.0420836 -0.027109 -0.00709363 0.0392034 -0.0240977 -0.00739212 0.0385879 -0.0251638 -0.00707158 0.0366439 -0.0285308 -0.0039323 0.0398671 -0.0309481 -0.00301272 0.0401619 -0.0304376 -0.00410211 0.0374813 -0.0270804 -0.00583527 0.0370221 -0.0278758 -0.00495506 0.0405423 -0.0297787 -0.00507961 0.0395641 -0.031473 -0.000619345 0.0360905 -0.0294893 -0.000318309 0.0395641 -0.031473 0.000619345 0.039666 -0.0312964 -0.00184114 0.0363576 -0.0290268 -0.00279642 0.0361713 -0.0293494 -0.00158009 0.0401619 -0.0304376 0.00410211 0.0398671 -0.0309481 0.00301272 0.0364887 -0.0287997 0.00337653 0.0362515 -0.0292105 0.00219617 0.039666 -0.0312964 0.00184114 0.0361175 -0.0294426 0.000952634 0.0377373 -0.0266371 0.00621382 0.0415165 -0.0280914 0.00659605 0.040998 -0.0289894 0.00591855 0.0368222 -0.0282221 0.00445975 0.0372424 -0.0274943 0.00541467 0.0405423 -0.0297787 0.00507961 0.042684 -0.0260691 0.00739771 0.0395191 -0.0235508 0.00747298 0.0433013 -0.025 0.0075 0.0420836 -0.027109 0.00709363 0.0382925 -0.0256754 0.00683421 0.0388923 -0.0246366 0.007258 0.0450861 -0.0219086 0.00659605 0.0445189 -0.022891 0.00709363 0.0413818 -0.0203246 0.00683421 0.0407821 -0.0213634 0.007258 0.0439185 -0.0239309 0.00739771 0.0401552 -0.0224492 0.00747298 0.0428522 -0.0177779 0.00445975 0.0464406 -0.0195624 0.00410211 0.0460602 -0.0202213 0.00507961 0.0419371 -0.0193629 0.00621382 0.0424319 -0.0185057 0.00541467 0.0456046 -0.0210106 0.00591855 0.0469365 -0.0187036 0.00184114 0.0435568 -0.0165574 0.000952634 0.0470385 -0.018527 0.000619345 0.0467354 -0.0190519 0.00301272 0.0431856 -0.0172003 0.00337653 0.0434228 -0.0167895 0.00219617 0.0435838 -0.0165107 -0.000318309 0.043503 -0.0166506 -0.00158009 0.0470385 -0.018527 -0.000619345 0.0433168 -0.0169732 -0.00279642 0.0469365 -0.0187036 -0.00184114 0.0467354 -0.0190519 -0.00301272 0.0430304 -0.0174692 -0.0039323 0.0426522 -0.0181242 -0.00495506 0.0464406 -0.0195624 -0.00410211 0.042193 -0.0189196 -0.00583527 0.0460602 -0.0202213 -0.00507961 0.0456046 -0.0210106 -0.00591855 0.041666 -0.0198323 -0.00654761 0.0410864 -0.0208362 -0.00707158 0.0450861 -0.0219086 -0.00659605 0.0404709 -0.0219023 -0.00739212 0.0445189 -0.022891 -0.00709363 0.0439185 -0.0239309 -0.00739771 0.0310349 -0.028246 -0.008 0.0351023 -0.031201 -0.00737055 0.0357735 -0.0300385 -0.00882869 0.0317677 -0.0269767 -0.00938455 0.0365555 -0.0286841 -0.010046 0.0326061 -0.0255246 -0.0105042 0.037427 -0.0271745 -0.0109893 0.0374877 -0.0170693 -0.0113273 0.0422473 -0.0188255 -0.0109893 0.038408 -0.0154754 -0.0105042 0.0335263 -0.0239307 -0.0113273 0.0383643 -0.0255512 -0.0116328 0.0431189 -0.0173159 -0.010046 0.0392464 -0.0140233 -0.00938455 0.0399792 -0.012754 -0.008 0.0439009 -0.0159615 -0.00882869 0.044572 -0.014799 -0.00737055 0.0399657 -0.0115246 -0.00662985 0.045114 -0.0138602 -0.00571137 0.0397895 -0.0104278 -0.00509633 0.0394509 -0.00950358 -0.00344412 0.0455121 -0.0131708 -0.00389639 0.0457553 -0.0127494 -0.00197514 0.038961 -0.0087819 -0.00172657 0.0458372 -0.0126077 -1.46958e-18 0.0383399 -0.00827912 -1.46958e-18 0.0413101 -0.0204488 -0.0116328 0.0403326 -0.0221418 -0.011959 0.0365116 -0.0187601 -0.0118306 0.035507 -0.0205 -0.012 0.0393417 -0.0238582 -0.011959 0.0345025 -0.0222399 -0.0118306 0.0299635 -0.028849 -0.00662985 0.0289255 -0.0292448 -0.00509633 0.0345603 -0.0321398 -0.00571137 0.0341623 -0.0328292 -0.00389639 0.0279558 -0.0294137 -0.00344412 0.0270858 -0.0293502 -0.00172657 0.033919 -0.0332506 -0.00197514 0.0338372 -0.0333923 -3.55271e-18 0.0263399 -0.0290637 -3.55271e-18 0.0439009 -0.0159615 -0.00882869 0.0426522 -0.0181242 -0.00495506 0.044572 -0.014799 -0.00737055 0.0363576 -0.0290268 -0.00279642 0.0345603 -0.0321398 -0.00571137 0.0341623 -0.0328292 -0.00389639 0.042193 -0.0189196 -0.00583527 0.0431189 -0.0173159 -0.010046 0.0422473 -0.0188255 -0.0109893 0.0413101 -0.0204488 -0.0116328 0.0410864 -0.0208362 -0.00707158 0.041666 -0.0198323 -0.00654761 0.0404709 -0.0219023 -0.00739212 0.0403326 -0.0221418 -0.011959 0.0398372 -0.023 -0.0075 0.0370221 -0.0278758 -0.00495506 0.0374813 -0.0270804 -0.00583527 0.0357735 -0.0300385 -0.00882869 0.0393417 -0.0238582 -0.011959 0.0372424 -0.0274943 0.00541467 0.0368222 -0.0282221 0.00445975 0.0338372 -0.0333923 0.016 0.0338372 -0.0333923 -3.55271e-18 0.0360905 -0.0294893 -0.000318309 0.033919 -0.0332506 -0.00197514 0.0361175 -0.0294426 0.000952634 0.0362515 -0.0292105 0.00219617 0.0364887 -0.0287997 0.00337653 0.0366439 -0.0285308 -0.0039323 0.0361713 -0.0293494 -0.00158009 0.045114 -0.0138602 -0.00571137 0.0430304 -0.0174692 -0.0039323 0.0365555 -0.0286841 -0.010046 0.0380083 -0.0261677 -0.00654761 0.037427 -0.0271745 -0.0109893 0.0458372 -0.0126077 -1.46958e-18 0.0435838 -0.0165107 -0.000318309 0.0435568 -0.0165574 0.000952634 0.0455121 -0.0131708 -0.00389639 0.0433168 -0.0169732 -0.00279642 0.0392034 -0.0240977 -0.00739212 0.0383643 -0.0255512 -0.0116328 0.0385879 -0.0251638 -0.00707158 0.0413818 -0.0203246 0.00683421 0.0407821 -0.0213634 0.007258 0.0458372 -0.0126077 0.016 0.043503 -0.0166506 -0.00158009 0.0457553 -0.0127494 -0.00197514 0.0434228 -0.0167895 0.00219617 0.0431856 -0.0172003 0.00337653 0.0428522 -0.0177779 0.00445975 0.0419371 -0.0193629 0.00621382 0.0424319 -0.0185057 0.00541467 0.0401552 -0.0224492 0.00747298 0.0395191 -0.0235508 0.00747298 0.0388923 -0.0246366 0.007258 0.0377373 -0.0266371 0.00621382 0.0382925 -0.0256754 0.00683421 0.0351023 -0.031201 -0.00737055 0.0333664 -0.0054077 0.006 0.0291229 -0.0029577 -1.46958e-18 0.0333664 -0.0054077 1.98467e-17 0.0359645 -0.0069077 0.006 0.0458372 -0.0126077 -1.46958e-18 0.0458372 -0.0126077 0.016 0.0291229 -0.0029577 0.016 0.0383399 -0.00827912 -1.46958e-18 0.0345025 -0.0222399 -0.0118306 0.035507 -0.0205 -0.012 0.0365116 -0.0187601 -0.0118306 0.0374877 -0.0170693 -0.0113273 0.0335263 -0.0239307 -0.0113273 0.0326061 -0.0255246 -0.0105042 0.038408 -0.0154754 -0.0105042 0.0317677 -0.0269767 -0.00938455 0.031382 -0.0276447 -0.00825 0.0392464 -0.0140233 -0.00938455 0.039632 -0.0133553 -0.00825 0.0399792 -0.012754 -0.008 0.039632 -0.0133553 -0.008 0.0310349 -0.028246 -0.008 0.031382 -0.0276447 -0.008 0.0326432 -0.00666024 -0.00571137 0.0314914 -0.00865529 -0.00825 0.0330413 -0.00597078 -0.00389639 0.0213664 -0.0261923 0.006 0.0232414 -0.0229447 0.006 0.0213664 -0.0261923 1.46958e-18 0.0232414 -0.0229447 -0.00825 0.0240847 -0.0214841 -0.010046 0.0233027 -0.0228385 -0.00882869 0.0321012 -0.00759901 -0.00737055 0.0314301 -0.00876148 -0.00882869 0.0226316 -0.024001 -0.00737055 0.0216915 -0.0256292 -0.00389639 0.0214482 -0.0260506 -0.00197514 0.0220896 -0.0249398 -0.00571137 0.0249562 -0.0199745 -0.0109893 0.0258935 -0.0183512 -0.0116328 0.0278619 -0.0149418 -0.011959 0.0268709 -0.0166582 -0.011959 0.0288393 -0.0132488 -0.0116328 0.0297766 -0.0116255 -0.0109893 0.0306481 -0.0101159 -0.010046 0.0314914 -0.00865529 0.006 0.0333664 -0.0054077 1.98467e-17 0.0332846 -0.00554943 -0.00197514 0.0333664 -0.0054077 0.006 0.0340895 -0.0101553 0.006 0.0314914 -0.00865529 0.006 0.0314914 -0.00865529 -0.00825 0.039632 -0.0133553 -0.008 0.039632 -0.0133553 -0.00825 0.0232414 -0.0229447 -0.00825 0.031382 -0.0276447 -0.008 0.031382 -0.0276447 -0.00825 0.0232414 -0.0229447 0.006 0.0258395 -0.0244447 0.006 0.031382 -0.0276447 -0.00825 0.039632 -0.0133553 -0.00825 0.0314914 -0.00865529 -0.00825 0.0232414 -0.0229447 -0.00825 0.0263399 -0.0290637 -3.55271e-18 0.0270858 -0.0293502 -0.00172657 0.0279558 -0.0294137 -0.00344412 0.0289255 -0.0292448 -0.00509633 0.0258395 -0.0244447 0.006 0.0310349 -0.028246 -0.008 0.031382 -0.0276447 -0.008 0.0299635 -0.028849 -0.00662985 0.0239645 -0.0276923 0.006 0.0213664 -0.0261923 0.006 0.0239645 -0.0276923 0.006 0.0258395 -0.0244447 0.006 0.0232414 -0.0229447 0.006 0.0359645 -0.0069077 0.006 0.0314914 -0.00865529 0.006 0.0340895 -0.0101553 0.006 0.0333664 -0.0054077 0.006 0.0394509 -0.00950358 -0.00344412 0.038961 -0.0087819 -0.00172657 0.0383399 -0.00827912 -1.46958e-18 0.0359645 -0.0069077 0.006 0.0340895 -0.0101553 0.006 0.0397895 -0.0104278 -0.00509633 0.0399657 -0.0115246 -0.00662985 0.0399792 -0.012754 -0.008 0.039632 -0.0133553 -0.008 0.0378874 -0.0343771 -0.0062456 0.0384587 -0.0333876 -0.00790214 0.0401619 -0.0304376 -0.00410211 0.0450861 -0.0219086 -0.00659605 0.0457503 -0.0207581 -0.0115001 0.0466408 -0.0192157 -0.0105656 0.0443013 -0.023268 0.012339 0.0423013 -0.026732 0.016 0.0423013 -0.026732 0.012339 0.0405423 -0.0297787 -0.00507961 0.0391554 -0.0321808 -0.00935393 0.0374565 -0.0351234 -0.00442727 0.0398671 -0.0309481 -0.00301272 0.0371771 -0.0356074 -0.00249429 0.039666 -0.0312964 -0.00184114 0.0370563 -0.0358165 -0.000496766 0.0395641 -0.031473 -0.000619345 0.0399597 -0.0307878 -0.0105633 0.040998 -0.0289894 -0.00591855 0.0395641 -0.031473 0.000619345 0.0370974 -0.0357454 0.00151352 0.0415165 -0.0280914 -0.00659605 0.0408505 -0.0292448 -0.0114989 0.039666 -0.0312964 0.00184114 0.0372992 -0.0353959 0.0034845 0.0398671 -0.0309481 0.00301272 0.0376564 -0.0347772 0.00536509 0.0418049 -0.0275917 -0.0121365 0.0427981 -0.0258714 -0.0124594 0.042684 -0.0260691 -0.00739771 0.043804 -0.0241293 -0.0124594 0.0433013 -0.025 -0.0075 0.0447965 -0.0224102 -0.0121369 0.0439185 -0.0239309 -0.00739771 0.0387964 -0.0328027 0.00866401 0.0401619 -0.0304376 0.00410211 0.0405423 -0.0297787 0.00507961 0.0445189 -0.022891 -0.00709363 0.040998 -0.0289894 0.00591855 0.0403997 -0.0300257 0.011071 0.0395495 -0.0314983 0.00999697 0.0433013 -0.025 0.0075 0.0439185 -0.0239309 0.00739771 0.0452784 -0.0215756 0.0118581 0.0445189 -0.022891 0.00709363 0.0450861 -0.0219086 0.00659605 0.0487133 -0.0156261 -0.00625159 0.0491447 -0.014879 -0.00443416 0.0467354 -0.0190519 -0.00301272 0.0460602 -0.0202213 0.00507961 0.0470548 -0.0184987 0.00999465 0.0456046 -0.0210106 0.00591855 0.0495056 -0.0142537 0.00150604 0.0470385 -0.018527 0.000619345 0.0495461 -0.0141837 -0.000504449 0.0464406 -0.0195624 0.00410211 0.0478081 -0.017194 0.00866043 0.0484445 -0.0160916 0.00710177 0.0467354 -0.0190519 0.00301272 0.0469365 -0.0187036 0.00184114 0.0493044 -0.0146022 0.00347759 0.0489477 -0.0152202 0.00535909 0.0381598 -0.0339052 0.00710662 0.0470385 -0.018527 -0.000619345 0.0494247 -0.014394 -0.00250177 0.0462042 -0.0199719 0.0110698 0.0469365 -0.0187036 -0.00184114 0.0481418 -0.016616 -0.00790698 0.0464406 -0.0195624 -0.00410211 0.0474449 -0.017823 -0.0093575 0.0460602 -0.0202213 -0.00507961 0.0443013 -0.023268 0.016 0.0456046 -0.0210106 -0.00591855 0.0415165 -0.0280914 0.00659605 0.0420836 -0.027109 0.00709363 0.0413242 -0.0284244 0.0118581 0.0420836 -0.027109 -0.00709363 0.042684 -0.0260691 0.00739771 -0.0681888 0.0208936 0.016 -0.0697043 0.0217686 -0.006 -0.0681888 0.0208936 -0.006 -0.0697043 0.0217686 0.016 -0.0697043 0.0217686 0.016 -0.0772043 0.00877821 -0.006 -0.0697043 0.0217686 -0.006 -0.0772043 0.00877821 0.016 -0.0772043 0.00877821 0.016 -0.0585848 -0.00197179 -0.006 -0.0772043 0.00877821 -0.006 -0.0585848 -0.00197179 0.016 -0.0585848 -0.00197179 0.016 -0.0510848 0.0110186 -0.006 -0.0585848 -0.00197179 -0.006 -0.0510848 0.0110186 0.016 -0.0510848 0.0110186 0.016 -0.0526003 0.0118936 -0.006 -0.0510848 0.0110186 -0.006 -0.0526003 0.0118936 0.016 -0.0681888 0.0208936 0.016 -0.0681888 0.0208936 -0.006 -0.0441888 0.0624628 -0.006 -0.0441888 0.0624628 0.016 -0.0286003 0.0534628 0.016 -0.0286003 0.0534628 -0.006 -0.0526003 0.0118936 -0.006 -0.0526003 0.0118936 0.016 -0.0441888 0.0624628 0.016 -0.0441888 0.0624628 -0.006 -0.0286003 0.0534628 -0.006 -0.0286003 0.0534628 0.016 0.0624567 0.0268218 0.001 0.0424567 0.0614628 -0.0075 0.0624567 0.0268218 -0.0075 0.0424567 0.0614628 0.001 0.0303324 0.0544628 0.001 0.0503324 0.0198218 0.001 0.0503324 0.0198218 -0.0075 0.0303324 0.0544628 -0.0075 0.0598195 0.0136367 -0.0033 0.0650717 0.00154251 -0.0033 0.0585217 0.0128874 -0.0033 0.0643674 0.0162624 -0.0033 0.0709174 0.00491751 -0.0033 0.0547695 0.0223836 -0.0033 0.0580195 0.02426 -0.0033 0.0630695 0.0155131 -0.0033 0.0709174 0.00491751 -0.0033 0.0643674 0.0162624 -0.0033 0.0673251 0.0111396 -0.009 0.0709174 0.00491751 -0.016 0.0643674 0.0162624 -0.009 0.0673251 0.0111396 -0.016 0.0709174 0.00491751 -0.0033 0.0709174 0.00491751 -0.016 0.0650717 0.00154251 -0.016 0.0650717 0.00154251 -0.0033 0.0614794 0.00776458 -0.009 0.0585217 0.0128874 -0.0033 0.0650717 0.00154251 -0.0033 0.0650717 0.00154251 -0.016 0.0585217 0.0128874 -0.009 0.0614794 0.00776458 -0.016 0.0673251 0.0111396 -0.009 0.0704533 0.0129457 -0.009 0.0704533 0.0129457 -0.016 0.0673251 0.0111396 -0.016 0.0643674 0.0162624 -0.009 0.0704533 0.0129457 -0.009 0.0673251 0.0111396 -0.009 0.0630695 0.0155131 -0.009 0.0623159 0.0267405 -0.009 0.0580195 0.02426 -0.009 0.0463082 0.0544666 -0.009 0.046438 0.0545415 -0.009 0.046438 0.0545415 -0.016 0.0704533 0.0129457 -0.009 0.046438 0.0545415 -0.009 0.0704533 0.0129457 -0.016 0.0400154 -0.00462768 -0.009 0.0614794 0.00776458 -0.016 0.0400154 -0.00462768 -0.016 0.0614794 0.00776458 -0.009 0.0504732 0.0199031 -0.009 0.0172665 0.00850641 -0.009 0.016 0.0150111 -0.009 0.016 0.0092376 -0.009 0.0585217 0.0128874 -0.009 0.0400154 -0.00462768 -0.009 0.0547695 0.0223836 -0.009 0.0598195 0.0136367 -0.009 0.0614794 0.00776458 -0.009 0.0344655 0.0476292 -0.009 0.016 0.0369682 -0.009 -0.0400154 -0.00462768 -0.009 -0.0704533 0.0129457 -0.016 -0.0704533 0.0129457 -0.009 -0.0400154 -0.00462768 -0.016 -0.0704533 0.0129457 -0.016 -0.046438 0.0545415 -0.009 -0.0704533 0.0129457 -0.009 -0.046438 0.0545415 -0.016 0.00853294 0.0107 -0.016 0.00853294 0.0107 0.016 -0.00853294 0.0107 0.016 -0.00853294 0.0107 -0.016 0.016 0.0150111 -0.002 0.016 0.0150111 0.016 0.00853294 0.0107 0.016 0.00853294 0.0107 -0.016 0.016 0.0150111 -0.009 0.016 0.0150111 -0.016 -0.00853294 0.0107 0.016 -0.016 0.0150111 0.016 -0.016 0.0150111 -0.002 -0.016 0.0150111 -0.009 -0.00853294 0.0107 -0.016 -0.016 0.0150111 -0.016 -0.0172665 0.00850641 -0.009 -0.0172665 0.00850641 -0.002 -0.00290045 -0.0163763 -0.00582193 -0.00290045 -0.0163763 -0.016 -0.0172665 0.00850641 -0.016 -0.0192665 0.0119705 -0.002 -0.0192665 0.0119705 0.016 -0.0025 -0.0170699 -0.002 -0.00265232 -0.016806 -0.00458369 -0.00246493 -0.0171306 -0.00330971 -0.00233827 -0.01735 -0.002 -0.0025 -0.0170699 0.016 -0.00799705 0.0127 0.016 -0.00616358 0.0127 -0.0125702 -0.00799705 0.0127 -0.0114912 -0.00419436 0.0127 -0.0133565 -4.56932e-06 0.0127 -0.0139997 -0.0021243 0.0127 -0.0138375 0.00211586 0.0127 -0.013839 0.00799705 0.0127 0.016 0.00616358 0.0127 -0.0125702 0.00418791 0.0127 -0.0133588 0.00799705 0.0127 -0.0114912 -0.014 0.0161658 0.016 -0.0119243 0.0149674 -0.0073356 -0.014 0.0161658 7.34788e-19 -0.013874 0.0160931 -0.00187419 -0.0134861 0.0158691 -0.00375825 -0.0128324 0.0154917 -0.00559723 -0.00799705 0.0127 0.016 -0.00946339 0.0135466 -0.0103172 -0.0107883 0.0143115 -0.00892262 -0.00799705 0.0127 -0.0114912 0.00799705 0.0127 0.016 0.00946339 0.0135466 -0.0103172 0.00799705 0.0127 -0.0114912 0.0107883 0.0143115 -0.00892262 0.014 0.0161658 7.34788e-19 0.0119243 0.0149674 -0.0073356 0.013874 0.0160931 -0.00187419 0.0134861 0.0158691 -0.00375825 0.0128324 0.0154917 -0.00559723 0.014 0.0161658 0.016 -0.00434095 -0.0178813 -0.00432447 -0.00399852 -0.0184744 1.77636e-18 -0.00476103 -0.0171537 -0.00635355 -0.00533464 -0.0161601 -0.00822638 -0.00408475 -0.018325 -0.0021906 -0.00688261 -0.013479 -0.0113238 -0.00604767 -0.0149251 -0.00989684 -0.00883353 -0.0100999 -0.0133133 -0.00781891 -0.0118573 -0.012472 -0.00990151 -0.00825008 -0.0138267 -0.0109966 -0.00635341 -0.0139998 -0.0120917 -0.00445659 -0.013828 -0.016661 0.00345775 -0.0082306 -0.0159474 0.00222166 -0.00990119 -0.0179985 0.00577436 1.77636e-18 -0.0131599 -0.00260633 -0.0133157 -0.014175 -0.000848207 -0.0124754 -0.0176558 0.00518066 -0.00432723 -0.0172352 0.00445225 -0.00635723 -0.0179123 0.00562501 -0.0021906 -0.0151118 0.00077445 -0.0113278 -0.00399852 -0.0184744 0.016 -0.0179985 0.00577436 0.016 0.00399852 -0.0184744 1.77636e-18 0.00408475 -0.018325 -0.0021906 0.00434095 -0.0178813 -0.00432447 0.00476103 -0.0171537 -0.00635355 0.00533464 -0.0161601 -0.00822638 0.00604767 -0.0149251 -0.00989684 0.00688261 -0.013479 -0.0113238 0.00781891 -0.0118573 -0.012472 0.00883353 -0.0100999 -0.0133133 0.00990151 -0.00825008 -0.0138267 0.0109966 -0.00635341 -0.0139998 0.0120917 -0.00445659 -0.013828 0.0159474 0.00222166 -0.00990119 0.016661 0.00345775 -0.0082306 0.0179985 0.00577436 -2.37384e-18 0.0131599 -0.00260633 -0.0133157 0.014175 -0.000848207 -0.0124754 0.0172352 0.00445225 -0.00635723 0.0176558 0.00518066 -0.00432723 0.0179123 0.00562501 -0.0021906 0.0151118 0.00077445 -0.0113278 0.0179985 0.00577436 0.016 0.00399852 -0.0184744 0.016 -0.0025 -0.0170699 0.016 -0.0025 -0.0266822 0.016 -0.0025 -0.0266822 -0.002 -0.0025 -0.0170699 -0.002 0.0025 -0.0207748 0.016 0.0025 -0.0207748 -0.002 0.011 -0.0256822 -0.002 0.011 -0.0256822 0.016 0.0025 -0.0170699 -0.002 0.0025 -0.0207748 0.016 0.0025 -0.0170699 0.016 0.0025 -0.0207748 -0.002 -0.018 -0.0266822 0.016 -0.018 -0.0266822 -0.002 -0.0025 -0.0266822 -0.002 -0.0025 -0.0266822 0.016 -0.018 -0.0311822 0.016 -0.018 -0.0311822 -0.002 -0.018 -0.0266822 -0.002 -0.018 -0.0266822 0.016 -0.018 -0.0311822 0.016 0.0174462 -0.0311822 0.016 0.0174462 -0.0311822 -0.002 -0.018 -0.0311822 -0.002 -0.00233827 -0.01735 -0.002 -0.0025 -0.0266822 -0.002 0.0025 -0.0207748 -0.002 0.00233827 -0.01735 -0.002 0.000651735 -0.0163763 -0.002 -0.000651735 -0.0163763 -0.002 -0.0025 -0.0170699 -0.002 -0.018 -0.0266822 -0.002 -0.018 -0.0311822 -0.002 0.0174462 -0.0311822 -0.002 0.0206709 -0.025597 -0.002 0.0161947 -0.02535 -0.002 0.0160029 -0.0256822 -0.002 0.0172068 -0.0235969 -0.002 0.0025 -0.0170699 -0.002 0.011 -0.0256822 -0.002 0.0435152 -0.00202949 0.016 0.0435152 -0.00202949 -0.002 0.0192665 0.0119705 -0.002 0.0192665 0.0119705 0.016 0.0457652 0.00186762 0.016 0.0457652 0.00186762 -0.002 0.0435152 -0.00202949 -0.002 0.0435152 -0.00202949 0.016 0.0246504 0.0140582 0.016 0.0457652 0.00186762 -0.002 0.0457652 0.00186762 0.016 0.0246504 0.0140582 -0.002 0.0206504 0.0163676 0.016 0.016 0.0150111 0.016 0.016 0.0150111 -0.002 0.0206504 0.0163676 -0.002 0.0196504 0.0307 -0.002 0.0198069 0.0266877 -0.002 0.0204326 0.0306384 -0.002 0.0196504 0.0267 -0.002 0.0435152 -0.00202949 -0.002 0.0457652 0.00186762 -0.002 0.0246504 0.0140582 -0.002 0.0203576 0.0264071 -0.002 0.0204595 0.0262878 -0.002 0.0236955 0.0286389 -0.002 0.0192665 0.0119705 -0.002 0.0199595 0.0266511 -0.002 0.0211955 0.0304553 -0.002 0.0219204 0.030155 -0.002 0.0201044 0.026591 -0.002 0.0202382 0.026509 -0.002 0.0225894 0.0297451 -0.002 0.0138564 0.0267 -0.002 0.0118322 0.0307 -0.002 0.0118322 0.0267 -0.002 0.023186 0.0292355 -0.002 0.0206504 0.0257 -0.002 0.0246504 0.0257 -0.002 0.0206381 0.0258564 -0.002 0.0205415 0.026154 -0.002 0.0241055 0.02797 -0.002 0.0206015 0.026009 -0.002 0.0244057 0.0272451 -0.002 0.0245889 0.0264822 -0.002 0.0206504 0.0163676 -0.002 0.016 0.0150111 -0.002 0.016 0.0092376 -0.002 0.0172665 0.00850641 -0.002 -0.0396556 -0.00189004 -0.002 -0.0399692 -0.0048736 -0.002 -0.0394987 -0.00189415 -0.002 -0.0192665 0.0119705 -0.002 -0.016 0.0150111 -0.002 -0.0206504 0.0163676 -0.002 -0.016 0.0092376 -0.002 -0.0393417 -0.00489004 -0.002 -0.0331802 -0.0023121 -0.002 -0.0309105 -0.000253065 -0.002 -0.0333282 -0.00225972 -0.002 -0.0375511 -0.00435962 -0.002 -0.0393432 -0.00187367 -0.002 -0.0381176 -0.00462984 -0.002 -0.0390511 -0.00176154 -0.002 -0.0391927 -0.0018291 -0.002 -0.0387194 -0.00480811 -0.002 -0.0291229 -0.0029577 -0.002 -0.0300511 -0.00135 -0.002 -0.032721 -0.00272564 -0.002 -0.0337949 -0.0022475 -0.002 -0.035587 0.000238457 -0.002 -0.0339453 -0.00229206 -0.002 -0.0336393 -0.00222701 -0.002 -0.0344186 0.000686946 -0.002 -0.0350205 0.000508677 -0.002 -0.0331689 0.000752443 -0.002 -0.0334825 -0.00223112 -0.002 -0.0314084 0.000129038 -0.002 -0.03196 0.000428537 -0.002 -0.0325517 0.000638059 -0.002 -0.0304784 -0.000708363 -0.002 -0.0301229 -0.00122564 -0.002 -0.0330423 -0.00238697 -0.002 -0.0329178 -0.0024825 -0.002 -0.0328098 -0.00259632 -0.002 -0.031721 -0.00445769 -0.002 -0.0337963 0.000768874 -0.002 -0.0457652 0.00186762 -0.002 -0.0409171 -0.000529492 -0.002 -0.034087 -0.00235962 -0.002 -0.0422276 -0.0038681 -0.002 -0.0417296 -0.0042502 -0.002 -0.0398099 -0.00186144 -0.002 -0.041178 -0.0045497 -0.002 -0.0430152 -0.00289552 -0.002 -0.0402202 -0.00163866 -0.002 -0.0403282 -0.00152484 -0.002 -0.0405864 -0.00475922 -0.002 -0.0399578 -0.00180906 -0.002 -0.0426597 -0.0034128 -0.002 -0.0400957 -0.00173419 -0.002 -0.0404171 -0.00139552 -0.002 -0.0172665 0.00850641 -0.002 -0.0192665 0.0119705 -0.002 -0.0409171 -0.000529492 0.016 -0.0192665 0.0119705 0.016 -0.0409171 -0.000529492 -0.002 -0.0206504 0.0163676 0.016 -0.0206504 0.0163676 -0.002 -0.016 0.0150111 -0.002 -0.016 0.0150111 0.016 -0.0206504 0.0163676 0.016 -0.0457652 0.00186762 0.016 -0.0457652 0.00186762 -0.002 -0.0206504 0.0163676 -0.002 -0.0457652 0.00186762 0.016 -0.0430152 -0.00289552 0.016 -0.0430152 -0.00289552 -0.002 -0.0457652 0.00186762 -0.002 0.0161229 -0.0254744 1.77636e-18 0.0161229 -0.0254744 0.016 0.0160029 -0.0256822 0.016 0.0161947 -0.02535 -0.002 0.0160029 -0.0256822 -0.002 0.0160029 -0.0256822 0.016 0.011 -0.0256822 0.016 0.011 -0.0256822 -0.002 0.0160029 -0.0256822 -0.002 0.020587 -0.0257423 2.27859e-17 0.0174462 -0.0311822 0.016 0.020587 -0.0257423 0.016 0.0206709 -0.025597 -0.002 0.0174462 -0.0311822 -0.002 0.0196504 0.0267 0.016 0.014 0.0267 7.34788e-19 0.014 0.0267 0.016 0.0138564 0.0267 -0.002 0.0196504 0.0267 -0.002 0.0246504 0.0257 0.016 0.0246504 0.0140582 -0.002 0.0246504 0.0140582 0.016 0.0246504 0.0257 -0.002 0.0211955 0.0304553 0.016 0.0204326 0.0306384 -0.002 0.0211955 0.0304553 -0.002 0.0196504 0.0307 -0.002 0.0204326 0.0306384 0.016 0.0196504 0.0307 0.016 0.0225894 0.0297451 -0.002 0.023186 0.0292355 -0.002 0.023186 0.0292355 0.016 0.0225894 0.0297451 0.016 0.0219204 0.030155 0.016 0.0219204 0.030155 -0.002 0.0244057 0.0272451 0.016 0.0241055 0.02797 -0.002 0.0244057 0.0272451 -0.002 0.0241055 0.02797 0.016 0.0236955 0.0286389 0.016 0.0236955 0.0286389 -0.002 0.0245889 0.0264822 -0.002 0.0245889 0.0264822 0.016 0.0246504 0.0257 -0.002 0.0246504 0.0257 0.016 0.0196504 0.0307 0.016 0.012 0.0307 0.016 0.012 0.0307 1.46958e-18 0.0196504 0.0307 -0.002 0.0118322 0.0307 -0.002 0.0199595 0.0266511 0.016 0.0199595 0.0266511 -0.002 0.0198069 0.0266877 -0.002 0.0196504 0.0267 -0.002 0.0196504 0.0267 0.016 0.0198069 0.0266877 0.016 0.0202382 0.026509 -0.002 0.0203576 0.0264071 0.016 0.0203576 0.0264071 -0.002 0.0202382 0.026509 0.016 0.0201044 0.026591 -0.002 0.0201044 0.026591 0.016 0.0206015 0.026009 0.016 0.0206015 0.026009 -0.002 0.0205415 0.026154 -0.002 0.0205415 0.026154 0.016 0.0204595 0.0262878 -0.002 0.0204595 0.0262878 0.016 0.0206381 0.0258564 0.016 0.0206381 0.0258564 -0.002 0.0206504 0.0257 -0.002 0.0206504 0.0257 0.016 0.0206504 0.0257 0.016 0.0206504 0.0163676 0.016 0.0206504 0.0163676 -0.002 0.0206504 0.0257 -0.002 -0.0301229 -0.00122564 -0.002 -0.0300511 -0.00135 -0.002 -0.0301229 -0.00122564 1.77636e-18 -0.0291229 -0.0029577 1.46958e-18 -0.031721 -0.00445769 -0.002 -0.031721 -0.00445769 -3.85949e-18 -0.0291229 -0.0029577 -0.002 -0.0344186 0.000686946 0.016 -0.0350205 0.000508677 -0.002 -0.0344186 0.000686946 -0.002 -0.035587 0.000238457 -0.002 -0.0350205 0.000508677 0.016 -0.035587 0.000238457 0.016 -0.0331689 0.000752443 -0.002 -0.0325517 0.000638059 -0.002 -0.0325517 0.000638059 0.016 -0.0331689 0.000752443 0.016 -0.0337963 0.000768874 0.016 -0.0337963 0.000768874 -0.002 -0.0304784 -0.000708363 0.016 -0.0309105 -0.000253065 0.016 -0.0309105 -0.000253065 -0.002 -0.0314084 0.000129038 0.016 -0.03196 0.000428537 0.016 -0.03196 0.000428537 -0.002 -0.0304784 -0.000708363 -0.002 -0.0301229 -0.00122564 1.77636e-18 -0.0301229 -0.00122564 0.016 -0.0301229 -0.00122564 -0.002 -0.0314084 0.000129038 -0.002 -0.035587 0.000238457 -0.002 -0.035587 0.000238457 0.016 -0.0390511 -0.00176154 0.016 -0.0390511 -0.00176154 -0.002 -0.0393432 -0.00187367 0.016 -0.0393432 -0.00187367 -0.002 -0.0391927 -0.0018291 -0.002 -0.0390511 -0.00176154 -0.002 -0.0390511 -0.00176154 0.016 -0.0391927 -0.0018291 0.016 -0.0396556 -0.00189004 -0.002 -0.0398099 -0.00186144 0.016 -0.0398099 -0.00186144 -0.002 -0.0396556 -0.00189004 0.016 -0.0394987 -0.00189415 -0.002 -0.0394987 -0.00189415 0.016 -0.0402202 -0.00163866 0.016 -0.0402202 -0.00163866 -0.002 -0.0400957 -0.00173419 -0.002 -0.0400957 -0.00173419 0.016 -0.0399578 -0.00180906 -0.002 -0.0399578 -0.00180906 0.016 -0.0403282 -0.00152484 0.016 -0.0403282 -0.00152484 -0.002 -0.0404171 -0.00139552 -0.002 -0.0404171 -0.00139552 0.016 -0.0404171 -0.00139552 -0.002 -0.0404171 -0.00139552 0.016 -0.0409171 -0.000529492 0.016 -0.0409171 -0.000529492 -0.002 -0.0387194 -0.00480811 0.016 -0.0381176 -0.00462984 -0.002 -0.0387194 -0.00480811 -0.002 -0.0375511 -0.00435962 -0.002 -0.0381176 -0.00462984 0.016 -0.0375511 -0.00435962 0.016 -0.0399692 -0.0048736 -0.002 -0.0405864 -0.00475922 -0.002 -0.0405864 -0.00475922 0.016 -0.0399692 -0.0048736 0.016 -0.0393417 -0.00489004 0.016 -0.0393417 -0.00489004 -0.002 -0.0422276 -0.0038681 0.016 -0.0417296 -0.0042502 -0.002 -0.0422276 -0.0038681 -0.002 -0.0417296 -0.0042502 0.016 -0.041178 -0.0045497 0.016 -0.041178 -0.0045497 -0.002 -0.0426597 -0.0034128 -0.002 -0.0426597 -0.0034128 0.016 -0.0430152 -0.00289552 -0.002 -0.0430152 -0.00289552 0.016 -0.032721 -0.00272564 -0.002 -0.031721 -0.00445769 -3.85949e-18 -0.031721 -0.00445769 -0.002 -0.032721 -0.00272564 0.016 -0.031721 -0.00445769 0.016 -0.034087 -0.00235962 -0.002 -0.0375511 -0.00435962 0.016 -0.034087 -0.00235962 0.016 -0.0375511 -0.00435962 -0.002 -0.0337949 -0.0022475 0.016 -0.0337949 -0.0022475 -0.002 -0.0339453 -0.00229206 -0.002 -0.034087 -0.00235962 -0.002 -0.034087 -0.00235962 0.016 -0.0339453 -0.00229206 0.016 -0.0334825 -0.00223112 -0.002 -0.0333282 -0.00225972 0.016 -0.0333282 -0.00225972 -0.002 -0.0334825 -0.00223112 0.016 -0.0336393 -0.00222701 -0.002 -0.0336393 -0.00222701 0.016 -0.0329178 -0.0024825 0.016 -0.0329178 -0.0024825 -0.002 -0.0330423 -0.00238697 -0.002 -0.0330423 -0.00238697 0.016 -0.0331802 -0.0023121 -0.002 -0.0331802 -0.0023121 0.016 -0.0328098 -0.00259632 0.016 -0.0328098 -0.00259632 -0.002 -0.032721 -0.00272564 -0.002 -0.032721 -0.00272564 0.016 -0.044717 0.0535479 -0.009 -0.044717 0.0535479 -0.006 -0.054717 0.0362274 -0.006 -0.054717 0.0362274 -0.009 -0.054717 0.0362274 -0.009 -0.054717 0.0362274 -0.006 -0.0460567 0.0312274 -0.006 -0.0460567 0.0312274 -0.009 -0.0460567 0.0312274 -0.009 -0.0460567 0.0312274 -0.006 -0.0360567 0.0485479 -0.006 -0.0360567 0.0485479 -0.009 0.016 0.0333 -0.016 -0.016 0.0333 -0.01 0.016 0.0333 -0.01 -0.016 0.0333 -0.016 0.0200389 0.0393 -0.01 -0.0200389 0.0393 -0.016 0.0200389 0.0393 -0.016 -0.0200389 0.0393 -0.01 0.016 0.0369682 -0.01 -0.016 0.0333 -0.01 -0.016 0.0369682 -0.01 -0.0200389 0.0393 -0.01 0.0200389 0.0393 -0.01 0.016 0.0333 -0.01 -0.023 -0.0331822 -0.001 -0.023 -0.0321822 -0.006 -0.023 -0.0331822 -0.016 -0.023 -0.0321822 -0.016 -0.0234693 -0.0471453 -0.001 -0.023 -0.0471822 -0.001 -0.023 -0.0471822 -0.016 -0.0247634 -0.0466093 -0.001 -0.024362 -0.0468553 -0.001 -0.024362 -0.0468553 -0.016 -0.0239271 -0.0470354 -0.001 -0.0234693 -0.0471453 -0.016 -0.0239271 -0.0470354 -0.016 -0.0254271 -0.0459456 -0.016 -0.025673 -0.0455442 -0.001 -0.0254271 -0.0459456 -0.001 -0.0247634 -0.0466093 -0.016 -0.0251213 -0.0463036 -0.016 -0.0251213 -0.0463036 -0.001 -0.0258532 -0.0451093 -0.016 -0.0259631 -0.0446515 -0.001 -0.0258532 -0.0451093 -0.001 -0.025673 -0.0455442 -0.016 -0.026 -0.0441822 -0.001 -0.0259631 -0.0446515 -0.016 -0.026 -0.0441822 -0.016 -0.026 -0.0321822 -0.006 -0.026 -0.0441822 -0.001 -0.026 -0.0441822 -0.016 -0.026 -0.0331822 -0.001 -0.026 -0.0321822 -0.016 -0.0259508 -0.0315565 -0.006 -0.026 -0.0321822 -0.006 -0.026 -0.0321822 -0.016 -0.0252361 -0.0298311 -0.006 -0.025564 -0.0303663 -0.006 -0.025564 -0.0303663 -0.016 -0.0258042 -0.0309462 -0.006 -0.0259508 -0.0315565 -0.016 -0.0258042 -0.0309462 -0.016 -0.0243511 -0.0289462 -0.016 -0.023816 -0.0286182 -0.006 -0.0243511 -0.0289462 -0.006 -0.0252361 -0.0298311 -0.016 -0.0248284 -0.0293538 -0.016 -0.0248284 -0.0293538 -0.006 -0.0232361 -0.028378 -0.016 -0.0226257 -0.0282315 -0.006 -0.0232361 -0.028378 -0.006 -0.023816 -0.0286182 -0.016 -0.022 -0.0281822 -0.006 -0.0226257 -0.0282315 -0.016 -0.022 -0.0281822 -0.016 -0.0025 -0.0281822 -0.016 -0.0025 -0.0281822 -0.006 -0.022 -0.0281822 -0.006 -0.022 -0.0281822 -0.016 -0.00179289 -0.0278893 -0.006 -0.00179289 -0.0278893 -0.016 -0.00169098 -0.02777 -0.016 -0.00160899 -0.0276362 -0.016 -0.00169098 -0.02777 -0.006 -0.00154894 -0.0274913 -0.016 -0.00160899 -0.0276362 -0.006 -0.00154894 -0.0274913 -0.006 -0.00151231 -0.0273387 -0.016 -0.0015 -0.0271822 -0.016 -0.00151231 -0.0273387 -0.006 -0.0015 -0.0271822 -0.006 -0.00191221 -0.0279913 -0.006 -0.00191221 -0.0279913 -0.016 -0.00204601 -0.0280732 -0.006 -0.00219098 -0.0281333 -0.006 -0.00204601 -0.0280732 -0.016 -0.00234357 -0.0281699 -0.006 -0.00219098 -0.0281333 -0.016 -0.00234357 -0.0281699 -0.016 -0.0025 -0.0281822 -0.006 -0.0025 -0.0281822 -0.016 -0.0015 -0.0163763 -0.016 -0.0015 -0.0163763 -0.006 -0.0015 -0.0271822 -0.006 -0.0015 -0.0271822 -0.016 0.0015 -0.0163763 -0.016 0.0015 -0.0271822 -0.006 0.0015 -0.0163763 -0.006 0.0015 -0.0271822 -0.016 0.00145075 -0.027808 -0.006 0.0015 -0.0271822 -0.006 0.0015 -0.0271822 -0.016 0.000736068 -0.0295334 -0.006 0.00106403 -0.0289982 -0.006 0.00106403 -0.0289982 -0.016 0.00130423 -0.0284183 -0.006 0.00145075 -0.027808 -0.016 0.00130423 -0.0284183 -0.016 -0.000148859 -0.0304183 -0.016 -0.000684038 -0.0307463 -0.006 -0.000148859 -0.0304183 -0.006 0.000736068 -0.0295334 -0.016 0.000328427 -0.0300107 -0.016 0.000328427 -0.0300107 -0.006 -0.00126393 -0.0309865 -0.016 -0.00187426 -0.031133 -0.006 -0.00126393 -0.0309865 -0.006 -0.000684038 -0.0307463 -0.016 -0.0025 -0.0311822 -0.006 -0.00187426 -0.031133 -0.016 -0.0025 -0.0311822 -0.016 -0.0025 -0.0311822 -0.016 -0.022 -0.0311822 -0.006 -0.0025 -0.0311822 -0.006 -0.022 -0.0311822 -0.016 -0.0227071 -0.0314751 -0.006 -0.0227071 -0.0314751 -0.016 -0.022809 -0.0315945 -0.016 -0.022891 -0.0317282 -0.016 -0.022809 -0.0315945 -0.006 -0.0229511 -0.0318732 -0.016 -0.022891 -0.0317282 -0.006 -0.0229511 -0.0318732 -0.006 -0.0229877 -0.0320258 -0.016 -0.023 -0.0321822 -0.016 -0.0229877 -0.0320258 -0.006 -0.023 -0.0321822 -0.006 -0.0225878 -0.0313732 -0.006 -0.0225878 -0.0313732 -0.016 -0.022454 -0.0312912 -0.006 -0.022309 -0.0312312 -0.006 -0.022454 -0.0312912 -0.016 -0.0221564 -0.0311945 -0.006 -0.022309 -0.0312312 -0.016 -0.0221564 -0.0311945 -0.016 -0.022 -0.0311822 -0.006 -0.022 -0.0311822 -0.016 -0.0234693 -0.0471453 -0.001 -0.023 -0.0331822 -0.001 -0.023 -0.0471822 -0.001 -0.0239271 -0.0470354 -0.001 -0.024362 -0.0468553 -0.001 -0.0247634 -0.0466093 -0.001 -0.026 -0.0331822 -0.001 -0.0251213 -0.0463036 -0.001 -0.0254271 -0.0459456 -0.001 -0.026 -0.0441822 -0.001 -0.0258532 -0.0451093 -0.001 -0.0259631 -0.0446515 -0.001 -0.025673 -0.0455442 -0.001 -0.023 -0.0321822 -0.006 -0.026 -0.0331822 -0.001 -0.026 -0.0321822 -0.006 -0.023 -0.0331822 -0.001 -0.0367793 0.0652403 -0.016 -0.0368331 0.0654509 0.016 -0.0367753 0.0652289 0.016 -0.0368525 0.0656795 0.016 -0.0368341 0.0654569 -0.016 -0.0368525 0.0656795 -0.016 -0.0365523 0.0648298 0.016 -0.0363936 0.0646642 0.016 -0.0364161 0.0646844 -0.016 -0.0365674 0.0648487 -0.016 -0.0366895 0.0650358 -0.016 -0.0366808 0.0650199 0.016 -0.035832 0.0643683 -0.016 -0.0360043 0.0644245 0.016 -0.035785 0.0643573 0.016 -0.0360433 0.0644409 -0.016 -0.0362398 0.0645472 -0.016 -0.0362092 0.0645278 0.016 -0.0351039 0.0643862 0.016 -0.035168 0.0643683 -0.016 -0.0353282 0.0643379 0.016 -0.0355574 0.0643282 0.016 -0.0353883 0.0643316 -0.016 -0.0356117 0.0643316 -0.016 -0.0346957 0.064592 0.016 -0.0345235 0.0647436 0.016 -0.0345839 0.0646844 -0.016 -0.0349567 0.0644409 -0.016 -0.0348911 0.0644718 0.016 -0.0347602 0.0645472 -0.016 -0.0342207 0.0652403 -0.016 -0.0342675 0.0651224 0.016 -0.0341911 0.0653387 0.016 -0.0343105 0.0650358 -0.016 -0.0344326 0.0648487 -0.016 -0.0343794 0.0649221 0.016 -0.0341911 0.0660203 0.016 -0.0341659 0.0659021 -0.016 -0.0341523 0.0657942 0.016 -0.0341523 0.0655648 0.016 -0.0341474 0.0656795 -0.016 -0.0341659 0.0654569 -0.016 -0.0343794 0.0664369 0.016 -0.0345235 0.0666154 0.016 -0.0344326 0.0665102 -0.016 -0.0342207 0.0661187 -0.016 -0.0342675 0.0662366 0.016 -0.0343105 0.0663232 -0.016 -0.0349567 0.0669181 -0.016 -0.0348911 0.0668872 0.016 -0.0351039 0.0669728 0.016 -0.0347602 0.0668118 -0.016 -0.0345839 0.0666746 -0.016 -0.0346957 0.0667669 0.016 -0.0356117 0.0670274 -0.016 -0.0353883 0.0670274 -0.016 -0.0355574 0.0670308 0.016 -0.0353282 0.0670211 0.016 -0.035168 0.0669907 -0.016 -0.035785 0.0670017 0.016 -0.0360043 0.0669345 0.016 -0.035832 0.0669907 -0.016 -0.0362092 0.0668312 0.016 -0.0360433 0.0669181 -0.016 -0.0362398 0.0668118 -0.016 -0.0363936 0.0666948 0.016 -0.0365523 0.0665292 0.016 -0.0364161 0.0666746 -0.016 -0.0366808 0.0663391 0.016 -0.0365674 0.0665102 -0.016 -0.0366895 0.0663232 -0.016 -0.0367753 0.0661301 0.016 -0.0368331 0.0659081 0.016 -0.0367793 0.0661187 -0.016 -0.0368341 0.0659021 -0.016 0.0174511 0.04592 -0.016 0.0173972 0.0461306 0.016 0.017455 0.0459086 0.016 0.0173778 0.0463592 0.016 0.0173962 0.0461366 -0.016 0.0173778 0.0463592 -0.016 0.017678 0.0455095 0.016 0.0178367 0.0453439 0.016 0.0178143 0.0453641 -0.016 0.017663 0.0455284 -0.016 0.0175408 0.0457155 -0.016 0.0175495 0.0456996 0.016 0.0183983 0.045048 -0.016 0.018226 0.0451042 0.016 0.0184454 0.045037 0.016 0.018187 0.0451206 -0.016 0.0179906 0.0452269 -0.016 0.0180212 0.0452075 0.016 0.0191264 0.0450659 0.016 0.0190624 0.045048 -0.016 0.0189021 0.0450176 0.016 0.0186729 0.0450079 0.016 0.018842 0.0450113 -0.016 0.0186186 0.0450113 -0.016 0.0195346 0.0452717 0.016 0.0197068 0.0454233 0.016 0.0196464 0.0453641 -0.016 0.0192736 0.0451206 -0.016 0.0193393 0.0451515 0.016 0.0194701 0.0452269 -0.016 0.0200096 0.04592 -0.016 0.0199628 0.0458021 0.016 0.0200392 0.0460184 0.016 0.0199199 0.0457155 -0.016 0.0197977 0.0455284 -0.016 0.0198509 0.0456018 0.016 0.0200392 0.0467 0.016 0.0200644 0.0465818 -0.016 0.020078 0.0464739 0.016 0.020078 0.0462445 0.016 0.0200829 0.0463592 -0.016 0.0200644 0.0461366 -0.016 0.0198509 0.0471166 0.016 0.0197068 0.0472951 0.016 0.0197977 0.0471899 -0.016 0.0200096 0.0467984 -0.016 0.0199628 0.0469163 0.016 0.0199199 0.0470029 -0.016 0.0192736 0.0475978 -0.016 0.0193393 0.0475669 0.016 0.0191264 0.0476525 0.016 0.0194701 0.0474915 -0.016 0.0196464 0.0473543 -0.016 0.0195346 0.0474466 0.016 0.0186186 0.0477071 -0.016 0.018842 0.0477071 -0.016 0.0186729 0.0477105 0.016 0.0189021 0.0477008 0.016 0.0190624 0.0476704 -0.016 0.0184454 0.0476814 0.016 0.018226 0.0476142 0.016 0.0183983 0.0476704 -0.016 0.0180212 0.0475109 0.016 0.018187 0.0475978 -0.016 0.0179906 0.0474915 -0.016 0.0178367 0.0473745 0.016 0.017678 0.0472089 0.016 0.0178143 0.0473543 -0.016 0.0175495 0.0470188 0.016 0.017663 0.0471899 -0.016 0.0175408 0.0470029 -0.016 0.017455 0.0468098 0.016 0.0173972 0.0465878 0.016 0.0174511 0.0467984 -0.016 0.0173962 0.0465818 -0.016 -0.0774094 -0.00513309 -0.016 -0.0774632 -0.0049225 0.016 -0.0774054 -0.00514451 0.016 -0.0774827 -0.00469392 0.016 -0.0774642 -0.00491654 -0.016 -0.0774827 -0.00469392 -0.016 -0.0771824 -0.00554362 0.016 -0.0770237 -0.00570924 0.016 -0.0770462 -0.00568902 -0.016 -0.0771975 -0.00552467 -0.016 -0.0773196 -0.00533766 -0.016 -0.0773109 -0.00535355 0.016 -0.0764621 -0.00600508 -0.016 -0.0766344 -0.00594894 0.016 -0.0764151 -0.00601611 0.016 -0.0766734 -0.00593255 -0.016 -0.0768699 -0.00582623 -0.016 -0.0768393 -0.00584566 0.016 -0.0757341 -0.00598718 0.016 -0.0757981 -0.00600508 -0.016 -0.0759583 -0.00603552 0.016 -0.0761875 -0.00604525 0.016 -0.0760184 -0.00604185 -0.016 -0.0762418 -0.00604185 -0.016 -0.0753258 -0.00578137 0.016 -0.0751536 -0.0056298 0.016 -0.0752141 -0.00568902 -0.016 -0.0755868 -0.00593255 -0.016 -0.0755212 -0.00590165 0.016 -0.0753903 -0.00582623 -0.016 -0.0748508 -0.00513309 -0.016 -0.0748976 -0.00525104 0.016 -0.0748212 -0.00503473 0.016 -0.0749406 -0.00533766 -0.016 -0.0750628 -0.00552467 -0.016 -0.0750095 -0.00545131 0.016 -0.0748212 -0.00435311 0.016 -0.074796 -0.0044713 -0.016 -0.0747824 -0.00457922 0.016 -0.0747824 -0.00480862 0.016 -0.0747776 -0.00469392 -0.016 -0.074796 -0.00491654 -0.016 -0.0750095 -0.00393653 0.016 -0.0751536 -0.00375804 0.016 -0.0750628 -0.00386317 -0.016 -0.0748508 -0.00425475 -0.016 -0.0748976 -0.0041368 0.016 -0.0749406 -0.00405018 -0.016 -0.0755868 -0.00345529 -0.016 -0.0755212 -0.00348619 0.016 -0.0757341 -0.00340066 0.016 -0.0753903 -0.00356161 -0.016 -0.0752141 -0.00369882 -0.016 -0.0753258 -0.00360647 0.016 -0.0762418 -0.00334599 -0.016 -0.0760184 -0.00334599 -0.016 -0.0761875 -0.00334259 0.016 -0.0759583 -0.00335233 0.016 -0.0757981 -0.00338276 -0.016 -0.0764151 -0.00337173 0.016 -0.0766344 -0.0034389 0.016 -0.0764621 -0.00338276 -0.016 -0.0768393 -0.00354218 0.016 -0.0766734 -0.00345529 -0.016 -0.0768699 -0.00356161 -0.016 -0.0770237 -0.0036786 0.016 -0.0771824 -0.00384422 0.016 -0.0770462 -0.00369882 -0.016 -0.0773109 -0.00403429 0.016 -0.0771975 -0.00386317 -0.016 -0.0773196 -0.00405018 -0.016 -0.0774054 -0.00424333 0.016 -0.0774632 -0.00446534 0.016 -0.0774094 -0.00425475 -0.016 -0.0774642 -0.0044713 -0.016 -0.0454094 -0.0640228 -0.016 -0.0454632 -0.0638122 0.016 -0.0454054 -0.0640342 0.016 -0.0454827 -0.0635836 0.016 -0.0454642 -0.0638063 -0.016 -0.0454827 -0.0635836 -0.016 -0.0451824 -0.0644334 0.016 -0.0450237 -0.064599 0.016 -0.0450462 -0.0645787 -0.016 -0.0451975 -0.0644144 -0.016 -0.0453196 -0.0642274 -0.016 -0.0453109 -0.0642433 0.016 -0.0444621 -0.0648948 -0.016 -0.0446344 -0.0648387 0.016 -0.0444151 -0.0649058 0.016 -0.0446734 -0.0648223 -0.016 -0.0448699 -0.064716 -0.016 -0.0448393 -0.0647354 0.016 -0.0437341 -0.0648769 0.016 -0.0437981 -0.0648948 -0.016 -0.0439583 -0.0649252 0.016 -0.0441875 -0.064935 0.016 -0.0440184 -0.0649316 -0.016 -0.0442418 -0.0649316 -0.016 -0.0433258 -0.0646711 0.016 -0.0431536 -0.0645195 0.016 -0.043214 -0.0645787 -0.016 -0.0435868 -0.0648223 -0.016 -0.0435212 -0.0647914 0.016 -0.0433903 -0.064716 -0.016 -0.0428508 -0.0640228 -0.016 -0.0428976 -0.0641408 0.016 -0.0428212 -0.0639245 0.016 -0.0429406 -0.0642274 -0.016 -0.0430628 -0.0644144 -0.016 -0.0430095 -0.064341 0.016 -0.0428212 -0.0632428 0.016 -0.042796 -0.063361 -0.016 -0.0427824 -0.0634689 0.016 -0.0427824 -0.0636984 0.016 -0.0427776 -0.0635836 -0.016 -0.042796 -0.0638063 -0.016 -0.0430095 -0.0628263 0.016 -0.0431536 -0.0626478 0.016 -0.0430628 -0.0627529 -0.016 -0.0428508 -0.0631445 -0.016 -0.0428976 -0.0630265 0.016 -0.0429406 -0.0629399 -0.016 -0.0435868 -0.062345 -0.016 -0.0435212 -0.0623759 0.016 -0.0437341 -0.0622904 0.016 -0.0433903 -0.0624513 -0.016 -0.043214 -0.0625885 -0.016 -0.0433258 -0.0624962 0.016 -0.0442418 -0.0622357 -0.016 -0.0440184 -0.0622357 -0.016 -0.0441875 -0.0622323 0.016 -0.0439583 -0.0622421 0.016 -0.0437981 -0.0622725 -0.016 -0.0444151 -0.0622615 0.016 -0.0446344 -0.0623286 0.016 -0.0444621 -0.0622725 -0.016 -0.0448393 -0.0624319 0.016 -0.0446734 -0.062345 -0.016 -0.0448699 -0.0624513 -0.016 -0.0450237 -0.0625683 0.016 -0.0451824 -0.0627339 0.016 -0.0450462 -0.0625885 -0.016 -0.0453109 -0.062924 0.016 -0.0451975 -0.0627529 -0.016 -0.0453196 -0.0629399 -0.016 -0.0454054 -0.0631331 0.016 -0.0454632 -0.0633551 0.016 -0.0454094 -0.0631445 -0.016 -0.0454642 -0.063361 -0.016 0.0428508 -0.0640228 -0.016 0.042797 -0.0638122 0.016 0.0428548 -0.0640342 0.016 0.0427776 -0.0635836 0.016 0.042796 -0.0638063 -0.016 0.0427776 -0.0635836 -0.016 0.0430778 -0.0644334 0.016 0.0432365 -0.064599 0.016 0.043214 -0.0645787 -0.016 0.0430628 -0.0644144 -0.016 0.0429406 -0.0642274 -0.016 0.0429493 -0.0642433 0.016 0.0437981 -0.0648948 -0.016 0.0436258 -0.0648387 0.016 0.0438452 -0.0649058 0.016 0.0435868 -0.0648223 -0.016 0.0433903 -0.064716 -0.016 0.043421 -0.0647354 0.016 0.0445262 -0.0648769 0.016 0.0444621 -0.0648948 -0.016 0.0443019 -0.0649252 0.016 0.0440727 -0.064935 0.016 0.0442418 -0.0649316 -0.016 0.0440184 -0.0649316 -0.016 0.0449344 -0.0646711 0.016 0.0451066 -0.0645195 0.016 0.0450462 -0.0645787 -0.016 0.0446734 -0.0648223 -0.016 0.044739 -0.0647914 0.016 0.0448699 -0.064716 -0.016 0.0454094 -0.0640228 -0.016 0.0453626 -0.0641408 0.016 0.045439 -0.0639245 0.016 0.0453196 -0.0642274 -0.016 0.0451975 -0.0644144 -0.016 0.0452507 -0.064341 0.016 0.045439 -0.0632428 0.016 0.0454642 -0.063361 -0.016 0.0454778 -0.0634689 0.016 0.0454778 -0.0636984 0.016 0.0454827 -0.0635836 -0.016 0.0454642 -0.0638063 -0.016 0.0452507 -0.0628263 0.016 0.0451066 -0.0626478 0.016 0.0451975 -0.0627529 -0.016 0.0454094 -0.0631445 -0.016 0.0453626 -0.0630265 0.016 0.0453196 -0.0629399 -0.016 0.0446734 -0.062345 -0.016 0.044739 -0.0623759 0.016 0.0445262 -0.0622904 0.016 0.0448699 -0.0624513 -0.016 0.0450462 -0.0625885 -0.016 0.0449344 -0.0624962 0.016 0.0440184 -0.0622357 -0.016 0.0442418 -0.0622357 -0.016 0.0440727 -0.0622323 0.016 0.0443019 -0.0622421 0.016 0.0444621 -0.0622725 -0.016 0.0438452 -0.0622615 0.016 0.0436258 -0.0623286 0.016 0.0437981 -0.0622725 -0.016 0.043421 -0.0624319 0.016 0.0435868 -0.062345 -0.016 0.0433903 -0.0624513 -0.016 0.0432365 -0.0625683 0.016 0.0430778 -0.0627339 0.016 0.043214 -0.0625885 -0.016 0.0429493 -0.062924 0.016 0.0430628 -0.0627529 -0.016 0.0429406 -0.0629399 -0.016 0.0428548 -0.0631331 0.016 0.042797 -0.0633551 0.016 0.0428508 -0.0631445 -0.016 0.042796 -0.063361 -0.016 0.0748508 -0.00513309 -0.016 0.074797 -0.0049225 0.016 0.0748548 -0.00514451 0.016 0.0747776 -0.00469392 0.016 0.074796 -0.00491654 -0.016 0.0747776 -0.00469392 -0.016 0.0750778 -0.00554362 0.016 0.0752365 -0.00570924 0.016 0.0752141 -0.00568902 -0.016 0.0750628 -0.00552467 -0.016 0.0749406 -0.00533766 -0.016 0.0749493 -0.00535355 0.016 0.0757981 -0.00600508 -0.016 0.0756258 -0.00594894 0.016 0.0758452 -0.00601611 0.016 0.0755868 -0.00593255 -0.016 0.0753903 -0.00582623 -0.016 0.075421 -0.00584566 0.016 0.0765262 -0.00598718 0.016 0.0764621 -0.00600508 -0.016 0.0763019 -0.00603552 0.016 0.0760727 -0.00604525 0.016 0.0762418 -0.00604185 -0.016 0.0760184 -0.00604185 -0.016 0.0769344 -0.00578137 0.016 0.0771066 -0.0056298 0.016 0.0770462 -0.00568902 -0.016 0.0766734 -0.00593255 -0.016 0.076739 -0.00590165 0.016 0.0768699 -0.00582623 -0.016 0.0774094 -0.00513309 -0.016 0.0773626 -0.00525104 0.016 0.077439 -0.00503473 0.016 0.0773196 -0.00533766 -0.016 0.0771975 -0.00552467 -0.016 0.0772507 -0.00545131 0.016 0.077439 -0.00435311 0.016 0.0774642 -0.0044713 -0.016 0.0774778 -0.00457922 0.016 0.0774778 -0.00480862 0.016 0.0774827 -0.00469392 -0.016 0.0774642 -0.00491654 -0.016 0.0772507 -0.00393653 0.016 0.0771066 -0.00375804 0.016 0.0771975 -0.00386317 -0.016 0.0774094 -0.00425475 -0.016 0.0773626 -0.0041368 0.016 0.0773196 -0.00405018 -0.016 0.0766734 -0.00345529 -0.016 0.076739 -0.00348619 0.016 0.0765262 -0.00340066 0.016 0.0768699 -0.00356161 -0.016 0.0770462 -0.00369882 -0.016 0.0769344 -0.00360647 0.016 0.0760184 -0.00334599 -0.016 0.0762418 -0.00334599 -0.016 0.0760727 -0.00334259 0.016 0.0763019 -0.00335233 0.016 0.0764621 -0.00338276 -0.016 0.0758452 -0.00337173 0.016 0.0756258 -0.0034389 0.016 0.0757981 -0.00338276 -0.016 0.075421 -0.00354218 0.016 0.0755868 -0.00345529 -0.016 0.0753903 -0.00356161 -0.016 0.0752365 -0.0036786 0.016 0.0750778 -0.00384422 0.016 0.0752141 -0.00369882 -0.016 0.0749493 -0.00403429 0.016 0.0750628 -0.00386317 -0.016 0.0749406 -0.00405018 -0.016 0.0748548 -0.00424333 0.016 0.074797 -0.00446534 0.016 0.0748508 -0.00425475 -0.016 0.074796 -0.0044713 -0.016 0.0482341 -0.00739783 -0.016 0.0481803 -0.00718724 0.016 0.0482381 -0.00740924 0.016 0.0481609 -0.00695866 0.016 0.0481793 -0.00718128 -0.016 0.0481609 -0.00695866 -0.016 0.0484611 -0.00780835 0.016 0.0486198 -0.00797398 0.016 0.0485973 -0.00795376 -0.016 0.0484461 -0.00778941 -0.016 0.0483239 -0.0076024 -0.016 0.0483326 -0.00761829 0.016 0.0491814 -0.00826982 -0.016 0.0490091 -0.00821367 0.016 0.0492285 -0.00828085 0.016 0.0489701 -0.00819728 -0.016 0.0487736 -0.00809096 -0.016 0.0488043 -0.00811039 0.016 0.0499095 -0.00825192 0.016 0.0498454 -0.00826982 -0.016 0.0496852 -0.00830025 0.016 0.049456 -0.00830999 0.016 0.0496251 -0.00830659 -0.016 0.0494017 -0.00830659 -0.016 0.0503177 -0.0080461 0.016 0.0504899 -0.00789454 0.016 0.0504295 -0.00795376 -0.016 0.0500567 -0.00819728 -0.016 0.0501223 -0.00816638 0.016 0.0502532 -0.00809096 -0.016 0.0507927 -0.00739783 -0.016 0.0507459 -0.00751577 0.016 0.0508223 -0.00729947 0.016 0.0507029 -0.0076024 -0.016 0.0505808 -0.00778941 -0.016 0.050634 -0.00771605 0.016 0.0508223 -0.00661784 0.016 0.0508475 -0.00673603 -0.016 0.0508611 -0.00684395 0.016 0.0508611 -0.00707336 0.016 0.050866 -0.00695866 -0.016 0.0508475 -0.00718128 -0.016 0.050634 -0.00620126 0.016 0.0504899 -0.00602277 0.016 0.0505808 -0.0061279 -0.016 0.0507927 -0.00651948 -0.016 0.0507459 -0.00640154 0.016 0.0507029 -0.00631491 -0.016 0.0500567 -0.00572003 -0.016 0.0501223 -0.00575093 0.016 0.0499095 -0.00566539 0.016 0.0502532 -0.00582635 -0.016 0.0504295 -0.00596355 -0.016 0.0503177 -0.00587121 0.016 0.0494017 -0.00561072 -0.016 0.0496251 -0.00561072 -0.016 0.049456 -0.00560732 0.016 0.0496852 -0.00561706 0.016 0.0498454 -0.00564749 -0.016 0.0492285 -0.00563646 0.016 0.0490091 -0.00570364 0.016 0.0491814 -0.00564749 -0.016 0.0488043 -0.00580692 0.016 0.0489701 -0.00572003 -0.016 0.0487736 -0.00582635 -0.016 0.0486198 -0.00594333 0.016 0.0484611 -0.00610896 0.016 0.0485973 -0.00596355 -0.016 0.0483326 -0.00629902 0.016 0.0484461 -0.0061279 -0.016 0.0483239 -0.00631491 -0.016 0.0482381 -0.00650807 0.016 0.0481803 -0.00673007 0.016 0.0482341 -0.00651948 -0.016 0.0481793 -0.00673603 -0.016 -0.0507927 -0.00739783 -0.016 -0.0508465 -0.00718724 0.016 -0.0507887 -0.00740924 0.016 -0.050866 -0.00695866 0.016 -0.0508475 -0.00718128 -0.016 -0.050866 -0.00695866 -0.016 -0.0505657 -0.00780835 0.016 -0.050407 -0.00797398 0.016 -0.0504295 -0.00795376 -0.016 -0.0505808 -0.00778941 -0.016 -0.0507029 -0.0076024 -0.016 -0.0506942 -0.00761829 0.016 -0.0498454 -0.00826982 -0.016 -0.0500177 -0.00821367 0.016 -0.0497984 -0.00828085 0.016 -0.0500567 -0.00819728 -0.016 -0.0502532 -0.00809096 -0.016 -0.0502226 -0.00811039 0.016 -0.0491173 -0.00825192 0.016 -0.0491814 -0.00826982 -0.016 -0.0493416 -0.00830025 0.016 -0.0495708 -0.00830999 0.016 -0.0494017 -0.00830659 -0.016 -0.0496251 -0.00830659 -0.016 -0.0487091 -0.0080461 0.016 -0.0485369 -0.00789454 0.016 -0.0485973 -0.00795376 -0.016 -0.0489701 -0.00819728 -0.016 -0.0489045 -0.00816638 0.016 -0.0487736 -0.00809096 -0.016 -0.0482341 -0.00739783 -0.016 -0.0482809 -0.00751577 0.016 -0.0482045 -0.00729947 0.016 -0.0483239 -0.0076024 -0.016 -0.0484461 -0.00778941 -0.016 -0.0483928 -0.00771605 0.016 -0.0482045 -0.00661784 0.016 -0.0481793 -0.00673603 -0.016 -0.0481657 -0.00684395 0.016 -0.0481657 -0.00707336 0.016 -0.0481609 -0.00695866 -0.016 -0.0481793 -0.00718128 -0.016 -0.0483928 -0.00620126 0.016 -0.0485369 -0.00602277 0.016 -0.0484461 -0.0061279 -0.016 -0.0482341 -0.00651948 -0.016 -0.0482809 -0.00640154 0.016 -0.0483239 -0.00631491 -0.016 -0.0489701 -0.00572003 -0.016 -0.0489045 -0.00575093 0.016 -0.0491173 -0.00566539 0.016 -0.0487736 -0.00582635 -0.016 -0.0485973 -0.00596355 -0.016 -0.0487091 -0.00587121 0.016 -0.0496251 -0.00561072 -0.016 -0.0494017 -0.00561072 -0.016 -0.0495708 -0.00560732 0.016 -0.0493416 -0.00561706 0.016 -0.0491814 -0.00564749 -0.016 -0.0497984 -0.00563646 0.016 -0.0500177 -0.00570364 0.016 -0.0498454 -0.00564749 -0.016 -0.0502226 -0.00580692 0.016 -0.0500567 -0.00572003 -0.016 -0.0502532 -0.00582635 -0.016 -0.050407 -0.00594333 0.016 -0.0505657 -0.00610896 0.016 -0.0504295 -0.00596355 -0.016 -0.0506942 -0.00629902 0.016 -0.0505808 -0.0061279 -0.016 -0.0507029 -0.00631491 -0.016 -0.0507887 -0.00650807 0.016 -0.0508465 -0.00673007 0.016 -0.0507927 -0.00651948 -0.016 -0.0508475 -0.00673603 -0.016 0.0342207 0.0652403 -0.016 0.0341669 0.0654509 0.016 0.0342247 0.0652289 0.016 0.0341474 0.0656795 0.016 0.0341659 0.0654569 -0.016 0.0341474 0.0656795 -0.016 0.0344477 0.0648298 0.016 0.0346064 0.0646642 0.016 0.0345839 0.0646844 -0.016 0.0344326 0.0648487 -0.016 0.0343105 0.0650358 -0.016 0.0343192 0.0650199 0.016 0.035168 0.0643683 -0.016 0.0349957 0.0644245 0.016 0.035215 0.0643573 0.016 0.0349567 0.0644409 -0.016 0.0347602 0.0645472 -0.016 0.0347908 0.0645278 0.016 0.0358961 0.0643862 0.016 0.035832 0.0643683 -0.016 0.0356718 0.0643379 0.016 0.0354426 0.0643282 0.016 0.0356117 0.0643316 -0.016 0.0353883 0.0643316 -0.016 0.0363043 0.064592 0.016 0.0364765 0.0647436 0.016 0.0364161 0.0646844 -0.016 0.0360433 0.0644409 -0.016 0.0361089 0.0644718 0.016 0.0362398 0.0645472 -0.016 0.0367793 0.0652403 -0.016 0.0367325 0.0651224 0.016 0.0368089 0.0653387 0.016 0.0366895 0.0650358 -0.016 0.0365674 0.0648487 -0.016 0.0366206 0.0649221 0.016 0.0368089 0.0660203 0.016 0.0368341 0.0659021 -0.016 0.0368477 0.0657942 0.016 0.0368477 0.0655648 0.016 0.0368525 0.0656795 -0.016 0.0368341 0.0654569 -0.016 0.0366206 0.0664369 0.016 0.0364765 0.0666154 0.016 0.0365674 0.0665102 -0.016 0.0367793 0.0661187 -0.016 0.0367325 0.0662366 0.016 0.0366895 0.0663232 -0.016 0.0360433 0.0669181 -0.016 0.0361089 0.0668872 0.016 0.0358961 0.0669728 0.016 0.0362398 0.0668118 -0.016 0.0364161 0.0666746 -0.016 0.0363043 0.0667669 0.016 0.0353883 0.0670274 -0.016 0.0356117 0.0670274 -0.016 0.0354426 0.0670308 0.016 0.0356718 0.0670211 0.016 0.035832 0.0669907 -0.016 0.035215 0.0670017 0.016 0.0349957 0.0669345 0.016 0.035168 0.0669907 -0.016 0.0347908 0.0668312 0.016 0.0349567 0.0669181 -0.016 0.0347602 0.0668118 -0.016 0.0346064 0.0666948 0.016 0.0344477 0.0665292 0.016 0.0345839 0.0666746 -0.016 0.0343192 0.0663391 0.016 0.0344326 0.0665102 -0.016 0.0343105 0.0663232 -0.016 0.0342247 0.0661301 0.016 0.0341669 0.0659081 0.016 0.0342207 0.0661187 -0.016 0.0341659 0.0659021 -0.016 -0.0200096 0.04592 -0.016 -0.0200634 0.0461306 0.016 -0.0200056 0.0459086 0.016 -0.0200829 0.0463592 0.016 -0.0200644 0.0461366 -0.016 -0.0200829 0.0463592 -0.016 -0.0197827 0.0455095 0.016 -0.0196239 0.0453439 0.016 -0.0196464 0.0453641 -0.016 -0.0197977 0.0455284 -0.016 -0.0199199 0.0457155 -0.016 -0.0199111 0.0456996 0.016 -0.0190624 0.045048 -0.016 -0.0192346 0.0451042 0.016 -0.0190153 0.045037 0.016 -0.0192736 0.0451206 -0.016 -0.0194701 0.0452269 -0.016 -0.0194395 0.0452075 0.016 -0.0183343 0.0450659 0.016 -0.0183983 0.045048 -0.016 -0.0185585 0.0450176 0.016 -0.0187877 0.0450079 0.016 -0.0186186 0.0450113 -0.016 -0.018842 0.0450113 -0.016 -0.0179261 0.0452717 0.016 -0.0177538 0.0454233 0.016 -0.0178143 0.0453641 -0.016 -0.018187 0.0451206 -0.016 -0.0181214 0.0451515 0.016 -0.0179906 0.0452269 -0.016 -0.0174511 0.04592 -0.016 -0.0174978 0.0458021 0.016 -0.0174214 0.0460184 0.016 -0.0175408 0.0457155 -0.016 -0.017663 0.0455284 -0.016 -0.0176097 0.0456018 0.016 -0.0174214 0.0467 0.016 -0.0173962 0.0465818 -0.016 -0.0173827 0.0464739 0.016 -0.0173827 0.0462445 0.016 -0.0173778 0.0463592 -0.016 -0.0173962 0.0461366 -0.016 -0.0176097 0.0471166 0.016 -0.0177538 0.0472951 0.016 -0.017663 0.0471899 -0.016 -0.0174511 0.0467984 -0.016 -0.0174978 0.0469163 0.016 -0.0175408 0.0470029 -0.016 -0.018187 0.0475978 -0.016 -0.0181214 0.0475669 0.016 -0.0183343 0.0476525 0.016 -0.0179906 0.0474915 -0.016 -0.0178143 0.0473543 -0.016 -0.0179261 0.0474466 0.016 -0.018842 0.0477071 -0.016 -0.0186186 0.0477071 -0.016 -0.0187877 0.0477105 0.016 -0.0185585 0.0477008 0.016 -0.0183983 0.0476704 -0.016 -0.0190153 0.0476814 0.016 -0.0192346 0.0476142 0.016 -0.0190624 0.0476704 -0.016 -0.0194395 0.0475109 0.016 -0.0192736 0.0475978 -0.016 -0.0194701 0.0474915 -0.016 -0.0196239 0.0473745 0.016 -0.0197827 0.0472089 0.016 -0.0196464 0.0473543 -0.016 -0.0199111 0.0470188 0.016 -0.0197977 0.0471899 -0.016 -0.0199199 0.0470029 -0.016 -0.0200056 0.0468098 0.016 -0.0200634 0.0465878 0.016 -0.0200096 0.0467984 -0.016 -0.0200644 0.0465818 -0.016 -0.0498771 -0.0619604 0.0108108 -0.0601447 -0.0678263 0.0110214 -0.0601158 -0.0678763 0.0107994 -0.0601545 -0.0678094 0.01125 -0.0499045 -0.0619129 0.0110274 -0.0499137 -0.0618969 0.01125 -0.0600044 -0.0680694 0.0104003 -0.059925 -0.0682069 0.0102347 -0.0496955 -0.0622749 0.0102549 -0.0497711 -0.0621439 0.0104192 -0.0498322 -0.0620381 0.0106063 -0.0600686 -0.0679582 0.0105904 -0.0494035 -0.0627807 0.00993884 -0.0597303 -0.068544 0.00999498 -0.0596207 -0.068734 0.00992781 -0.0495091 -0.0625977 0.0100114 -0.0496073 -0.0624276 0.0101177 -0.0598328 -0.0683666 0.0100983 -0.0592802 -0.0693238 0.00995674 -0.0490714 -0.0633558 0.00993884 -0.0593923 -0.0691295 0.00990841 -0.0595069 -0.068931 0.00989867 -0.0491816 -0.063165 0.00990207 -0.0492933 -0.0629715 0.00990207 -0.059076 -0.0696773 0.0101626 -0.0589899 -0.0698264 0.0103141 -0.0487794 -0.0638616 0.0102549 -0.0489658 -0.0635388 0.0100114 -0.0591737 -0.0695081 0.0100423 -0.0488675 -0.0637089 0.0101177 -0.0485978 -0.0641761 0.0108108 -0.0588619 -0.0700481 0.0106929 -0.0588237 -0.0701143 0.0109092 -0.0486427 -0.0640984 0.0106063 -0.0487038 -0.0639926 0.0104192 -0.0589179 -0.0699512 0.0104926 -0.0588237 -0.0701143 0.0115908 -0.0485704 -0.0642236 0.0114726 -0.0588043 -0.0701479 0.0113647 -0.0588043 -0.0701479 0.0111353 -0.0485612 -0.0642396 0.01125 -0.0485704 -0.0642236 0.0110274 -0.0589179 -0.0699512 0.0120074 -0.0589899 -0.0698264 0.0121859 -0.0487038 -0.0639926 0.0120808 -0.0485978 -0.0641761 0.0116892 -0.0588619 -0.0700481 0.0118071 -0.0486427 -0.0640984 0.0118937 -0.0489658 -0.0635388 0.0124886 -0.0591737 -0.0695081 0.0124577 -0.0592802 -0.0693238 0.0125433 -0.0488675 -0.0637089 0.0123823 -0.0487794 -0.0638616 0.0122451 -0.059076 -0.0696773 0.0123374 -0.0492933 -0.0629715 0.0125979 -0.0491816 -0.063165 0.0125979 -0.0595069 -0.068931 0.0126013 -0.0593923 -0.0691295 0.0125916 -0.0490714 -0.0633558 0.0125612 -0.0596207 -0.068734 0.0125722 -0.0597303 -0.068544 0.012505 -0.0494035 -0.0627807 0.0125612 -0.0598328 -0.0683666 0.0124017 -0.0495091 -0.0625977 0.0124886 -0.0496073 -0.0624276 0.0123823 -0.059925 -0.0682069 0.0122653 -0.0600044 -0.0680694 0.0120997 -0.0496955 -0.0622749 0.0122451 -0.0600686 -0.0679582 0.0119096 -0.0497711 -0.0621439 0.0120808 -0.0498322 -0.0620381 0.0118937 -0.0601158 -0.0678763 0.0117006 -0.0601447 -0.0678263 0.0114786 -0.0498771 -0.0619604 0.0116892 -0.0499045 -0.0619129 0.0114726 -0.0498771 -0.0619604 -0.0116892 -0.0601447 -0.0678263 -0.0114786 -0.0601158 -0.0678763 -0.0117006 -0.0601545 -0.0678094 -0.01125 -0.0499045 -0.0619129 -0.0114726 -0.0499137 -0.0618969 -0.01125 -0.0600044 -0.0680694 -0.0120997 -0.059925 -0.0682069 -0.0122653 -0.0496955 -0.0622749 -0.0122451 -0.0497711 -0.0621439 -0.0120808 -0.0498322 -0.0620381 -0.0118937 -0.0600686 -0.0679582 -0.0119096 -0.0494035 -0.0627807 -0.0125612 -0.0597303 -0.068544 -0.012505 -0.0596207 -0.068734 -0.0125722 -0.0495091 -0.0625977 -0.0124886 -0.0496073 -0.0624276 -0.0123823 -0.0598328 -0.0683666 -0.0124017 -0.0592802 -0.0693238 -0.0125433 -0.0490714 -0.0633558 -0.0125612 -0.0593923 -0.0691295 -0.0125916 -0.0595069 -0.068931 -0.0126013 -0.0491816 -0.063165 -0.0125979 -0.0492933 -0.0629715 -0.0125979 -0.059076 -0.0696773 -0.0123374 -0.0589899 -0.0698264 -0.0121859 -0.0487794 -0.0638616 -0.0122451 -0.0489658 -0.0635388 -0.0124886 -0.0591737 -0.0695081 -0.0124577 -0.0488675 -0.0637089 -0.0123823 -0.0485978 -0.0641761 -0.0116892 -0.0588619 -0.0700481 -0.0118071 -0.0588237 -0.0701143 -0.0115908 -0.0486427 -0.0640984 -0.0118937 -0.0487038 -0.0639926 -0.0120808 -0.0589179 -0.0699512 -0.0120074 -0.0588237 -0.0701143 -0.0109092 -0.0485704 -0.0642236 -0.0110274 -0.0588043 -0.0701479 -0.0111353 -0.0588043 -0.0701479 -0.0113647 -0.0485612 -0.0642396 -0.01125 -0.0485704 -0.0642236 -0.0114726 -0.0589179 -0.0699512 -0.0104926 -0.0589899 -0.0698264 -0.0103141 -0.0487038 -0.0639926 -0.0104192 -0.0485978 -0.0641761 -0.0108108 -0.0588619 -0.0700481 -0.0106929 -0.0486427 -0.0640984 -0.0106063 -0.0489658 -0.0635388 -0.0100114 -0.0591737 -0.0695081 -0.0100423 -0.0592802 -0.0693238 -0.00995674 -0.0488675 -0.0637089 -0.0101177 -0.0487794 -0.0638616 -0.0102549 -0.059076 -0.0696773 -0.0101626 -0.0492933 -0.0629715 -0.00990207 -0.0491816 -0.063165 -0.00990207 -0.0595069 -0.068931 -0.00989867 -0.0593923 -0.0691295 -0.00990841 -0.0490714 -0.0633558 -0.00993884 -0.0596207 -0.068734 -0.00992781 -0.0597303 -0.068544 -0.00999498 -0.0494035 -0.0627807 -0.00993884 -0.0598328 -0.0683666 -0.0100983 -0.0495091 -0.0625977 -0.0100114 -0.0496073 -0.0624276 -0.0101177 -0.059925 -0.0682069 -0.0102347 -0.0600044 -0.0680694 -0.0104003 -0.0496955 -0.0622749 -0.0102549 -0.0600686 -0.0679582 -0.0105904 -0.0497711 -0.0621439 -0.0104192 -0.0498322 -0.0620381 -0.0106063 -0.0601158 -0.0678763 -0.0107994 -0.0601447 -0.0678263 -0.0110214 -0.0498771 -0.0619604 -0.0108108 -0.0499045 -0.0619129 -0.0110274 -0.0798771 -0.00999886 0.0108108 -0.0901447 -0.0158647 0.0110214 -0.0901158 -0.0159148 0.0107994 -0.0901545 -0.0158479 0.01125 -0.0799045 -0.00995137 0.0110274 -0.0799137 -0.00993539 0.01125 -0.0900043 -0.0161079 0.0104003 -0.089925 -0.0162454 0.0102347 -0.0796955 -0.0103134 0.0102549 -0.0797711 -0.0101824 0.0104192 -0.0798322 -0.0100766 0.0106063 -0.0900686 -0.0159966 0.0105904 -0.0794035 -0.0108192 0.00993884 -0.0897303 -0.0165825 0.00999498 -0.0896207 -0.0167725 0.00992781 -0.0795091 -0.0106362 0.0100114 -0.0796073 -0.0104661 0.0101177 -0.0898328 -0.0164051 0.0100983 -0.0892802 -0.0173622 0.00995674 -0.0790714 -0.0113943 0.00993884 -0.0893923 -0.017168 0.00990841 -0.0895069 -0.0169695 0.00989867 -0.0791816 -0.0112035 0.00990207 -0.0792933 -0.01101 0.00990207 -0.089076 -0.0177158 0.0101626 -0.0889899 -0.0178649 0.0103141 -0.0787794 -0.0119001 0.0102549 -0.0789658 -0.0115773 0.0100114 -0.0891737 -0.0175466 0.0100423 -0.0788675 -0.0117474 0.0101177 -0.0785978 -0.0122146 0.0108108 -0.0888619 -0.0180866 0.0106929 -0.0888237 -0.0181528 0.0109092 -0.0786427 -0.0121369 0.0106063 -0.0787038 -0.0120311 0.0104192 -0.0889179 -0.0179897 0.0104926 -0.0888237 -0.0181528 0.0115908 -0.0785704 -0.0122621 0.0114726 -0.0888043 -0.0181864 0.0113647 -0.0888043 -0.0181864 0.0111353 -0.0785612 -0.0122781 0.01125 -0.0785704 -0.0122621 0.0110274 -0.0889179 -0.0179897 0.0120074 -0.0889899 -0.0178649 0.0121859 -0.0787038 -0.0120311 0.0120808 -0.0785978 -0.0122146 0.0116892 -0.0888619 -0.0180866 0.0118071 -0.0786427 -0.0121369 0.0118937 -0.0789658 -0.0115773 0.0124886 -0.0891737 -0.0175466 0.0124577 -0.0892802 -0.0173622 0.0125433 -0.0788675 -0.0117474 0.0123823 -0.0787794 -0.0119001 0.0122451 -0.089076 -0.0177158 0.0123374 -0.0792933 -0.01101 0.0125979 -0.0791816 -0.0112035 0.0125979 -0.0895069 -0.0169695 0.0126013 -0.0893923 -0.017168 0.0125916 -0.0790714 -0.0113943 0.0125612 -0.0896207 -0.0167725 0.0125722 -0.0897303 -0.0165825 0.012505 -0.0794035 -0.0108192 0.0125612 -0.0898328 -0.0164051 0.0124017 -0.0795091 -0.0106362 0.0124886 -0.0796073 -0.0104661 0.0123823 -0.089925 -0.0162454 0.0122653 -0.0900043 -0.0161079 0.0120997 -0.0796955 -0.0103134 0.0122451 -0.0900686 -0.0159966 0.0119096 -0.0797711 -0.0101824 0.0120808 -0.0798322 -0.0100766 0.0118937 -0.0901158 -0.0159148 0.0117006 -0.0901447 -0.0158647 0.0114786 -0.0798771 -0.00999886 0.0116892 -0.0799045 -0.00995137 0.0114726 -0.0798771 -0.00999886 -0.0116892 -0.0901447 -0.0158647 -0.0114786 -0.0901158 -0.0159148 -0.0117006 -0.0901545 -0.0158479 -0.01125 -0.0799045 -0.00995137 -0.0114726 -0.0799137 -0.00993539 -0.01125 -0.0900043 -0.0161079 -0.0120997 -0.089925 -0.0162454 -0.0122653 -0.0796955 -0.0103134 -0.0122451 -0.0797711 -0.0101824 -0.0120808 -0.0798322 -0.0100766 -0.0118937 -0.0900686 -0.0159966 -0.0119096 -0.0794035 -0.0108192 -0.0125612 -0.0897303 -0.0165825 -0.012505 -0.0896207 -0.0167725 -0.0125722 -0.0795091 -0.0106362 -0.0124886 -0.0796073 -0.0104661 -0.0123823 -0.0898328 -0.0164051 -0.0124017 -0.0892802 -0.0173622 -0.0125433 -0.0790714 -0.0113943 -0.0125612 -0.0893923 -0.017168 -0.0125916 -0.0895069 -0.0169695 -0.0126013 -0.0791816 -0.0112035 -0.0125979 -0.0792933 -0.01101 -0.0125979 -0.089076 -0.0177158 -0.0123374 -0.0889899 -0.0178649 -0.0121859 -0.0787794 -0.0119001 -0.0122451 -0.0789658 -0.0115773 -0.0124886 -0.0891737 -0.0175466 -0.0124577 -0.0788675 -0.0117474 -0.0123823 -0.0785978 -0.0122146 -0.0116892 -0.0888619 -0.0180866 -0.0118071 -0.0888237 -0.0181528 -0.0115908 -0.0786427 -0.0121369 -0.0118937 -0.0787038 -0.0120311 -0.0120808 -0.0889179 -0.0179897 -0.0120074 -0.0888237 -0.0181528 -0.0109092 -0.0785704 -0.0122621 -0.0110274 -0.0888043 -0.0181864 -0.0111353 -0.0888043 -0.0181864 -0.0113647 -0.0785612 -0.0122781 -0.01125 -0.0785704 -0.0122621 -0.0114726 -0.0889179 -0.0179897 -0.0104926 -0.0889899 -0.0178649 -0.0103141 -0.0787038 -0.0120311 -0.0104192 -0.0785978 -0.0122146 -0.0108108 -0.0888619 -0.0180866 -0.0106929 -0.0786427 -0.0121369 -0.0106063 -0.0789658 -0.0115773 -0.0100114 -0.0891737 -0.0175466 -0.0100423 -0.0892802 -0.0173622 -0.00995674 -0.0788675 -0.0117474 -0.0101177 -0.0787794 -0.0119001 -0.0102549 -0.089076 -0.0177158 -0.0101626 -0.0792933 -0.01101 -0.00990207 -0.0791816 -0.0112035 -0.00990207 -0.0895069 -0.0169695 -0.00989867 -0.0893923 -0.017168 -0.00990841 -0.0790714 -0.0113943 -0.00993884 -0.0896207 -0.0167725 -0.00992781 -0.0897303 -0.0165825 -0.00999498 -0.0794035 -0.0108192 -0.00993884 -0.0898328 -0.0164051 -0.0100983 -0.0795091 -0.0106362 -0.0100114 -0.0796073 -0.0104661 -0.0101177 -0.089925 -0.0162454 -0.0102347 -0.0900043 -0.0161079 -0.0104003 -0.0796955 -0.0103134 -0.0102549 -0.0900686 -0.0159966 -0.0105904 -0.0797711 -0.0101824 -0.0104192 -0.0798322 -0.0100766 -0.0106063 -0.0901158 -0.0159148 -0.0107994 -0.0901447 -0.0158647 -0.0110214 -0.0798771 -0.00999886 -0.0108108 -0.0799045 -0.00995137 -0.0110274 0.0879451 -0.0176746 0.0114726 0.0888116 -0.0181737 0.0114786 0.0888019 -0.0181906 0.01125 0.088952 -0.0179306 0.0120997 0.0888878 -0.0180418 0.0119096 0.0880785 -0.0174436 0.0120808 0.0888405 -0.0181237 0.0117006 0.0879725 -0.0176271 0.0116892 0.0880174 -0.0175494 0.0118937 0.0883405 -0.0169898 0.0124886 0.089226 -0.017456 0.012505 0.0891236 -0.0176334 0.0124017 0.0881541 -0.0173126 0.0122451 0.0882423 -0.0171599 0.0123823 0.0890314 -0.0177931 0.0122653 0.0894495 -0.017069 0.0126013 0.088668 -0.0164225 0.0125979 0.0895641 -0.0168705 0.0125916 0.0893357 -0.017266 0.0125722 0.0884461 -0.0168068 0.0125612 0.0885563 -0.016616 0.0125979 0.0898803 -0.0163227 0.0123374 0.0897826 -0.0164919 0.0124577 0.088982 -0.0158786 0.0123823 0.0888838 -0.0160487 0.0124886 0.0896762 -0.0166762 0.0125433 0.0887782 -0.0162317 0.0125612 0.0892069 -0.0154891 0.0118937 0.0900944 -0.0159519 0.0118071 0.0900385 -0.0160488 0.0120074 0.0890702 -0.0157259 0.0122451 0.0891458 -0.0155949 0.0120808 0.0899664 -0.0161736 0.0121859 0.090152 -0.0158521 0.0113647 0.0892884 -0.0153479 0.01125 0.090152 -0.0158521 0.0111353 0.0901326 -0.0158857 0.0115908 0.0892518 -0.0154114 0.0116892 0.0892792 -0.0153639 0.0114726 0.0900385 -0.0160488 0.0104926 0.0900944 -0.0159519 0.0106929 0.0892069 -0.0154891 0.0106063 0.0892518 -0.0154114 0.0108108 0.0901326 -0.0158857 0.0109092 0.0892792 -0.0153639 0.0110274 0.088982 -0.0158786 0.0101177 0.0897826 -0.0164919 0.0100423 0.0898803 -0.0163227 0.0101626 0.0891458 -0.0155949 0.0104192 0.0890702 -0.0157259 0.0102549 0.0899664 -0.0161736 0.0103141 0.0895641 -0.0168705 0.00990841 0.088668 -0.0164225 0.00990207 0.0894495 -0.017069 0.00989867 0.0896762 -0.0166762 0.00995674 0.0888838 -0.0160487 0.0100114 0.0887782 -0.0162317 0.00993884 0.0885563 -0.016616 0.00990207 0.0884461 -0.0168068 0.00993884 0.0893357 -0.017266 0.00992781 0.0883405 -0.0169898 0.0100114 0.089226 -0.017456 0.00999498 0.0891236 -0.0176334 0.0100983 0.0882423 -0.0171599 0.0101177 0.0881541 -0.0173126 0.0102549 0.0890314 -0.0177931 0.0102347 0.0880785 -0.0174436 0.0104192 0.088952 -0.0179306 0.0104003 0.0888878 -0.0180418 0.0105904 0.0880174 -0.0175494 0.0106063 0.0879725 -0.0176271 0.0108108 0.0888405 -0.0181237 0.0107994 0.0879451 -0.0176746 0.0110274 0.0888116 -0.0181737 0.0110214 0.0879359 -0.0176906 0.01125 0.0892884 -0.0153479 0.01125 0.0879083 -0.0161129 0.01125 0.0892792 -0.0153639 0.0110274 0.0892792 -0.0153639 0.0114726 0.0892069 -0.0154891 0.0106063 0.0892518 -0.0154114 0.0108108 0.0890702 -0.0157259 0.0102549 0.0891458 -0.0155949 0.0104192 0.0888838 -0.0160487 0.0100114 0.088982 -0.0158786 0.0101177 0.088668 -0.0164225 0.00990207 0.0887782 -0.0162317 0.00993884 0.0884461 -0.0168068 0.00993884 0.0885563 -0.016616 0.00990207 0.0882423 -0.0171599 0.0101177 0.0883405 -0.0169898 0.0100114 0.0880785 -0.0174436 0.0104192 0.0881541 -0.0173126 0.0102549 0.0879725 -0.0176271 0.0108108 0.0880174 -0.0175494 0.0106063 0.0879359 -0.0176906 0.01125 0.0879451 -0.0176746 0.0110274 0.0879451 -0.0176746 0.0114726 0.0880174 -0.0175494 0.0118937 0.0879725 -0.0176271 0.0116892 0.0881541 -0.0173126 0.0122451 0.0880785 -0.0174436 0.0120808 0.0883405 -0.0169898 0.0124886 0.0882423 -0.0171599 0.0123823 0.0885563 -0.016616 0.0125979 0.0884461 -0.0168068 0.0125612 0.0887782 -0.0162317 0.0125612 0.088668 -0.0164225 0.0125979 0.088982 -0.0158786 0.0123823 0.0888838 -0.0160487 0.0124886 0.0891458 -0.0155949 0.0120808 0.0890702 -0.0157259 0.0122451 0.0892518 -0.0154114 0.0116892 0.0892069 -0.0154891 0.0118937 0.0879451 -0.0176746 -0.0110274 0.0888116 -0.0181737 -0.0110214 0.0888019 -0.0181906 -0.01125 0.088952 -0.0179306 -0.0104003 0.0888878 -0.0180418 -0.0105904 0.0880785 -0.0174436 -0.0104192 0.0888405 -0.0181237 -0.0107994 0.0879725 -0.0176271 -0.0108108 0.0880174 -0.0175494 -0.0106063 0.0883405 -0.0169898 -0.0100114 0.089226 -0.017456 -0.00999498 0.0891236 -0.0176334 -0.0100983 0.0881541 -0.0173126 -0.0102549 0.0882423 -0.0171599 -0.0101177 0.0890314 -0.0177931 -0.0102347 0.0894495 -0.017069 -0.00989867 0.088668 -0.0164225 -0.00990207 0.0895641 -0.0168705 -0.00990841 0.0893357 -0.017266 -0.00992781 0.0884461 -0.0168068 -0.00993884 0.0885563 -0.016616 -0.00990207 0.0898803 -0.0163227 -0.0101626 0.0897826 -0.0164919 -0.0100423 0.088982 -0.0158786 -0.0101177 0.0888838 -0.0160487 -0.0100114 0.0896762 -0.0166762 -0.00995674 0.0887782 -0.0162317 -0.00993884 0.0892069 -0.0154891 -0.0106063 0.0900944 -0.0159519 -0.0106929 0.0900385 -0.0160488 -0.0104926 0.0890702 -0.0157259 -0.0102549 0.0891458 -0.0155949 -0.0104192 0.0899664 -0.0161736 -0.0103141 0.090152 -0.0158521 -0.0111353 0.0892884 -0.0153479 -0.01125 0.090152 -0.0158521 -0.0113647 0.0901326 -0.0158857 -0.0109092 0.0892518 -0.0154114 -0.0108108 0.0892792 -0.0153639 -0.0110274 0.0900385 -0.0160488 -0.0120074 0.0900944 -0.0159519 -0.0118071 0.0892069 -0.0154891 -0.0118937 0.0892518 -0.0154114 -0.0116892 0.0901326 -0.0158857 -0.0115908 0.0892792 -0.0153639 -0.0114726 0.088982 -0.0158786 -0.0123823 0.0897826 -0.0164919 -0.0124577 0.0898803 -0.0163227 -0.0123374 0.0891458 -0.0155949 -0.0120808 0.0890702 -0.0157259 -0.0122451 0.0899664 -0.0161736 -0.0121859 0.0895641 -0.0168705 -0.0125916 0.088668 -0.0164225 -0.0125979 0.0894495 -0.017069 -0.0126013 0.0896762 -0.0166762 -0.0125433 0.0888838 -0.0160487 -0.0124886 0.0887782 -0.0162317 -0.0125612 0.0885563 -0.016616 -0.0125979 0.0884461 -0.0168068 -0.0125612 0.0893357 -0.017266 -0.0125722 0.0883405 -0.0169898 -0.0124886 0.089226 -0.017456 -0.012505 0.0891236 -0.0176334 -0.0124017 0.0882423 -0.0171599 -0.0123823 0.0881541 -0.0173126 -0.0122451 0.0890314 -0.0177931 -0.0122653 0.0880785 -0.0174436 -0.0120808 0.088952 -0.0179306 -0.0120997 0.0888878 -0.0180418 -0.0119096 0.0880174 -0.0175494 -0.0118937 0.0879725 -0.0176271 -0.0116892 0.0888405 -0.0181237 -0.0117006 0.0879451 -0.0176746 -0.0114726 0.0888116 -0.0181737 -0.0114786 0.0879359 -0.0176906 -0.01125 0.0892884 -0.0153479 -0.01125 0.0879083 -0.0161129 -0.01125 0.0892792 -0.0153639 -0.0114726 0.0892792 -0.0153639 -0.0110274 0.0892069 -0.0154891 -0.0118937 0.0892518 -0.0154114 -0.0116892 0.0890702 -0.0157259 -0.0122451 0.0891458 -0.0155949 -0.0120808 0.0888838 -0.0160487 -0.0124886 0.088982 -0.0158786 -0.0123823 0.088668 -0.0164225 -0.0125979 0.0887782 -0.0162317 -0.0125612 0.0884461 -0.0168068 -0.0125612 0.0885563 -0.016616 -0.0125979 0.0882423 -0.0171599 -0.0123823 0.0883405 -0.0169898 -0.0124886 0.0880785 -0.0174436 -0.0120808 0.0881541 -0.0173126 -0.0122451 0.0879725 -0.0176271 -0.0116892 0.0880174 -0.0175494 -0.0118937 0.0879359 -0.0176906 -0.01125 0.0879451 -0.0176746 -0.0114726 0.0879451 -0.0176746 -0.0110274 0.0880174 -0.0175494 -0.0106063 0.0879725 -0.0176271 -0.0108108 0.0881541 -0.0173126 -0.0102549 0.0880785 -0.0174436 -0.0104192 0.0883405 -0.0169898 -0.0100114 0.0882423 -0.0171599 -0.0101177 0.0885563 -0.016616 -0.00990207 0.0884461 -0.0168068 -0.00993884 0.0887782 -0.0162317 -0.00993884 0.088668 -0.0164225 -0.00990207 0.088982 -0.0158786 -0.0101177 0.0888838 -0.0160487 -0.0100114 0.0891458 -0.0155949 -0.0104192 0.0890702 -0.0157259 -0.0102549 0.0892518 -0.0154114 -0.0108108 0.0892069 -0.0154891 -0.0106063 0.0579451 -0.0696361 0.0114726 0.0588116 -0.0701353 0.0114786 0.0588019 -0.0701521 0.01125 0.058952 -0.0698921 0.0120997 0.0588878 -0.0700034 0.0119096 0.0580785 -0.0694051 0.0120808 0.0588405 -0.0700852 0.0117006 0.0579725 -0.0695886 0.0116892 0.0580174 -0.0695109 0.0118937 0.0583405 -0.0689513 0.0124886 0.059226 -0.0694175 0.012505 0.0591236 -0.0695949 0.0124017 0.0581541 -0.0692741 0.0122451 0.0582423 -0.0691214 0.0123823 0.0590314 -0.0697546 0.0122653 0.0594495 -0.0690305 0.0126013 0.058668 -0.068384 0.0125979 0.0595641 -0.068832 0.0125916 0.0593357 -0.0692275 0.0125722 0.0584461 -0.0687683 0.0125612 0.0585563 -0.0685775 0.0125979 0.0598803 -0.0682842 0.0123374 0.0597826 -0.0684534 0.0124577 0.058982 -0.0678401 0.0123823 0.0588838 -0.0680102 0.0124886 0.0596762 -0.0686378 0.0125433 0.0587782 -0.0681932 0.0125612 0.0592069 -0.0674506 0.0118937 0.0600944 -0.0679134 0.0118071 0.0600385 -0.0680103 0.0120074 0.0590702 -0.0676874 0.0122451 0.0591458 -0.0675564 0.0120808 0.0599664 -0.0681351 0.0121859 0.060152 -0.0678136 0.0113647 0.0592884 -0.0673094 0.01125 0.060152 -0.0678136 0.0111353 0.0601326 -0.0678472 0.0115908 0.0592518 -0.0673729 0.0116892 0.0592792 -0.0673254 0.0114726 0.0600385 -0.0680103 0.0104926 0.0600944 -0.0679134 0.0106929 0.0592069 -0.0674506 0.0106063 0.0592518 -0.0673729 0.0108108 0.0601326 -0.0678472 0.0109092 0.0592792 -0.0673254 0.0110274 0.058982 -0.0678401 0.0101177 0.0597826 -0.0684534 0.0100423 0.0598803 -0.0682842 0.0101626 0.0591458 -0.0675564 0.0104192 0.0590702 -0.0676874 0.0102549 0.0599664 -0.0681351 0.0103141 0.0595641 -0.068832 0.00990841 0.058668 -0.068384 0.00990207 0.0594495 -0.0690305 0.00989867 0.0596762 -0.0686378 0.00995674 0.0588838 -0.0680102 0.0100114 0.0587782 -0.0681932 0.00993884 0.0585563 -0.0685775 0.00990207 0.0584461 -0.0687683 0.00993884 0.0593357 -0.0692275 0.00992781 0.0583405 -0.0689513 0.0100114 0.059226 -0.0694175 0.00999498 0.0591236 -0.0695949 0.0100983 0.0582423 -0.0691214 0.0101177 0.0581541 -0.0692741 0.0102549 0.0590314 -0.0697546 0.0102347 0.0580785 -0.0694051 0.0104192 0.058952 -0.0698921 0.0104003 0.0588878 -0.0700034 0.0105904 0.0580174 -0.0695109 0.0106063 0.0579725 -0.0695886 0.0108108 0.0588405 -0.0700852 0.0107994 0.0579451 -0.0696361 0.0110274 0.0588116 -0.0701353 0.0110214 0.0579359 -0.0696521 0.01125 0.0592884 -0.0673094 0.01125 0.0579083 -0.0680744 0.01125 0.0592792 -0.0673254 0.0110274 0.0592792 -0.0673254 0.0114726 0.0592069 -0.0674506 0.0106063 0.0592518 -0.0673729 0.0108108 0.0590702 -0.0676874 0.0102549 0.0591458 -0.0675564 0.0104192 0.0588838 -0.0680102 0.0100114 0.058982 -0.0678401 0.0101177 0.058668 -0.068384 0.00990207 0.0587782 -0.0681932 0.00993884 0.0584461 -0.0687683 0.00993884 0.0585563 -0.0685775 0.00990207 0.0582423 -0.0691214 0.0101177 0.0583405 -0.0689513 0.0100114 0.0580785 -0.0694051 0.0104192 0.0581541 -0.0692741 0.0102549 0.0579725 -0.0695886 0.0108108 0.0580174 -0.0695109 0.0106063 0.0579359 -0.0696521 0.01125 0.0579451 -0.0696361 0.0110274 0.0579451 -0.0696361 0.0114726 0.0580174 -0.0695109 0.0118937 0.0579725 -0.0695886 0.0116892 0.0581541 -0.0692741 0.0122451 0.0580785 -0.0694051 0.0120808 0.0583405 -0.0689513 0.0124886 0.0582423 -0.0691214 0.0123823 0.0585563 -0.0685775 0.0125979 0.0584461 -0.0687683 0.0125612 0.0587782 -0.0681932 0.0125612 0.058668 -0.068384 0.0125979 0.058982 -0.0678401 0.0123823 0.0588838 -0.0680102 0.0124886 0.0591458 -0.0675564 0.0120808 0.0590702 -0.0676874 0.0122451 0.0592518 -0.0673729 0.0116892 0.0592069 -0.0674506 0.0118937 0.0579451 -0.0696361 -0.0110274 0.0588116 -0.0701353 -0.0110214 0.0588019 -0.0701521 -0.01125 0.058952 -0.0698921 -0.0104003 0.0588878 -0.0700034 -0.0105904 0.0580785 -0.0694051 -0.0104192 0.0588405 -0.0700852 -0.0107994 0.0579725 -0.0695886 -0.0108108 0.0580174 -0.0695109 -0.0106063 0.0583405 -0.0689513 -0.0100114 0.059226 -0.0694175 -0.00999498 0.0591236 -0.0695949 -0.0100983 0.0581541 -0.0692741 -0.0102549 0.0582423 -0.0691214 -0.0101177 0.0590314 -0.0697546 -0.0102347 0.0594495 -0.0690305 -0.00989867 0.058668 -0.068384 -0.00990207 0.0595641 -0.068832 -0.00990841 0.0593357 -0.0692275 -0.00992781 0.0584461 -0.0687683 -0.00993884 0.0585563 -0.0685775 -0.00990207 0.0598803 -0.0682842 -0.0101626 0.0597826 -0.0684534 -0.0100423 0.058982 -0.0678401 -0.0101177 0.0588838 -0.0680102 -0.0100114 0.0596762 -0.0686378 -0.00995674 0.0587782 -0.0681932 -0.00993884 0.0592069 -0.0674506 -0.0106063 0.0600944 -0.0679134 -0.0106929 0.0600385 -0.0680103 -0.0104926 0.0590702 -0.0676874 -0.0102549 0.0591458 -0.0675564 -0.0104192 0.0599664 -0.0681351 -0.0103141 0.060152 -0.0678136 -0.0111353 0.0592884 -0.0673094 -0.01125 0.060152 -0.0678136 -0.0113647 0.0601326 -0.0678472 -0.0109092 0.0592518 -0.0673729 -0.0108108 0.0592792 -0.0673254 -0.0110274 0.0600385 -0.0680103 -0.0120074 0.0600944 -0.0679134 -0.0118071 0.0592069 -0.0674506 -0.0118937 0.0592518 -0.0673729 -0.0116892 0.0601326 -0.0678472 -0.0115908 0.0592792 -0.0673254 -0.0114726 0.058982 -0.0678401 -0.0123823 0.0597826 -0.0684534 -0.0124577 0.0598803 -0.0682842 -0.0123374 0.0591458 -0.0675564 -0.0120808 0.0590702 -0.0676874 -0.0122451 0.0599664 -0.0681351 -0.0121859 0.0595641 -0.068832 -0.0125916 0.058668 -0.068384 -0.0125979 0.0594495 -0.0690305 -0.0126013 0.0596762 -0.0686378 -0.0125433 0.0588838 -0.0680102 -0.0124886 0.0587782 -0.0681932 -0.0125612 0.0585563 -0.0685775 -0.0125979 0.0584461 -0.0687683 -0.0125612 0.0593357 -0.0692275 -0.0125722 0.0583405 -0.0689513 -0.0124886 0.059226 -0.0694175 -0.012505 0.0591236 -0.0695949 -0.0124017 0.0582423 -0.0691214 -0.0123823 0.0581541 -0.0692741 -0.0122451 0.0590314 -0.0697546 -0.0122653 0.0580785 -0.0694051 -0.0120808 0.058952 -0.0698921 -0.0120997 0.0588878 -0.0700034 -0.0119096 0.0580174 -0.0695109 -0.0118937 0.0579725 -0.0695886 -0.0116892 0.0588405 -0.0700852 -0.0117006 0.0579451 -0.0696361 -0.0114726 0.0588116 -0.0701353 -0.0114786 0.0579359 -0.0696521 -0.01125 0.0592884 -0.0673094 -0.01125 0.0579083 -0.0680744 -0.01125 0.0592792 -0.0673254 -0.0114726 0.0592792 -0.0673254 -0.0110274 0.0592069 -0.0674506 -0.0118937 0.0592518 -0.0673729 -0.0116892 0.0590702 -0.0676874 -0.0122451 0.0591458 -0.0675564 -0.0120808 0.0588838 -0.0680102 -0.0124886 0.058982 -0.0678401 -0.0123823 0.058668 -0.068384 -0.0125979 0.0587782 -0.0681932 -0.0125612 0.0584461 -0.0687683 -0.0125612 0.0585563 -0.0685775 -0.0125979 0.0582423 -0.0691214 -0.0123823 0.0583405 -0.0689513 -0.0124886 0.0580785 -0.0694051 -0.0120808 0.0581541 -0.0692741 -0.0122451 0.0579725 -0.0695886 -0.0116892 0.0580174 -0.0695109 -0.0118937 0.0579359 -0.0696521 -0.01125 0.0579451 -0.0696361 -0.0114726 0.0579451 -0.0696361 -0.0110274 0.0580174 -0.0695109 -0.0106063 0.0579725 -0.0695886 -0.0108108 0.0581541 -0.0692741 -0.0102549 0.0580785 -0.0694051 -0.0104192 0.0583405 -0.0689513 -0.0100114 0.0582423 -0.0691214 -0.0101177 0.0585563 -0.0685775 -0.00990207 0.0584461 -0.0687683 -0.00993884 0.0587782 -0.0681932 -0.00993884 0.058668 -0.068384 -0.00990207 0.058982 -0.0678401 -0.0101177 0.0588838 -0.0680102 -0.0100114 0.0591458 -0.0675564 -0.0104192 0.0590702 -0.0676874 -0.0102549 0.0592518 -0.0673729 -0.0108108 0.0592069 -0.0674506 -0.0106063 -0.0785612 -0.0122781 -0.01125 -0.0785336 -0.0107004 -0.01125 -0.0785704 -0.0122621 -0.0114726 -0.0785704 -0.0122621 -0.0110274 -0.0786427 -0.0121369 -0.0118937 -0.0785978 -0.0122146 -0.0116892 -0.0787794 -0.0119001 -0.0122451 -0.0787038 -0.0120311 -0.0120808 -0.0789658 -0.0115773 -0.0124886 -0.0788675 -0.0117474 -0.0123823 -0.0791816 -0.0112035 -0.0125979 -0.0790714 -0.0113943 -0.0125612 -0.0794035 -0.0108192 -0.0125612 -0.0792933 -0.01101 -0.0125979 -0.0796073 -0.0104661 -0.0123823 -0.0795091 -0.0106362 -0.0124886 -0.0797711 -0.0101824 -0.0120808 -0.0796955 -0.0103134 -0.0122451 -0.0798771 -0.00999886 -0.0116892 -0.0798322 -0.0100766 -0.0118937 -0.0799137 -0.00993539 -0.01125 -0.0799045 -0.00995137 -0.0114726 -0.0799045 -0.00995137 -0.0110274 -0.0798322 -0.0100766 -0.0106063 -0.0798771 -0.00999886 -0.0108108 -0.0796955 -0.0103134 -0.0102549 -0.0797711 -0.0101824 -0.0104192 -0.0795091 -0.0106362 -0.0100114 -0.0796073 -0.0104661 -0.0101177 -0.0792933 -0.01101 -0.00990207 -0.0794035 -0.0108192 -0.00993884 -0.0790714 -0.0113943 -0.00993884 -0.0791816 -0.0112035 -0.00990207 -0.0788675 -0.0117474 -0.0101177 -0.0789658 -0.0115773 -0.0100114 -0.0787038 -0.0120311 -0.0104192 -0.0787794 -0.0119001 -0.0102549 -0.0785978 -0.0122146 -0.0108108 -0.0786427 -0.0121369 -0.0106063 -0.0785612 -0.0122781 0.01125 -0.0785336 -0.0107004 0.01125 -0.0785704 -0.0122621 0.0110274 -0.0785704 -0.0122621 0.0114726 -0.0786427 -0.0121369 0.0106063 -0.0785978 -0.0122146 0.0108108 -0.0787794 -0.0119001 0.0102549 -0.0787038 -0.0120311 0.0104192 -0.0789658 -0.0115773 0.0100114 -0.0788675 -0.0117474 0.0101177 -0.0791816 -0.0112035 0.00990207 -0.0790714 -0.0113943 0.00993884 -0.0794035 -0.0108192 0.00993884 -0.0792933 -0.01101 0.00990207 -0.0796073 -0.0104661 0.0101177 -0.0795091 -0.0106362 0.0100114 -0.0797711 -0.0101824 0.0104192 -0.0796955 -0.0103134 0.0102549 -0.0798771 -0.00999886 0.0108108 -0.0798322 -0.0100766 0.0106063 -0.0799137 -0.00993539 0.01125 -0.0799045 -0.00995137 0.0110274 -0.0799045 -0.00995137 0.0114726 -0.0798322 -0.0100766 0.0118937 -0.0798771 -0.00999886 0.0116892 -0.0796955 -0.0103134 0.0122451 -0.0797711 -0.0101824 0.0120808 -0.0795091 -0.0106362 0.0124886 -0.0796073 -0.0104661 0.0123823 -0.0792933 -0.01101 0.0125979 -0.0794035 -0.0108192 0.0125612 -0.0790714 -0.0113943 0.0125612 -0.0791816 -0.0112035 0.0125979 -0.0788675 -0.0117474 0.0123823 -0.0789658 -0.0115773 0.0124886 -0.0787038 -0.0120311 0.0120808 -0.0787794 -0.0119001 0.0122451 -0.0785978 -0.0122146 0.0116892 -0.0786427 -0.0121369 0.0118937 -0.0485612 -0.0642396 -0.01125 -0.0485336 -0.0626619 -0.01125 -0.0485704 -0.0642236 -0.0114726 -0.0485704 -0.0642236 -0.0110274 -0.0486427 -0.0640984 -0.0118937 -0.0485978 -0.0641761 -0.0116892 -0.0487794 -0.0638616 -0.0122451 -0.0487038 -0.0639926 -0.0120808 -0.0489658 -0.0635388 -0.0124886 -0.0488675 -0.0637089 -0.0123823 -0.0491816 -0.063165 -0.0125979 -0.0490714 -0.0633558 -0.0125612 -0.0494035 -0.0627807 -0.0125612 -0.0492933 -0.0629715 -0.0125979 -0.0496073 -0.0624276 -0.0123823 -0.0495091 -0.0625977 -0.0124886 -0.0497711 -0.0621439 -0.0120808 -0.0496955 -0.0622749 -0.0122451 -0.0498771 -0.0619604 -0.0116892 -0.0498322 -0.0620381 -0.0118937 -0.0499137 -0.0618969 -0.01125 -0.0499045 -0.0619129 -0.0114726 -0.0499045 -0.0619129 -0.0110274 -0.0498322 -0.0620381 -0.0106063 -0.0498771 -0.0619604 -0.0108108 -0.0496955 -0.0622749 -0.0102549 -0.0497711 -0.0621439 -0.0104192 -0.0495091 -0.0625977 -0.0100114 -0.0496073 -0.0624276 -0.0101177 -0.0492933 -0.0629715 -0.00990207 -0.0494035 -0.0627807 -0.00993884 -0.0490714 -0.0633558 -0.00993884 -0.0491816 -0.063165 -0.00990207 -0.0488675 -0.0637089 -0.0101177 -0.0489658 -0.0635388 -0.0100114 -0.0487038 -0.0639926 -0.0104192 -0.0487794 -0.0638616 -0.0102549 -0.0485978 -0.0641761 -0.0108108 -0.0486427 -0.0640984 -0.0106063 -0.0485612 -0.0642396 0.01125 -0.0485336 -0.0626619 0.01125 -0.0485704 -0.0642236 0.0110274 -0.0485704 -0.0642236 0.0114726 -0.0486427 -0.0640984 0.0106063 -0.0485978 -0.0641761 0.0108108 -0.0487794 -0.0638616 0.0102549 -0.0487038 -0.0639926 0.0104192 -0.0489658 -0.0635388 0.0100114 -0.0488675 -0.0637089 0.0101177 -0.0491816 -0.063165 0.00990207 -0.0490714 -0.0633558 0.00993884 -0.0494035 -0.0627807 0.00993884 -0.0492933 -0.0629715 0.00990207 -0.0496073 -0.0624276 0.0101177 -0.0495091 -0.0625977 0.0100114 -0.0497711 -0.0621439 0.0104192 -0.0496955 -0.0622749 0.0102549 -0.0498771 -0.0619604 0.0108108 -0.0498322 -0.0620381 0.0106063 -0.0499137 -0.0618969 0.01125 -0.0499045 -0.0619129 0.0110274 -0.0499045 -0.0619129 0.0114726 -0.0498322 -0.0620381 0.0118937 -0.0498771 -0.0619604 0.0116892 -0.0496955 -0.0622749 0.0122451 -0.0497711 -0.0621439 0.0120808 -0.0495091 -0.0625977 0.0124886 -0.0496073 -0.0624276 0.0123823 -0.0492933 -0.0629715 0.0125979 -0.0494035 -0.0627807 0.0125612 -0.0490714 -0.0633558 0.0125612 -0.0491816 -0.063165 0.0125979 -0.0488675 -0.0637089 0.0123823 -0.0489658 -0.0635388 0.0124886 -0.0487038 -0.0639926 0.0120808 -0.0487794 -0.0638616 0.0122451 -0.0485978 -0.0641761 0.0116892 -0.0486427 -0.0640984 0.0118937</float_array>
          <technique_common>
            <accessor count="6158" source="#ID22" stride="3">
              <param name="X" type="float"/>
              <param name="Y" type="float"/>
              <param name="Z" type="float"/>
            </accessor>
          </technique_common>
        </source>
        <source id="ID23">
          <float_array count="18474" id="ID24">-2.44929e-16 0 -1 -2.44929e-16 0 -1 -2.44929e-16 0 -1 -2.44929e-16 0 -1 -2.44929e-16 0 -1 -2.44929e-16 0 -1 -2.44929e-16 0 -1 -2.44929e-16 0 -1 -2.44929e-16 0 -1 -2.44929e-16 0 -1 -2.44929e-16 0 -1 -2.44929e-16 0 -1 -2.44929e-16 0 -1 -2.44929e-16 0 -1 -2.44929e-16 0 -1 -2.44929e-16 0 -1 -2.44929e-16 0 -1 -2.44929e-16 0 -1 -2.44929e-16 0 -1 -2.44929e-16 0 -1 -2.44929e-16 0 -1 -2.44929e-16 0 -1 -2.44929e-16 0 -1 -2.44929e-16 0 -1 -2.44929e-16 0 -1 -2.44929e-16 0 -1 -2.44929e-16 0 -1 -2.44929e-16 0 -1 -2.44929e-16 0 -1 -2.44929e-16 0 -1 -2.44929e-16 0 -1 -2.44929e-16 0 -1 -2.44929e-16 0 -1 -2.44929e-16 0 -1 -2.44929e-16 0 -1 -2.44929e-16 0 -1 -2.44929e-16 0 -1 -2.44929e-16 0 -1 -2.44929e-16 0 -1 -2.44929e-16 0 -1 -2.44929e-16 0 -1 -2.44929e-16 0 -1 -2.44929e-16 0 -1 -2.44929e-16 0 -1 -2.44929e-16 0 -1 -2.44929e-16 0 -1 0 -1 0 0 -1 0 0 -1 0 0 -1 0 0 -1 0 1 0 0 1 0 0 1 0 0 1 0 0 1 0 0 1 0 0 1 -8.04769e-16 -2.44929e-16 1 -8.04769e-16 -2.44929e-16 1 -8.04769e-16 -2.44929e-16 1 -8.04769e-16 -2.44929e-16 1 -8.04769e-16 -2.44929e-16 1 -8.04769e-16 -2.44929e-16 -1 -7.90053e-16 2.44929e-16 -1 -7.90053e-16 2.44929e-16 -1 -7.90053e-16 2.44929e-16 -1 -7.90053e-16 2.44929e-16 -1 -7.90053e-16 2.44929e-16 -1 -7.90053e-16 2.44929e-16 -2.44929e-16 -0 -1 -2.44929e-16 -0 -1 -2.44929e-16 -0 -1 -2.44929e-16 -0 -1 -2.44929e-16 -0 -1 -2.44929e-16 -0 -1 0.5 -0.866025 -1.22465e-16 0.5 -0.866025 -1.22465e-16 0.5 -0.866025 -1.22465e-16 0.5 -0.866025 -1.22465e-16 0.5 -0.866025 -1.22465e-16 0.5 -0.866025 -1.22465e-16 0.5 -0.866025 -1.22465e-16 0.5 -0.866025 -1.22465e-16 0.5 -0.866025 -1.22465e-16 0.5 -0.866025 -1.22465e-16 0.5 -0.866025 -1.22465e-16 0.5 -0.866025 -1.22465e-16 0.5 -0.866025 -1.22465e-16 0.5 -0.866025 -1.22465e-16 0.5 -0.866025 -1.22465e-16 0.5 -0.866025 -1.22465e-16 0.5 -0.866025 -1.22465e-16 0.5 -0.866025 -1.22465e-16 0.5 -0.866025 -1.22465e-16 0.5 -0.866025 -1.22465e-16 0.5 -0.866025 -1.22465e-16 0.5 -0.866025 -1.22465e-16 0.5 -0.866025 -1.22465e-16 0.5 -0.866025 -1.22465e-16 -0.5 -0.866025 1.22465e-16 -0.5 -0.866025 1.22465e-16 -0.5 -0.866025 1.22465e-16 -0.5 -0.866025 1.22465e-16 -0.5 -0.866025 1.22465e-16 -0.5 -0.866025 1.22465e-16 -0.5 -0.866025 1.22465e-16 -0.5 -0.866025 1.22465e-16 -0.5 -0.866025 1.22465e-16 -0.5 -0.866025 1.22465e-16 2.44929e-16 0 1 2.44929e-16 0 1 2.44929e-16 0 1 2.44929e-16 0 1 2.44929e-16 0 1 2.44929e-16 0 1 2.44929e-16 0 1 2.44929e-16 0 1 2.44929e-16 0 1 2.44929e-16 0 1 2.44929e-16 0 1 2.44929e-16 0 1 -2.44929e-16 0 -1 -2.44929e-16 0 -1 -2.44929e-16 0 -1 -2.44929e-16 0 -1 -2.44929e-16 0 -1 -2.44929e-16 0 -1 -2.44929e-16 0 -1 -2.44929e-16 0 -1 -2.44929e-16 0 -1 -2.44929e-16 0 -1 -2.44929e-16 0 -1 0.866025 0.5 0 0.866025 0.5 0 0.866025 0.5 0 0.866025 0.5 0 0.866025 0.5 0 0.866025 0.5 0 0.866025 0.5 0 0.866025 0.5 0 0.866025 0.5 0 0.866025 0.5 0 0.866025 0.5 0 0.866025 0.5 0 0.866025 0.5 0 0.866025 0.5 0 0.866025 0.5 0 0.866025 0.5 0 0.866025 0.5 0 0.866025 0.5 0 0.866025 0.5 0 0.866025 0.5 0 0.866025 0.5 0 0.866025 0.5 0 0.866025 0.5 0 0.866025 0.5 0 0.866025 0.5 0 0.866025 0.5 0 0.866025 0.5 0 0.866025 0.5 0 0.866025 0.5 0 0.866025 0.5 0 0.866025 0.5 0 0.866025 0.5 0 0.866025 0.5 0 0.866025 0.5 0 0.866025 0.5 0 0.866025 0.5 0 0.866025 0.5 0 0.866025 0.5 0 0.866025 0.5 0 0.866025 0.5 0 0.866025 0.5 0 0.866025 0.5 0 0.866025 0.5 0 0.866025 0.5 0 -2.44929e-16 0 1 -2.44929e-16 0 1 -2.44929e-16 0 1 -2.44929e-16 0 1 -2.44929e-16 0 1 -2.44929e-16 0 1 -2.44929e-16 0 1 -2.44929e-16 0 1 -2.44929e-16 0 1 -2.44929e-16 0 1 -2.44929e-16 0 1 -2.44929e-16 0 1 -2.44929e-16 0 1 -2.44929e-16 0 1 -2.44929e-16 0 1 -2.44929e-16 0 1 -2.44929e-16 0 1 -2.44929e-16 0 1 -2.44929e-16 0 1 -2.44929e-16 0 1 -2.44929e-16 0 1 -2.44929e-16 0 1 -2.44929e-16 0 1 -2.44929e-16 0 1 -2.44929e-16 0 1 -2.44929e-16 0 1 -2.44929e-16 0 1 -2.44929e-16 0 1 -2.44929e-16 0 1 -2.44929e-16 0 1 -2.44929e-16 0 1 -2.44929e-16 0 1 -2.44929e-16 0 1 -2.44929e-16 0 1 -2.44929e-16 0 1 -2.44929e-16 0 1 -2.44929e-16 0 1 -2.44929e-16 0 1 -2.44929e-16 0 1 -2.44929e-16 0 1 -2.44929e-16 0 1 -2.44929e-16 0 1 -2.44929e-16 0 1 -2.44929e-16 0 1 -2.44929e-16 0 1 -2.44929e-16 0 1 -2.44929e-16 0 1 -2.44929e-16 0 1 -2.44929e-16 0 1 -2.44929e-16 0 1 -2.44929e-16 0 1 -2.44929e-16 0 1 -2.44929e-16 0 1 -2.44929e-16 0 1 -2.44929e-16 0 1 -2.44929e-16 0 1 -2.44929e-16 0 1 -2.44929e-16 0 1 -2.44929e-16 0 1 -2.44929e-16 0 1 -2.44929e-16 0 1 -2.44929e-16 0 1 -2.44929e-16 0 1 -2.44929e-16 0 1 -2.44929e-16 0 1 -2.44929e-16 0 1 -2.44929e-16 0 1 -2.44929e-16 0 1 -2.44929e-16 0 1 -2.44929e-16 0 1 -2.44929e-16 0 1 -2.44929e-16 0 1 -2.44929e-16 0 1 -2.44929e-16 0 1 -2.44929e-16 0 1 -2.44929e-16 0 1 -2.44929e-16 0 1 -2.44929e-16 0 1 -2.44929e-16 0 1 -2.44929e-16 0 1 -2.44929e-16 0 1 -2.44929e-16 0 1 -2.44929e-16 0 1 -2.44929e-16 0 1 -2.44929e-16 0 1 -2.44929e-16 0 1 -2.44929e-16 0 1 -2.44929e-16 0 1 -2.44929e-16 0 1 -2.44929e-16 0 1 -2.44929e-16 0 1 -2.44929e-16 0 1 -2.44929e-16 0 1 -2.44929e-16 0 1 -2.44929e-16 0 1 -2.44929e-16 0 1 -2.44929e-16 0 1 -2.44929e-16 0 1 -2.44929e-16 0 1 -2.44929e-16 0 1 -2.44929e-16 0 1 -2.44929e-16 0 1 -2.44929e-16 0 1 -2.44929e-16 0 1 -2.44929e-16 0 1 -2.44929e-16 0 1 -2.44929e-16 0 1 -2.44929e-16 0 1 -2.44929e-16 0 1 -2.44929e-16 0 1 -2.44929e-16 0 1 -2.44929e-16 0 1 -2.44929e-16 0 1 -2.44929e-16 0 1 -2.44929e-16 0 1 -2.44929e-16 0 1 -2.44929e-16 0 1 -2.44929e-16 0 1 -2.44929e-16 0 1 -2.44929e-16 0 1 -2.44929e-16 0 1 -2.44929e-16 0 1 -2.44929e-16 0 1 -2.44929e-16 0 1 -2.44929e-16 0 1 -2.44929e-16 0 1 -2.44929e-16 0 1 -2.44929e-16 0 1 -2.44929e-16 0 1 -2.44929e-16 0 1 -2.44929e-16 0 1 -2.44929e-16 0 1 -2.44929e-16 0 1 -2.44929e-16 0 1 -2.44929e-16 0 1 -2.44929e-16 0 1 -2.44929e-16 0 1 -2.44929e-16 0 1 -2.44929e-16 0 1 -2.44929e-16 0 1 -2.44929e-16 0 1 -2.44929e-16 0 1 -2.44929e-16 0 1 -2.44929e-16 0 1 -2.44929e-16 0 1 -2.44929e-16 0 1 -2.44929e-16 0 1 -2.44929e-16 0 1 -2.44929e-16 0 1 -2.44929e-16 0 1 -2.44929e-16 0 1 -2.44929e-16 0 1 -2.44929e-16 0 1 -2.44929e-16 0 1 -2.44929e-16 0 1 -2.44929e-16 0 1 -2.44929e-16 0 1 -2.44929e-16 0 1 -2.44929e-16 0 1 -2.44929e-16 0 1 -2.44929e-16 0 1 -2.44929e-16 0 1 -2.44929e-16 0 1 -2.44929e-16 0 1 -2.44929e-16 0 1 -2.44929e-16 0 1 -2.44929e-16 0 1 -2.44929e-16 0 1 -2.44929e-16 0 1 -2.44929e-16 0 1 -2.44929e-16 0 1 -2.44929e-16 0 1 -2.44929e-16 0 1 -2.44929e-16 0 1 -2.44929e-16 0 1 -2.44929e-16 0 1 -2.44929e-16 0 1 -2.44929e-16 0 1 -2.44929e-16 0 1 -2.44929e-16 0 1 -2.44929e-16 0 1 -2.44929e-16 0 1 -2.44929e-16 0 1 -2.44929e-16 0 1 -2.44929e-16 0 1 -2.44929e-16 0 1 -2.44929e-16 0 1 -2.44929e-16 0 1 -2.44929e-16 0 1 -2.44929e-16 0 1 -2.44929e-16 0 1 -2.44929e-16 0 1 -2.44929e-16 0 1 -2.44929e-16 0 1 -2.44929e-16 0 1 -2.44929e-16 0 1 -2.44929e-16 0 1 -2.44929e-16 0 1 -2.44929e-16 0 1 -2.44929e-16 0 1 -2.44929e-16 0 1 -2.44929e-16 0 1 -2.44929e-16 0 1 -2.44929e-16 0 1 -2.44929e-16 0 1 -2.44929e-16 0 1 -2.44929e-16 0 1 -2.44929e-16 0 1 -2.44929e-16 0 1 -2.44929e-16 0 1 -2.44929e-16 0 1 -2.44929e-16 0 1 -2.44929e-16 0 1 -2.44929e-16 0 1 -2.44929e-16 0 1 -2.44929e-16 0 1 -2.44929e-16 0 1 -2.44929e-16 0 1 -2.44929e-16 0 1 -2.44929e-16 0 1 -2.44929e-16 0 1 -2.44929e-16 0 1 -2.44929e-16 0 1 -2.44929e-16 0 1 -2.44929e-16 0 1 -2.44929e-16 0 1 -2.44929e-16 0 1 -2.44929e-16 0 1 -2.44929e-16 0 1 -2.44929e-16 0 1 -2.44929e-16 0 1 -2.44929e-16 0 1 -2.44929e-16 0 1 -2.44929e-16 0 1 -2.44929e-16 0 1 -2.44929e-16 0 1 -2.44929e-16 0 1 -2.44929e-16 0 1 -2.44929e-16 0 1 -2.44929e-16 0 1 -2.44929e-16 0 1 -2.44929e-16 0 1 -2.44929e-16 0 1 -2.44929e-16 0 1 -2.44929e-16 0 1 -2.44929e-16 0 1 -2.44929e-16 0 1 -2.44929e-16 0 1 -2.44929e-16 0 1 -2.44929e-16 0 1 -2.44929e-16 0 1 -2.44929e-16 0 1 -2.44929e-16 0 1 -2.44929e-16 0 1 -2.44929e-16 0 1 -2.44929e-16 0 1 -2.44929e-16 0 1 -2.44929e-16 0 1 -2.44929e-16 0 1 -2.44929e-16 0 1 -2.44929e-16 0 1 -2.44929e-16 0 1 -2.44929e-16 0 1 -2.44929e-16 0 1 -2.44929e-16 0 1 -2.44929e-16 0 1 -2.44929e-16 0 1 -2.44929e-16 0 1 -2.44929e-16 0 1 -2.44929e-16 0 1 -2.44929e-16 0 1 -2.44929e-16 0 1 -2.44929e-16 0 1 -2.44929e-16 0 1 -2.44929e-16 0 1 -2.44929e-16 0 1 -2.44929e-16 0 1 -2.44929e-16 0 1 -2.44929e-16 0 1 -2.44929e-16 0 1 -2.44929e-16 0 1 -2.44929e-16 0 1 -2.44929e-16 0 1 -2.44929e-16 0 1 -2.44929e-16 0 1 -2.44929e-16 0 1 -2.44929e-16 0 1 -2.44929e-16 0 1 -2.44929e-16 0 1 -2.44929e-16 0 1 -2.44929e-16 0 1 -2.44929e-16 0 1 -2.44929e-16 0 1 -2.44929e-16 0 1 -2.44929e-16 0 1 -2.44929e-16 0 1 -2.44929e-16 0 1 -2.44929e-16 0 1 -2.44929e-16 0 1 -2.44929e-16 0 1 -2.44929e-16 0 1 -2.44929e-16 0 1 -2.44929e-16 0 1 -2.44929e-16 0 1 -2.44929e-16 0 1 -2.44929e-16 0 1 -2.44929e-16 0 1 -2.44929e-16 0 1 -2.44929e-16 0 1 -2.44929e-16 0 1 -2.44929e-16 0 1 -2.44929e-16 0 1 -2.44929e-16 0 1 -2.44929e-16 0 1 -2.44929e-16 0 1 -2.44929e-16 0 1 -2.44929e-16 0 1 -2.44929e-16 0 1 -2.44929e-16 0 1 -2.44929e-16 0 1 -2.44929e-16 0 1 -2.44929e-16 0 1 -2.44929e-16 0 1 -2.44929e-16 0 1 -2.44929e-16 0 1 -2.44929e-16 0 1 -2.44929e-16 0 1 -2.44929e-16 0 1 -2.44929e-16 0 1 -2.44929e-16 0 1 -2.44929e-16 0 1 -2.44929e-16 0 1 -2.44929e-16 0 1 -2.44929e-16 0 1 -2.44929e-16 0 1 -2.44929e-16 0 1 -2.44929e-16 0 1 -2.44929e-16 0 1 -2.44929e-16 0 1 -2.44929e-16 0 1 -2.44929e-16 0 1 -2.44929e-16 0 1 -2.44929e-16 0 1 -2.44929e-16 0 1 -2.44929e-16 0 1 -2.44929e-16 0 1 -2.44929e-16 0 1 -2.44929e-16 0 1 -2.44929e-16 0 1 -2.44929e-16 0 1 -2.44929e-16 0 1 -2.44929e-16 0 1 -2.44929e-16 0 1 -2.44929e-16 0 1 -2.44929e-16 0 1 -2.44929e-16 0 1 -2.44929e-16 0 1 -2.44929e-16 0 1 -2.44929e-16 0 1 -2.44929e-16 0 1 -2.44929e-16 0 1 -2.44929e-16 0 1 -2.44929e-16 0 1 -2.44929e-16 0 1 -2.44929e-16 0 1 -2.44929e-16 0 1 -2.44929e-16 0 1 -2.44929e-16 0 1 -2.44929e-16 0 1 -2.44929e-16 0 1 -2.44929e-16 0 1 -2.44929e-16 0 1 -2.44929e-16 0 1 -2.44929e-16 0 1 -2.44929e-16 0 1 -2.44929e-16 0 1 -2.44929e-16 0 1 -2.44929e-16 0 1 -2.44929e-16 0 1 -2.44929e-16 0 1 -2.44929e-16 0 1 -2.44929e-16 0 1 -2.44929e-16 0 1 -2.44929e-16 0 1 -2.44929e-16 0 1 -2.44929e-16 0 1 -2.44929e-16 0 1 -2.44929e-16 0 1 -2.44929e-16 0 1 -2.44929e-16 0 1 -2.44929e-16 0 1 -2.44929e-16 0 1 -2.44929e-16 0 1 -2.44929e-16 0 1 -2.44929e-16 0 1 -2.44929e-16 0 1 -2.44929e-16 0 1 -2.44929e-16 0 1 -2.44929e-16 0 1 -2.44929e-16 0 1 -2.44929e-16 0 1 -2.44929e-16 0 1 -2.44929e-16 0 1 -2.44929e-16 0 1 -2.44929e-16 0 1 -2.44929e-16 0 1 -2.44929e-16 0 1 -2.44929e-16 0 1 -2.44929e-16 0 1 -2.44929e-16 0 1 -2.44929e-16 0 1 -2.44929e-16 0 1 -2.44929e-16 0 1 -2.44929e-16 0 1 -2.44929e-16 0 1 -2.44929e-16 0 1 -2.44929e-16 0 1 -2.44929e-16 0 1 -2.44929e-16 0 1 -2.44929e-16 0 1 -2.44929e-16 0 1 -2.44929e-16 0 1 -2.44929e-16 0 1 -2.44929e-16 0 1 -2.44929e-16 0 1 -2.44929e-16 0 1 -2.44929e-16 0 1 -2.44929e-16 0 1 -2.44929e-16 0 1 -2.44929e-16 0 1 -2.44929e-16 0 1 -2.44929e-16 0 1 -2.44929e-16 0 1 -2.44929e-16 0 1 -2.44929e-16 0 1 -2.44929e-16 0 1 -2.44929e-16 0 1 -2.44929e-16 0 1 -2.44929e-16 0 1 -2.44929e-16 0 1 -2.44929e-16 0 1 -2.44929e-16 0 1 -2.44929e-16 0 1 -2.44929e-16 0 1 -2.44929e-16 0 1 -2.44929e-16 0 1 -2.44929e-16 0 1 -2.44929e-16 0 1 -2.44929e-16 0 1 -2.44929e-16 0 1 -2.44929e-16 0 1 -2.44929e-16 0 1 -2.44929e-16 0 1 -2.44929e-16 0 1 -2.44929e-16 0 1 -2.44929e-16 0 1 -2.44929e-16 0 1 -2.44929e-16 0 1 -2.44929e-16 0 1 -2.44929e-16 0 1 -2.44929e-16 0 1 -2.44929e-16 0 1 -2.44929e-16 0 1 -2.44929e-16 0 1 -2.44929e-16 0 1 -2.44929e-16 0 1 -2.44929e-16 0 1 -2.44929e-16 0 1 -2.44929e-16 0 1 -2.44929e-16 0 1 -2.44929e-16 0 1 -2.44929e-16 0 1 -2.44929e-16 0 1 -2.44929e-16 0 1 -2.44929e-16 0 1 -2.44929e-16 0 1 -2.44929e-16 0 1 -2.44929e-16 0 1 -2.44929e-16 0 1 -2.44929e-16 0 1 -2.44929e-16 0 1 -2.44929e-16 0 1 -2.44929e-16 0 1 -2.44929e-16 0 1 -2.44929e-16 0 1 -2.44929e-16 0 1 -2.44929e-16 0 1 -2.44929e-16 0 1 -2.44929e-16 0 1 -2.44929e-16 0 1 -2.44929e-16 0 1 -2.44929e-16 0 1 -2.44929e-16 0 1 -2.44929e-16 0 1 -2.44929e-16 0 1 -2.44929e-16 0 1 -2.44929e-16 0 1 -2.44929e-16 0 1 -2.44929e-16 0 1 -2.44929e-16 0 1 -2.44929e-16 0 1 -2.44929e-16 0 1 -2.44929e-16 0 1 -2.44929e-16 0 1 -2.44929e-16 0 1 -2.44929e-16 0 1 -2.44929e-16 0 1 -2.44929e-16 0 1 -2.44929e-16 0 1 -2.44929e-16 0 1 -2.44929e-16 0 1 -2.44929e-16 0 1 -2.44929e-16 0 1 -2.44929e-16 0 1 -2.44929e-16 0 1 -2.44929e-16 0 1 -2.44929e-16 0 1 -2.44929e-16 0 1 -2.44929e-16 0 1 -2.44929e-16 0 1 -2.44929e-16 0 1 -2.44929e-16 0 1 -2.44929e-16 0 1 -2.44929e-16 0 1 -2.44929e-16 0 1 -2.44929e-16 0 1 -2.44929e-16 0 1 -2.44929e-16 0 1 -2.44929e-16 0 1 -2.44929e-16 0 1 -2.44929e-16 0 1 -2.44929e-16 0 1 -2.44929e-16 0 1 -2.44929e-16 0 1 -2.44929e-16 0 1 -2.44929e-16 0 1 -2.44929e-16 0 1 0.945817 0 0.3247 0.986381 0 0.164479 0.945893 0 0.324479 1 0 -1.19249e-08 0.986361 0 0.164595 1 0 -1.19249e-08 0.677711 0 0.735329 0.547534 0 0.836783 0.677281 0 0.735724 0.879474 0 0.475947 0.87964 0 0.475639 0.789427 0 0.613844 0.245486 0 0.9694 0.246391 0 0.969171 0.0836263 0 0.996497 0.401695 0 0.915773 0.546948 0 0.837166 0.402444 0 0.915445 -0.400412 0 0.916335 -0.245486 0 0.9694 -0.244241 0 0.969715 -0.081416 0 0.99668 -0.0825793 0 0.996584 0.0825795 0 0.996584 -0.676078 0 0.73683 -0.677282 0 0.735724 -0.546948 0 0.837166 -0.401695 0 0.915773 -0.545677 0 0.837995 -0.789141 0 0.614213 -0.788064 0 0.615593 -0.945817 0 0.3247 -0.879474 0 0.475947 -0.945171 0 0.326576 -0.878583 0 0.477589 -0.986013 0 0.166667 -0.986013 0 0.166667 -1 0 4.37114e-08 -0.986361 0 0.164595 -1 0 4.37114e-08 0.789141 0 0.614213 0 -1 0 0 -1 0 0 -1 0 0 -1 0 0 -1 0 0 -1 0 0 -1 0 0 -1 0 0 -1 0 0 -1 0 0 -1 0 0 -1 0 0 -1 0 0 -1 0 0 -1 0 0 -1 0 0 -1 0 0 -1 0 0 -1 0 0 -1 0 0 -1 0 0 -1 0 0 -1 0 0 -1 0 0 -1 0 0 -1 0 0 -1 0 0 -1 0 0 -1 0 0 -1 0 0 -1 0 0 -1 0 0 -1 0 0 -1 0 0 -1 0 0 -1 0 0 -1 0 0 -1 0 0 -1 0 0 -1 0 0 -1 0 0 -1 0 -0.472909 -0.819102 0.3247 -0.49319 -0.854231 0.164479 -0.472946 -0.819167 0.324479 -0.5 -0.866025 -1.19249e-08 -0.493181 -0.854214 0.164595 -0.5 -0.866025 -1.19249e-08 -0.338855 -0.586915 0.735329 -0.273767 -0.474179 0.836783 -0.338641 -0.586543 0.735724 -0.439737 -0.761647 0.475947 -0.43982 -0.761791 0.475639 -0.394714 -0.683664 0.613844 -0.122743 -0.212597 0.9694 -0.123195 -0.213381 0.969171 -0.0418132 -0.0724225 0.996497 -0.200848 -0.347878 0.915773 -0.273474 -0.473671 0.837166 -0.201222 -0.348526 0.915445 0.200206 0.346767 0.916335 0.122743 0.212597 0.9694 0.12212 0.211519 0.969715 0.040708 0.0705083 0.99668 0.0412897 0.0715158 0.996584 -0.0412897 -0.0715159 0.996584 0.338039 0.585501 0.73683 0.338641 0.586543 0.735724 0.273474 0.473671 0.837166 0.200848 0.347878 0.915773 0.272839 0.47257 0.837995 0.39457 0.683416 0.614213 0.394032 0.682483 0.615593 0.472909 0.819102 0.3247 0.439737 0.761647 0.475947 0.472586 0.818542 0.326576 0.439292 0.760876 0.477589 0.493007 0.853913 0.166667 0.493007 0.853913 0.166667 0.5 0.866025 4.37114e-08 0.493181 0.854214 0.164595 0.5 0.866025 4.37114e-08 -0.39457 -0.683416 0.614213 0.5 0.866025 3.25261e-16 0.5 0.866025 3.25261e-16 0.5 0.866025 3.25261e-16 0.5 0.866025 3.25261e-16 0.5 0.866025 3.25261e-16 0.5 0.866025 3.25261e-16 0.5 0.866025 3.25261e-16 0.5 0.866025 3.25261e-16 -0.866025 0.5 0 -0.866025 0.5 0 -0.866025 0.5 0 -0.866025 0.5 0 -0.866025 0.5 0 -0.866025 0.5 0 -0.866025 0.5 0 -0.866025 0.5 0 -0.866025 0.5 0 -0.866025 0.5 0 -0.866025 0.5 0 -0.866025 0.5 0 -0.866025 0.5 0 -0.866025 0.5 0 -0.866025 0.5 0 -0.866025 0.5 0 -0.866025 0.5 0 -0.866025 0.5 0 -0.866025 0.5 0 -0.866025 0.5 0 -0.866025 0.5 0 -0.866025 0.5 0 -0.866025 0.5 0 -0.866025 0.5 0 -0.866025 0.5 0 -0.866025 0.5 0 -0.866025 0.5 0 -0.866025 0.5 0 -0.866025 0.5 0 -0.866025 0.5 0 -0.866025 0.5 0 -0.866025 0.5 0 -0.866025 0.5 0 -0.866025 0.5 0 -0.866025 0.5 0 -0.866025 0.5 0 -0.866025 0.5 0 -0.866025 0.5 0 -0.866025 0.5 0 -0.866025 0.5 0 -0.866025 0.5 0 -0.866025 0.5 0 1 2.37244e-15 -2.44929e-16 1 2.37244e-15 -2.44929e-16 1 2.37244e-15 -2.44929e-16 1 2.37244e-15 -2.44929e-16 -1 2.37244e-15 2.44929e-16 -1 2.37244e-15 2.44929e-16 -1 2.37244e-15 2.44929e-16 -1 2.37244e-15 2.44929e-16 0.472418 0.818252 0.327543 0.485844 0.841506 0.23627 0.472418 0.818252 0.327543 0.485844 0.841506 0.23627 0.454716 0.787591 0.415852 0.494872 0.857143 0.142857 0.494872 0.857143 0.142857 -0.485844 0.841506 0.23627 -0.472418 0.818252 0.327543 -0.485844 0.841506 0.23627 -0.472418 0.818252 0.327543 -0.494872 0.857143 0.142857 -0.454716 0.787591 0.415852 -0.494872 0.857143 0.142857 0.5 -0.866025 -1.22465e-16 0.5 -0.866025 -1.22465e-16 0.5 -0.866025 -1.22465e-16 0.5 -0.866025 -1.22465e-16 -0.5 -0.866025 1.22465e-16 -0.5 -0.866025 1.22465e-16 -0.5 -0.866025 1.22465e-16 -0.5 -0.866025 1.22465e-16 0 1 0 0 1 0 0 1 0 0 1 0 0 1 0 0 1 0 0 1 0 0 1 0 0 1 0 0 1 0 0 1 0 0 1 0 0 1 0 0 1 0 -0.866025 0.5 2.12115e-16 -0.866025 0.5 2.12115e-16 -0.866025 0.5 2.12115e-16 -0.866025 0.5 2.12115e-16 -0.866025 0.5 2.12115e-16 -0.866025 0.5 2.12115e-16 -0.866025 0.5 2.12115e-16 -0.866025 0.5 2.12115e-16 -0.866025 0.5 2.12115e-16 -0.866025 0.5 2.12115e-16 -0.866025 0.5 2.12115e-16 -0.866025 0.5 2.12115e-16 0.5 0.866025 0 0.5 0.866025 0 0.5 0.866025 0 0.5 0.866025 0 -0.5 0.866025 0 -0.5 0.866025 0 -0.5 0.866025 0 -0.5 0.866025 0 0.5 -0.866025 0 0.5 -0.866025 0 0.5 -0.866025 0 0.5 -0.866025 0 -0.5 0.866025 4.37114e-08 -0.494392 0.856312 0.149351 -0.5 0.866025 4.37114e-08 -0.475528 0.823639 0.309017 -0.477694 0.827391 0.295353 -0.493844 0.855363 0.156434 -0.353553 0.612372 0.707107 -0.365994 0.63392 0.681318 -0.404509 0.700629 0.587785 -0.445503 0.771634 0.453991 -0.412767 0.714933 0.564353 -0.450281 0.779909 0.434728 -0.226995 0.393167 0.891006 -0.154509 0.267617 0.951056 -0.181506 0.314378 0.931785 -0.311011 0.538687 0.783 -0.293893 0.509037 0.809017 -0.249052 0.431371 0.867117 0.0390793 -0.0676873 0.996941 4.37114e-08 -7.57103e-08 1 0.0782173 -0.135476 0.987688 -0.0358062 0.0620182 0.997433 -0.109889 0.190333 0.97555 -0.0782172 0.135476 0.987688 0.293893 -0.509037 0.809017 0.251893 -0.436291 0.863829 0.226995 -0.393167 0.891007 0.154508 -0.267617 0.951057 0.18456 -0.319668 0.929381 0.113088 -0.195875 0.974086 0.404509 -0.700629 0.587785 0.368222 -0.63778 0.676498 0.353553 -0.612372 0.707107 0.313575 -0.543127 0.778899 0.41461 -0.718126 0.558921 0.445503 -0.771634 0.45399 0.475528 -0.823639 0.309017 0.451698 -0.782364 0.428807 0.493844 -0.855363 0.156435 0.478653 -0.829052 0.289074 0.494872 -0.857143 0.142857 0.5 -0.866025 -1.19249e-08 0.5 -0.866025 -1.19249e-08 0.622022 0 0.783 0.731988 0 0.681318 0.678363 0 0.734727 -0.627149 0 0.778899 -0.503785 0 0.863829 -0.571218 0 0.820799 0.772695 0 0.634777 0.825534 0 0.564353 0.852432 0 0.522837 0.900562 0 0.434728 0.962401 0 0.271632 0.916069 0 0.401022 0.955388 0 0.295353 0.988784 0 0.149351 0.571217 0 0.820799 0.498104 0 0.867117 0.440353 0 0.897825 0.990556 0 0.137111 1 0 4.37114e-08 1 0 4.37114e-08 0.363012 0 0.931785 0.219777 0 0.97555 0.299334 0 0.954149 0.151413 0 0.988471 0.0716124 0 0.997433 -8.74228e-08 0 1 -0.0781585 0 0.996941 -0.226177 0 0.974086 -0.151412 0 0.988471 -0.299334 0 0.954148 -0.369121 0 0.929381 -0.440353 0 0.897825 -0.903396 0 0.428807 -0.829221 0 0.558921 -0.852432 0 0.522837 -0.736445 0 0.676498 -0.678363 0 0.734727 -0.772695 0 0.634777 -0.990556 0 0.137111 -0.989743 0 0.142857 -0.962401 0 0.271631 -0.916068 0 0.401022 -0.957307 0 0.289074 -1 -0 -1.19249e-08 -1 -0 -1.19249e-08 1 0 0 1 0 0 1 0 0 1 0 0 -1 -0 -0 -1 -0 -0 -1 -0 -0 -1 -0 -0 0.5 0.866025 -1.22465e-16 0.5 0.866025 -1.22465e-16 0.5 0.866025 -1.22465e-16 0.5 0.866025 -1.22465e-16 -0.5 0.866025 1.22465e-16 -0.5 0.866025 1.22465e-16 -0.5 0.866025 1.22465e-16 -0.5 0.866025 1.22465e-16 4.37114e-08 7.57103e-08 1 0.0782173 0.135476 0.987688 0.0390793 0.0676873 0.996941 0.154508 0.267617 0.951057 0.113088 0.195875 0.974086 0.18456 0.319668 0.929381 0.368222 0.63778 0.676498 0.313575 0.543127 0.778899 0.353553 0.612372 0.707107 0.226995 0.393167 0.891007 0.404509 0.700629 0.587785 0.251893 0.436291 0.863829 0.293893 0.509037 0.809017 0.41461 0.718126 0.558921 0.451698 0.782364 0.428807 0.445503 0.771634 0.45399 0.475528 0.823639 0.309017 0.478653 0.829052 0.289074 0.493844 0.855363 0.156435 0.494872 0.857143 0.142857 0.5 0.866025 -1.19249e-08 0.5 0.866025 -1.19249e-08 -0.0358062 -0.0620182 0.997433 -0.0782172 -0.135476 0.987688 -0.154509 -0.267617 0.951056 -0.109889 -0.190333 0.97555 -0.181506 -0.314378 0.931785 -0.226995 -0.393167 0.891006 -0.249052 -0.431371 0.867117 -0.293893 -0.509037 0.809017 -0.353553 -0.612372 0.707107 -0.311011 -0.538687 0.783 -0.365994 -0.63392 0.681318 -0.404509 -0.700629 0.587785 -0.412767 -0.714933 0.564353 -0.445503 -0.771634 0.453991 -0.475528 -0.823639 0.309017 -0.450281 -0.779909 0.434728 -0.477694 -0.827391 0.295353 -0.493844 -0.855363 0.156434 -0.494392 -0.856312 0.149351 -0.5 -0.866025 4.37114e-08 -0.5 -0.866025 4.37114e-08 -0.5 -0.866025 -0 -0.5 -0.866025 -0 -0.5 -0.866025 -0 -0.5 -0.866025 -0 -0.5 0.866025 0 -0.5 0.866025 0 -0.5 0.866025 0 -0.5 0.866025 0 -0.5 0.866025 0 -0.5 0.866025 0 -0.5 0.866025 0 -0.5 0.866025 0 -0.5 0.866025 0 -0.5 0.866025 0 -0.5 0.866025 0 -0.5 0.866025 0 -2.44929e-16 -0 -1 -2.44929e-16 -0 -1 -2.44929e-16 -0 -1 -2.44929e-16 -0 -1 -2.44929e-16 -0 -1 -2.44929e-16 -0 -1 -2.44929e-16 -0 -1 -2.44929e-16 -0 -1 -2.44929e-16 -0 -1 -2.44929e-16 -0 -1 -2.44929e-16 -0 -1 -2.44929e-16 -0 -1 -2.44929e-16 -0 -1 -2.44929e-16 -0 -1 -2.44929e-16 -0 -1 -2.44929e-16 -0 -1 -2.44929e-16 -0 -1 -2.44929e-16 -0 -1 -2.44929e-16 -0 -1 -2.44929e-16 -0 -1 -2.44929e-16 -0 -1 -2.44929e-16 -0 -1 -2.44929e-16 -0 -1 -2.44929e-16 -0 -1 -2.44929e-16 -0 -1 -2.44929e-16 -0 -1 -2.44929e-16 -0 -1 -2.44929e-16 -0 -1 -2.44929e-16 -0 -1 -2.44929e-16 -0 -1 -2.44929e-16 -0 -1 -2.44929e-16 -0 -1 -2.44929e-16 -0 -1 -2.44929e-16 -0 -1 -2.44929e-16 -0 -1 -2.44929e-16 -0 -1 -2.44929e-16 -0 -1 -2.44929e-16 -0 -1 -2.44929e-16 -0 -1 -2.44929e-16 -0 -1 -2.44929e-16 -0 -1 -2.44929e-16 -0 -1 -2.44929e-16 -0 -1 -2.44929e-16 -0 -1 -2.44929e-16 -0 -1 -2.44929e-16 -0 -1 -2.44929e-16 -0 -1 -2.44929e-16 -0 -1 -2.44929e-16 -0 -1 -2.44929e-16 -0 -1 -2.44929e-16 -0 -1 -2.44929e-16 -0 -1 -2.44929e-16 -0 -1 -2.44929e-16 -0 -1 -2.44929e-16 -0 -1 -2.44929e-16 -0 -1 -2.44929e-16 -0 -1 -2.44929e-16 -0 -1 -2.44929e-16 -0 -1 -2.44929e-16 -0 -1 -2.44929e-16 -0 -1 -2.44929e-16 -0 -1 -2.44929e-16 -0 -1 -2.44929e-16 -0 -1 -2.44929e-16 -0 -1 -2.44929e-16 -0 -1 -2.44929e-16 -0 -1 -2.44929e-16 -0 -1 -2.44929e-16 -0 -1 -2.44929e-16 -0 -1 -2.44929e-16 -0 -1 -2.44929e-16 -0 -1 -2.44929e-16 -0 -1 -2.44929e-16 -0 -1 -2.44929e-16 -0 -1 -2.44929e-16 -0 -1 -2.44929e-16 -0 -1 -2.44929e-16 -0 -1 -2.44929e-16 -0 -1 -2.44929e-16 -0 -1 -2.44929e-16 -0 -1 -2.44929e-16 -0 -1 -2.44929e-16 -0 -1 -2.44929e-16 -0 -1 -2.44929e-16 -0 -1 -2.44929e-16 -0 -1 -2.44929e-16 -0 -1 -2.44929e-16 -0 -1 -2.44929e-16 -0 -1 -2.44929e-16 -0 -1 -2.44929e-16 -0 -1 -2.44929e-16 -0 -1 -2.44929e-16 -0 -1 -2.44929e-16 -0 -1 -2.44929e-16 -0 -1 -2.44929e-16 -0 -1 -2.44929e-16 -0 -1 -2.44929e-16 -0 -1 -2.44929e-16 -0 -1 -2.44929e-16 -0 -1 -2.44929e-16 -0 -1 -2.44929e-16 -0 -1 -2.44929e-16 -0 -1 -2.44929e-16 -0 -1 -2.44929e-16 -0 -1 -2.44929e-16 -0 -1 -2.44929e-16 -0 -1 -2.44929e-16 -0 -1 -2.44929e-16 -0 -1 -2.44929e-16 -0 -1 -2.44929e-16 -0 -1 -2.44929e-16 -0 -1 -2.44929e-16 -0 -1 -2.44929e-16 -0 -1 -2.44929e-16 -0 -1 -2.44929e-16 -0 -1 -2.44929e-16 -0 -1 -2.44929e-16 -0 -1 -2.44929e-16 -0 -1 -2.44929e-16 -0 -1 -2.44929e-16 -0 -1 -2.44929e-16 -0 -1 -2.44929e-16 -0 -1 -2.44929e-16 -0 -1 -2.44929e-16 -0 -1 -2.44929e-16 -0 -1 -2.44929e-16 -0 -1 -2.44929e-16 -0 -1 -2.44929e-16 -0 -1 -2.44929e-16 -0 -1 -2.44929e-16 -0 -1 -2.44929e-16 -0 -1 -2.44929e-16 -0 -1 -2.44929e-16 -0 -1 -2.44929e-16 -0 -1 -2.44929e-16 -0 -1 -2.44929e-16 -0 -1 -2.44929e-16 -0 -1 -2.44929e-16 -0 -1 -2.44929e-16 -0 -1 -2.44929e-16 -0 -1 -2.44929e-16 -0 -1 -2.44929e-16 -0 -1 -2.44929e-16 -0 -1 -2.44929e-16 -0 -1 -2.44929e-16 -0 -1 -2.44929e-16 -0 -1 -2.44929e-16 -0 -1 -2.44929e-16 -0 -1 -2.44929e-16 -0 -1 -2.44929e-16 -0 -1 -2.44929e-16 -0 -1 -2.44929e-16 -0 -1 -2.44929e-16 -0 -1 -2.44929e-16 -0 -1 -2.44929e-16 -0 -1 -2.44929e-16 -0 -1 -2.44929e-16 -0 -1 -2.44929e-16 -0 -1 -2.44929e-16 -0 -1 -2.44929e-16 -0 -1 -2.44929e-16 -0 -1 -2.44929e-16 -0 -1 -2.44929e-16 -0 -1 -2.44929e-16 -0 -1 -2.44929e-16 -0 -1 -2.44929e-16 -0 -1 -2.44929e-16 -0 -1 -2.44929e-16 -0 -1 -2.44929e-16 -0 -1 -2.44929e-16 -0 -1 -2.44929e-16 -0 -1 -2.44929e-16 -0 -1 -2.44929e-16 -0 -1 -2.44929e-16 -0 -1 -2.44929e-16 -0 -1 -2.44929e-16 -0 -1 -2.44929e-16 -0 -1 -2.44929e-16 -0 -1 -2.44929e-16 -0 -1 -2.44929e-16 -0 -1 -2.44929e-16 -0 -1 -2.44929e-16 -0 -1 -2.44929e-16 -0 -1 -2.44929e-16 -0 -1 -2.44929e-16 -0 -1 -2.44929e-16 -0 -1 -2.44929e-16 -0 -1 -2.44929e-16 -0 -1 -2.44929e-16 -0 -1 -2.44929e-16 -0 -1 -2.44929e-16 -0 -1 -2.44929e-16 -0 -1 -2.44929e-16 -0 -1 -2.44929e-16 -0 -1 -2.44929e-16 -0 -1 -2.44929e-16 -0 -1 -2.44929e-16 -0 -1 -2.44929e-16 -0 -1 -2.44929e-16 -0 -1 -2.44929e-16 -0 -1 -2.44929e-16 -0 -1 -2.44929e-16 -0 -1 -2.44929e-16 -0 -1 -2.44929e-16 -0 -1 -2.44929e-16 -0 -1 -2.44929e-16 -0 -1 -2.44929e-16 -0 -1 -2.44929e-16 -0 -1 -2.44929e-16 -0 -1 -2.44929e-16 -0 -1 -2.44929e-16 -0 -1 -2.44929e-16 -0 -1 -2.44929e-16 -0 -1 -2.44929e-16 -0 -1 -2.44929e-16 -0 -1 -2.44929e-16 -0 -1 -2.44929e-16 -0 -1 -2.44929e-16 -0 -1 -2.44929e-16 -0 -1 -2.44929e-16 -0 -1 -2.44929e-16 -0 -1 -2.44929e-16 -0 -1 -2.44929e-16 -0 -1 -2.44929e-16 -0 -1 -2.44929e-16 -0 -1 -2.44929e-16 -0 -1 -2.44929e-16 -0 -1 -2.44929e-16 -0 -1 -2.44929e-16 -0 -1 -2.44929e-16 -0 -1 -2.44929e-16 -0 -1 -2.44929e-16 -0 -1 -2.44929e-16 -0 -1 -2.44929e-16 -0 -1 -2.44929e-16 -0 -1 -2.44929e-16 -0 -1 -2.44929e-16 -0 -1 -2.44929e-16 -0 -1 -2.44929e-16 -0 -1 -2.44929e-16 -0 -1 -2.44929e-16 -0 -1 -2.44929e-16 -0 -1 -2.44929e-16 -0 -1 -2.44929e-16 -0 -1 -2.44929e-16 -0 -1 -2.44929e-16 -0 -1 -2.44929e-16 -0 -1 -2.44929e-16 -0 -1 -2.44929e-16 -0 -1 -2.44929e-16 -0 -1 -2.44929e-16 -0 -1 -2.44929e-16 -0 -1 -2.44929e-16 -0 -1 -2.44929e-16 -0 -1 -2.44929e-16 -0 -1 -2.44929e-16 -0 -1 -2.44929e-16 -0 -1 -2.44929e-16 -0 -1 -2.44929e-16 -0 -1 -2.44929e-16 -0 -1 -2.44929e-16 -0 -1 -2.44929e-16 -0 -1 -2.44929e-16 -0 -1 -2.44929e-16 -0 -1 -2.44929e-16 -0 -1 -2.44929e-16 -0 -1 -2.44929e-16 -0 -1 -2.44929e-16 -0 -1 -2.44929e-16 -0 -1 -2.44929e-16 -0 -1 -2.44929e-16 -0 -1 -2.44929e-16 -0 -1 -2.44929e-16 -0 -1 -2.44929e-16 -0 -1 -2.44929e-16 -0 -1 -2.44929e-16 -0 -1 -2.44929e-16 -0 -1 -2.44929e-16 -0 -1 -2.44929e-16 -0 -1 -2.44929e-16 -0 -1 -2.44929e-16 -0 -1 -2.44929e-16 -0 -1 -2.44929e-16 -0 -1 -2.44929e-16 -0 -1 -2.44929e-16 -0 -1 -2.44929e-16 -0 -1 -2.44929e-16 -0 -1 -2.44929e-16 -0 -1 -2.44929e-16 -0 -1 -2.44929e-16 -0 -1 -2.44929e-16 -0 -1 -2.44929e-16 -0 -1 -2.44929e-16 -0 -1 -2.44929e-16 -0 -1 -2.44929e-16 -0 -1 -2.44929e-16 -0 -1 -2.44929e-16 -0 -1 -2.44929e-16 -0 -1 -2.44929e-16 -0 -1 -2.44929e-16 -0 -1 -2.44929e-16 -0 -1 -2.44929e-16 -0 -1 -2.44929e-16 -0 -1 -2.44929e-16 -0 -1 -2.44929e-16 -0 -1 -2.44929e-16 -0 -1 -2.44929e-16 -0 -1 -2.44929e-16 -0 -1 -2.44929e-16 -0 -1 -2.44929e-16 -0 -1 -2.44929e-16 -0 -1 -2.44929e-16 -0 -1 -2.44929e-16 -0 -1 -2.44929e-16 -0 -1 -2.44929e-16 -0 -1 -2.44929e-16 -0 -1 -2.44929e-16 -0 -1 -2.44929e-16 -0 -1 -2.44929e-16 -0 -1 -2.44929e-16 -0 -1 -2.44929e-16 -0 -1 -2.44929e-16 -0 -1 -2.44929e-16 -0 -1 -2.44929e-16 -0 -1 -2.44929e-16 -0 -1 -2.44929e-16 -0 -1 -2.44929e-16 -0 -1 -2.44929e-16 -0 -1 -2.44929e-16 -0 -1 -2.44929e-16 -0 -1 -2.44929e-16 -0 -1 -2.44929e-16 -0 -1 -2.44929e-16 -0 -1 -2.44929e-16 -0 -1 -2.44929e-16 -0 -1 -2.44929e-16 -0 -1 -2.44929e-16 -0 -1 -2.44929e-16 -0 -1 -2.44929e-16 -0 -1 -2.44929e-16 -0 -1 -2.44929e-16 -0 -1 -2.44929e-16 -0 -1 -2.44929e-16 -0 -1 -2.44929e-16 -0 -1 -2.44929e-16 -0 -1 -2.44929e-16 -0 -1 -2.44929e-16 -0 -1 -2.44929e-16 -0 -1 -2.44929e-16 -0 -1 -2.44929e-16 -0 -1 -2.44929e-16 -0 -1 -2.44929e-16 -0 -1 -2.44929e-16 -0 -1 -2.44929e-16 -0 -1 -2.44929e-16 -0 -1 -2.44929e-16 -0 -1 -2.44929e-16 -0 -1 -2.44929e-16 -0 -1 -2.44929e-16 -0 -1 -2.44929e-16 -0 -1 -2.44929e-16 -0 -1 -2.44929e-16 -0 -1 -2.44929e-16 -0 -1 -2.44929e-16 -0 -1 -2.44929e-16 -0 -1 -2.44929e-16 -0 -1 -2.44929e-16 -0 -1 -2.44929e-16 -0 -1 -2.44929e-16 -0 -1 -2.44929e-16 -0 -1 -2.44929e-16 -0 -1 -2.44929e-16 -0 -1 -2.44929e-16 -0 -1 -2.44929e-16 -0 -1 -2.44929e-16 -0 -1 -2.44929e-16 -0 -1 -2.44929e-16 -0 -1 -2.44929e-16 -0 -1 -2.44929e-16 -0 -1 -2.44929e-16 -0 -1 -2.44929e-16 -0 -1 -2.44929e-16 -0 -1 -2.44929e-16 -0 -1 -2.44929e-16 -0 -1 -2.44929e-16 -0 -1 -2.44929e-16 -0 -1 -2.44929e-16 -0 -1 -2.44929e-16 -0 -1 -2.44929e-16 -0 -1 -2.44929e-16 -0 -1 -2.44929e-16 -0 -1 -2.44929e-16 -0 -1 -2.44929e-16 -0 -1 -2.44929e-16 -0 -1 -2.44929e-16 -0 -1 -2.44929e-16 -0 -1 -2.44929e-16 -0 -1 -2.44929e-16 -0 -1 -2.44929e-16 -0 -1 -2.44929e-16 -0 -1 -2.44929e-16 -0 -1 -2.44929e-16 -0 -1 -2.44929e-16 -0 -1 -2.44929e-16 -0 -1 -2.44929e-16 -0 -1 -2.44929e-16 -0 -1 -2.44929e-16 -0 -1 -2.44929e-16 -0 -1 -2.44929e-16 -0 -1 -2.44929e-16 -0 -1 -2.44929e-16 -0 -1 -2.44929e-16 -0 -1 -2.44929e-16 -0 -1 -2.44929e-16 -0 -1 -2.44929e-16 -0 -1 -2.44929e-16 -0 -1 -2.44929e-16 -0 -1 -2.44929e-16 -0 -1 -2.44929e-16 -0 -1 -2.44929e-16 -0 -1 -2.44929e-16 -0 -1 -2.44929e-16 -0 -1 -2.44929e-16 -0 -1 -2.44929e-16 -0 -1 -2.44929e-16 -0 -1 -2.44929e-16 -0 -1 -2.44929e-16 -0 -1 -2.44929e-16 -0 -1 -2.44929e-16 -0 -1 -2.44929e-16 -0 -1 -2.44929e-16 -0 -1 -2.44929e-16 -0 -1 -2.44929e-16 -0 -1 -2.44929e-16 -0 -1 -2.44929e-16 -0 -1 -2.44929e-16 -0 -1 -2.44929e-16 -0 -1 -2.44929e-16 -0 -1 -2.44929e-16 -0 -1 -2.44929e-16 -0 -1 -2.44929e-16 -0 -1 -2.44929e-16 -0 -1 -2.44929e-16 -0 -1 -2.44929e-16 -0 -1 -2.44929e-16 -0 -1 -2.44929e-16 -0 -1 -2.44929e-16 -0 -1 -2.44929e-16 -0 -1 -2.44929e-16 -0 -1 -2.44929e-16 -0 -1 -2.44929e-16 -0 -1 -2.44929e-16 -0 -1 -2.44929e-16 -0 -1 -2.44929e-16 -0 -1 -2.44929e-16 -0 -1 -2.44929e-16 -0 -1 -2.44929e-16 -0 -1 -2.44929e-16 -0 -1 -2.44929e-16 -0 -1 -2.44929e-16 -0 -1 -2.44929e-16 -0 -1 -2.44929e-16 -0 -1 -2.44929e-16 -0 -1 -2.44929e-16 -0 -1 -2.44929e-16 -0 -1 -2.44929e-16 -0 -1 -2.44929e-16 -0 -1 -2.44929e-16 -0 -1 -2.44929e-16 -0 -1 -2.44929e-16 -0 -1 -2.44929e-16 -0 -1 -2.44929e-16 -0 -1 -2.44929e-16 -0 -1 -2.44929e-16 -0 -1 -2.44929e-16 -0 -1 -2.44929e-16 -0 -1 -2.44929e-16 -0 -1 -2.44929e-16 -0 -1 0.819102 0.472909 0.3247 0.845909 0.488385 0.214286 0.805731 0.465189 0.366601 0.866025 0.5 -1.19249e-08 0.860982 0.497088 0.107771 0.854214 0.493181 0.164595 0.665632 0.384303 0.639723 0.683416 0.39457 0.614213 0.745127 0.430199 0.509622 0.761647 0.439737 0.475947 0.458459 0.264692 0.848383 0.347878 0.200848 0.915773 0.473671 0.273474 0.837166 0.586543 0.338641 0.735724 0.569262 0.328663 0.753606 0.20509 0.118409 0.971554 0.068946 0.039806 0.996826 0.0715159 0.0412897 0.996584 0.212597 0.122743 0.9694 0.336034 0.194009 0.921651 -0.347878 -0.200848 0.915773 -0.212597 -0.122743 0.9694 -0.336034 -0.194009 0.921651 -0.0715158 -0.0412897 0.996584 -0.068946 -0.039806 0.996826 -0.20509 -0.118409 0.971554 -0.665632 -0.384303 0.639723 -0.586543 -0.338641 0.735724 -0.569262 -0.328663 0.753606 -0.473671 -0.273474 0.837166 -0.761647 -0.439737 0.475947 -0.745127 -0.430199 0.509622 -0.805731 -0.465189 0.366601 -0.683416 -0.39457 0.614213 -0.845909 -0.488385 0.214286 -0.819102 -0.472909 0.3247 -0.860981 -0.497088 0.107771 -0.866025 -0.5 4.37114e-08 -0.854214 -0.493181 0.164595 -0.845909 -0.488385 0.214286 -0.458459 -0.264692 0.848383 -0.866025 -0.5 4.37114e-08 0.845909 0.488385 0.214286 0.866025 0.5 -1.19249e-08 0.866025 0.5 -2.12115e-16 0.866025 0.5 -2.12115e-16 0.866025 0.5 -2.12115e-16 0.866025 0.5 -2.12115e-16 -0.866025 -0.5 2.12115e-16 -0.866025 -0.5 2.12115e-16 -0.866025 -0.5 2.12115e-16 -0.866025 -0.5 2.12115e-16 0.5 -0.866025 -1.22465e-16 0.5 -0.866025 -1.22465e-16 0.5 -0.866025 -1.22465e-16 0.5 -0.866025 -1.22465e-16 0.5 -0.866025 -1.22465e-16 0.5 -0.866025 -1.22465e-16 0.5 -0.866025 -1.22465e-16 0.5 -0.866025 -1.22465e-16 -2.44929e-16 0 1 -2.44929e-16 0 1 -2.44929e-16 0 1 -2.44929e-16 0 1 -2.44929e-16 0 1 -2.44929e-16 0 1 -2.44929e-16 0 1 -2.44929e-16 0 1 -2.44929e-16 0 1 -2.44929e-16 0 1 -2.44929e-16 0 1 -2.44929e-16 0 1 0.5 -0.866025 0 0.5 -0.866025 0 0.5 -0.866025 0 0.5 -0.866025 0 0.5 -0.866025 0 0.5 -0.866025 0 0.5 -0.866025 0 0.5 -0.866025 0 0.5 -0.866025 0 0.5 -0.866025 0 0.5 -0.866025 0 0.5 -0.866025 0 0.5 -0.866025 0 0.5 -0.866025 0 0.5 -0.866025 0 0.5 -0.866025 0 0.5 -0.866025 0 0.5 -0.866025 0 0.5 -0.866025 0 0.5 -0.866025 0 0.5 -0.866025 0 0.5 -0.866025 0 0.5 -0.866025 0 0.5 -0.866025 0 0.5 -0.866025 0 0.5 -0.866025 0 -0.866025 -0.5 -0 -0.866025 -0.5 -0 -0.866025 -0.5 -0 -0.866025 -0.5 -0 -0.5 0.866025 0 -0.5 0.866025 0 -0.5 0.866025 0 -0.5 0.866025 0 0.866025 0.5 0 0.866025 0.5 0 0.866025 0.5 0 0.866025 0.5 0 0.866025 0.5 0 0.866025 0.5 0 0.866025 0.5 0 0.866025 0.5 0 -0.866025 -0.5 0 -0.866025 -0.5 0 -0.866025 -0.5 0 -0.866025 -0.5 0 0.5 -0.866025 0 0.5 -0.866025 0 0.5 -0.866025 0 0.5 -0.866025 0 0.5 -0.866025 0 0.5 -0.866025 0 0.5 -0.866025 0 0.5 -0.866025 0 0.866025 -0.5 0 0.866025 -0.5 0 0.866025 -0.5 0 0.866025 -0.5 0 0.866025 -0.5 0 0.866025 -0.5 0 0.866025 -0.5 0 0.866025 -0.5 0 0.866025 -0.5 0 0.866025 -0.5 0 0.866025 -0.5 0 0.866025 -0.5 0 0.866025 -0.5 0 0.866025 -0.5 0 0.866025 -0.5 0 0.866025 -0.5 0 0.866025 -0.5 0 0.866025 -0.5 0 0.866025 -0.5 0 0.866025 -0.5 0 0.866025 -0.5 0 0.866025 -0.5 0 0.866025 -0.5 0 0.866025 -0.5 0 0.866025 -0.5 0 0.866025 -0.5 0 0.866025 -0.5 0 0.866025 -0.5 0 0.866025 -0.5 0 0.866025 -0.5 0 0.866025 -0.5 0 0.866025 -0.5 0 0.866025 -0.5 0 0.866025 -0.5 0 0.866025 -0.5 0 0.866025 -0.5 0 0.866025 -0.5 0 0.866025 -0.5 0 0.866025 -0.5 0 0.866025 -0.5 0 0.866025 -0.5 0 0.866025 -0.5 0 0.866025 -0.5 0 0.866025 -0.5 0 0.866025 -0.5 0 0.866025 -0.5 0 0.866025 -0.5 0 0.866025 -0.5 0 0.866025 -0.5 0 0.866025 -0.5 0 0.866025 -0.5 0 0.866025 -0.5 0 0.866025 -0.5 0 0.866025 -0.5 0 0.866025 -0.5 0 0.866025 -0.5 0 -0.866025 -0.5 -0 -0.866025 -0.5 -0 -0.866025 -0.5 -0 -0.866025 -0.5 -0 -0.866025 -0.5 -0 -0.866025 -0.5 -0 -0.866025 -0.5 -0 -0.866025 -0.5 -0 -0.866025 -0.5 -0 -0.866025 -0.5 -0 -0.866025 -0.5 -0 -0.866025 -0.5 -0 -0.866025 -0.5 -0 -0.866025 -0.5 -0 -0.866025 -0.5 -0 -0.866025 -0.5 -0 -0.866025 -0.5 -0 -0.866025 -0.5 -0 -0.866025 -0.5 -0 -0.866025 -0.5 -0 -0.866025 -0.5 -0 -0.866025 -0.5 -0 -0.866025 -0.5 -0 -0.866025 -0.5 -0 -0.866025 -0.5 -0 -0.866025 -0.5 -0 -0.866025 -0.5 -0 -0.866025 -0.5 -0 -0.866025 -0.5 -0 -0.866025 -0.5 -0 -0.866025 -0.5 -0 -0.866025 -0.5 -0 -0.866025 -0.5 -0 -0.866025 -0.5 -0 -0.866025 -0.5 -0 -0.866025 -0.5 -0 -0.866025 -0.5 -0 -0.866025 -0.5 -0 -0.866025 -0.5 -0 -0.866025 -0.5 -0 -0.866025 -0.5 -0 -0.866025 -0.5 -0 -0.866025 -0.5 -0 -0.866025 -0.5 -0 -0.866025 -0.5 -0 -0.866025 -0.5 -0 -0.866025 -0.5 -0 -0.866025 -0.5 -0 -0.866025 -0.5 -0 -0.866025 -0.5 -0 -0.866025 -0.5 -0 -0.866025 -0.5 -0 -0.866025 -0.5 -0 -0.866025 -0.5 -0 -0.866025 -0.5 -0 -0.866025 -0.5 -0 0 1 0 0 1 0 0 1 0 0 1 0 0 1 0 0 1 0 0 1 0 0 1 0 0 1 0 0 1 0 0 1 0 0 1 0 0 1 0 0 1 0 0 1 0 0 1 0 0 1 0 0 1 0 0 1 0 0 1 0 0 1 0 0 1 0 0 1 0 0 1 0 0 1 0 0 1 0 0 1 0 0 1 0 0 1 0 0 1 0 0 1 0 0 1 0 0 1 0 0 1 0 0 1 0 0 1 0 0 1 0 0 1 0 0 1 0 0 1 0 0 1 0 0 1 0 0 1 0 0 1 0 0 1 0 0 1 0 0 1 0 0 1 0 0 1 0 0 1 0 0 1 0 0 1 0 0 1 0 0 1 0 0 1 0 0 1 0 1.06869e-16 -0.97355 0.228473 1.06869e-16 -0.97355 0.228473 1.06869e-16 -0.97355 0.228473 1.06869e-16 -0.97355 0.228473 1.06869e-16 -0.97355 -0.228473 1.06869e-16 -0.97355 -0.228473 1.06869e-16 -0.97355 -0.228473 1.06869e-16 -0.97355 -0.228473 -0.843119 0.486775 0.228473 -0.843119 0.486775 0.228473 -0.843119 0.486775 0.228473 -0.843119 0.486775 0.228473 0.843119 0.486775 0.228473 0.843119 0.486775 0.228473 0.843119 0.486775 0.228473 0.843119 0.486775 0.228473 1.06869e-16 -0.97355 0.228473 1.06869e-16 -0.97355 0.228473 1.06869e-16 -0.97355 0.228473 1.06869e-16 -0.97355 0.228473 -0.843119 0.486775 -0.228473 -0.843119 0.486775 -0.228473 -0.843119 0.486775 -0.228473 -0.843119 0.486775 -0.228473 0.843119 0.486775 -0.228473 0.843119 0.486775 -0.228473 0.843119 0.486775 -0.228473 0.843119 0.486775 -0.228473 1.06869e-16 -0.97355 -0.228473 1.06869e-16 -0.97355 -0.228473 1.06869e-16 -0.97355 -0.228473 1.06869e-16 -0.97355 -0.228473 1 0 0 1 0 0 1 0 0 1 0 0 1 0 0 -1 -0 -0 -1 -0 -0 -1 -0 -0 -1 -0 -0 -1 -0 -0 6.30809e-16 -1 0 6.30809e-16 -1 0 6.30809e-16 -1 0 6.30809e-16 -1 0 -1 -0 -0 -1 -0 -0 -1 -0 -0 -1 -0 -0 0 -1 0 0 -1 0 0 -1 0 0 -1 0 -0.482963 -0.836516 -0.258819 -0.482963 -0.836516 -0.258819 -0.482963 -0.836516 -0.258819 -0.482963 -0.836516 -0.258819 0.482963 0.836516 -0.258819 0.482963 0.836516 -0.258819 0.482963 0.836516 -0.258819 0.482963 0.836516 -0.258819 -0.482963 -0.836516 0.258819 -0.482963 -0.836516 0.258819 -0.482963 -0.836516 0.258819 -0.482963 -0.836516 0.258819 0.482963 0.836516 0.258819 0.482963 0.836516 0.258819 0.482963 0.836516 0.258819 0.482963 0.836516 0.258819 -0.499315 -0.864839 -0.052336 -0.499315 -0.864839 -0.052336 -0.499315 -0.864839 0.052336 -0.493844 -0.855363 -0.156434 -0.493844 -0.855363 -0.156434 -0.482963 -0.836516 -0.258819 -0.482963 -0.836516 -0.258819 -0.499315 -0.864839 0.052336 -0.493844 -0.855363 0.156434 -0.493844 -0.855363 0.156434 -0.482963 -0.836516 0.258819 -0.482963 -0.836516 0.258819 0.499315 0.864839 0.052336 0.499315 0.864839 0.052336 0.499315 0.864839 -0.052336 0.493844 0.855363 0.156434 0.493844 0.855363 0.156434 0.482963 0.836516 0.258819 0.482963 0.836516 0.258819 0.499315 0.864839 -0.052336 0.493844 0.855363 -0.156434 0.493844 0.855363 -0.156434 0.482963 0.836516 -0.258819 0.482963 0.836516 -0.258819 -0.482963 0.836516 -0.258819 -0.482963 0.836516 -0.258819 -0.482963 0.836516 -0.258819 -0.482963 0.836516 -0.258819 0.482963 -0.836516 -0.258819 0.482963 -0.836516 -0.258819 0.482963 -0.836516 -0.258819 0.482963 -0.836516 -0.258819 -0.482963 0.836516 0.258819 -0.482963 0.836516 0.258819 -0.482963 0.836516 0.258819 -0.482963 0.836516 0.258819 0.482963 -0.836516 0.258819 0.482963 -0.836516 0.258819 0.482963 -0.836516 0.258819 0.482963 -0.836516 0.258819 -0.493844 0.855363 -0.156434 -0.499315 0.864839 -0.052336 -0.493844 0.855363 -0.156434 -0.482963 0.836516 -0.258819 -0.499315 0.864839 -0.052336 -0.499315 0.864839 0.052336 -0.482963 0.836516 -0.258819 -0.499315 0.864839 0.052336 -0.493844 0.855363 0.156434 -0.493844 0.855363 0.156434 -0.482963 0.836516 0.258819 -0.482963 0.836516 0.258819 0.499315 -0.864839 0.052336 0.499315 -0.864839 -0.052336 0.499315 -0.864839 0.052336 0.482963 -0.836516 -0.258819 0.493844 -0.855363 -0.156434 0.482963 -0.836516 -0.258819 0.493844 -0.855363 0.156434 0.493844 -0.855363 0.156434 0.482963 -0.836516 0.258819 0.482963 -0.836516 0.258819 0.499315 -0.864839 -0.052336 0.493844 -0.855363 -0.156434 0.965926 0 -0.258819 0.965926 0 -0.258819 0.965926 0 -0.258819 0.965926 0 -0.258819 -0.965926 0 -0.258819 -0.965926 0 -0.258819 -0.965926 0 -0.258819 -0.965926 0 -0.258819 0.965926 0 0.258819 0.965926 0 0.258819 0.965926 0 0.258819 0.965926 0 0.258819 -0.965926 0 0.258819 -0.965926 0 0.258819 -0.965926 0 0.258819 -0.965926 0 0.258819 0.965926 0 0.258819 0.991445 0 0.130526 0.987688 0 0.156434 0.99863 0 -0.052336 0.99863 0 0.052336 1 0 -8.74228e-08 0.965926 0 0.258819 0.987688 0 -0.156434 0.965926 0 -0.258819 0.965926 0 -0.258819 0.991445 0 -0.130526 -0.987688 -0 -0.156434 -0.965926 -0 -0.258819 -0.965926 -0 -0.258819 -0.99863 0 0.052336 -1 0 8.74228e-08 -0.991445 0 0.130526 -0.99863 -0 -0.052336 -0.991445 -0 -0.130526 -0.987688 0 0.156434 -0.965926 0 0.258819 -0.965926 0 0.258819 0 0.962651 -0.270746 0 0.962651 -0.270746 0 0.962651 -0.270746 0 0.962651 -0.270746 0 0.962651 -0.270746 0 0.962651 -0.270746 0 0.962651 0.270746 0 0.962651 0.270746 0 0.962651 0.270746 0 0.962651 0.270746 0 0.962651 0.270746 0 0.962651 0.270746 0 0.962651 0.270746 0 0.962651 0.270746 0 0.962651 0.270746 0 0.962651 0.270746 0 0.962651 0.270746 0 0.962651 0.270746 0 0.962651 -0.270746 0 0.962651 -0.270746 0 0.962651 -0.270746 0 0.962651 -0.270746 0 0.962651 -0.270746 0 0.962651 -0.270746 -0.866025 -0.5 -0 -0.866025 -0.5 -0 -0.866025 -0.5 -0 -0.866025 -0.5 -0 -0.866025 -0.5 -0 -0.866025 -0.5 -0 -0.866025 -0.5 -0 -0.866025 -0.5 -0 -0.866025 -0.5 -0 -0.866025 -0.5 -0 -0.866025 -0.5 -0 -0.866025 -0.5 -0 -0.866025 -0.5 -0 -0.866025 -0.5 -0 -0.866025 -0.5 -0 -0.866025 -0.5 -0 -0.866025 -0.5 -0 -0.866025 -0.5 -0 -0.866025 -0.5 -0 -0.866025 -0.5 -0 -0.866025 -0.5 -0 -0.866025 -0.5 -0 -0.866025 -0.5 -0 -0.866025 -0.5 -0 -0.866025 -0.5 -0 -0.866025 -0.5 -0 -0.866025 -0.5 -0 -0.866025 -0.5 -0 -0.866025 -0.5 -0 -0.866025 -0.5 -0 -0.866025 -0.5 -0 -0.866025 -0.5 -0 -0.866025 -0.5 -0 -0.866025 -0.5 -0 -0.866025 -0.5 -0 -0.866025 -0.5 -0 -0.866025 -0.5 -0 -0.866025 -0.5 -0 -0.866025 -0.5 -0 -0.866025 -0.5 -0 -0.866025 -0.5 -0 -0.866025 -0.5 -0 -0.866025 -0.5 -0 -0.866025 -0.5 -0 -0.866025 -0.5 -0 -0.866025 -0.5 -0 -0.866025 -0.5 -0 -0.866025 -0.5 -0 -0.866025 -0.5 -0 -0.866025 -0.5 -0 -0.866025 -0.5 -0 -0.866025 -0.5 -0 -0.866025 -0.5 -0 -0.866025 -0.5 -0 -0.866025 -0.5 -0 -0.866025 -0.5 -0 -0.866025 -0.5 -0 -0.866025 -0.5 -0 -0.866025 -0.5 -0 -0.866025 -0.5 -0 -0.866025 -0.5 -0 -0.866025 -0.5 -0 -0.866025 -0.5 -0 -0.866025 -0.5 -0 -0.866025 -0.5 -0 -0.866025 -0.5 -0 -0.866025 -0.5 -0 -0.866025 -0.5 -0 -0.866025 -0.5 -0 -0.866025 -0.5 -0 -0.866025 -0.5 -0 -0.866025 -0.5 -0 -0.866025 -0.5 -0 -0.866025 -0.5 -0 -0.866025 -0.5 -0 -0.866025 -0.5 -0 -0.866025 -0.5 -0 -0.866025 -0.5 -0 -0.866025 -0.5 -0 -0.866025 -0.5 -0 -0.866025 -0.5 -0 -0.866025 -0.5 -0 -0.866025 -0.5 -0 -0.866025 -0.5 -0 -0.866025 -0.5 -0 -0.866025 -0.5 -0 -0.866025 -0.5 -0 -0.866025 -0.5 -0 -0.866025 -0.5 -0 -0.866025 -0.5 -0 -0.866025 -0.5 -0 -0.866025 -0.5 -0 -0.866025 -0.5 -0 -0.866025 -0.5 -0 -0.866025 -0.5 -0 -0.866025 -0.5 -0 -0.866025 -0.5 -0 -0.866025 -0.5 -0 -0.866025 -0.5 -0 -0.866025 -0.5 -0 -0.866025 -0.5 -0 -0.866025 -0.5 -0 -0.866025 -0.5 -0 -0.866025 -0.5 -0 -0.866025 -0.5 -0 -0.866025 -0.5 -0 -0.866025 -0.5 -0 -0.866025 -0.5 -0 -0.866025 -0.5 -0 -0.866025 -0.5 -0 -0.866025 -0.5 -0 -0.866025 -0.5 -0 -0.866025 -0.5 -0 -0.866025 -0.5 -0 -0.866025 -0.5 -0 -0.866025 -0.5 -0 -0.866025 -0.5 -0 -0.866025 -0.5 -0 -0.866025 -0.5 -0 -0.866025 -0.5 -0 -0.866025 -0.5 -0 -0.866025 -0.5 -0 -0.866025 -0.5 -0 -0.866025 -0.5 -0 -0.866025 -0.5 -0 -0.866025 -0.5 -0 -0.866025 -0.5 -0 -0.866025 -0.5 -0 -0.866025 -0.5 -0 -0.866025 -0.5 -0 -0.866025 -0.5 -0 -0.866025 -0.5 -0 -0.866025 -0.5 -0 -0.866025 -0.5 -0 -0.866025 -0.5 -0 -0.866025 -0.5 -0 -0.866025 -0.5 -0 -0.866025 -0.5 -0 -0.866025 -0.5 -0 -0.866025 -0.5 -0 -0.866025 -0.5 -0 -0.866025 -0.5 -0 -0.866025 -0.5 -0 -0.866025 -0.5 -0 -0.866025 -0.5 -0 -0.866025 -0.5 -0 -0.866025 -0.5 -0 -0.866025 -0.5 -0 -0.866025 -0.5 -0 -0.866025 -0.5 -0 -0.866025 -0.5 -0 -0.866025 -0.5 -0 -0.866025 -0.5 -0 -0.866025 -0.5 -0 -0.866025 -0.5 -0 -0.866025 -0.5 -0 -0.866025 -0.5 -0 -0.866025 -0.5 -0 -0.866025 -0.5 -0 -0.866025 -0.5 -0 -0.866025 -0.5 -0 -0.866025 -0.5 -0 -0.866025 -0.5 -0 -0.866025 -0.5 -0 -0.866025 -0.5 -0 -0.866025 -0.5 -0 -0.866025 -0.5 -0 -0.866025 -0.5 -0 -0.866025 -0.5 -0 -0.866025 -0.5 -0 0.866025 -0.5 0 0.866025 -0.5 0 0.866025 -0.5 0 0.866025 -0.5 0 0.866025 -0.5 0 0.866025 -0.5 0 0.866025 -0.5 0 0.866025 -0.5 0 0.866025 -0.5 0 0.866025 -0.5 0 0.866025 -0.5 0 0.866025 -0.5 0 0.866025 -0.5 0 0.866025 -0.5 0 0.866025 -0.5 0 0.866025 -0.5 0 0.866025 -0.5 0 0.866025 -0.5 0 0.866025 -0.5 0 0.866025 -0.5 0 0.866025 -0.5 0 0.866025 -0.5 0 0.866025 -0.5 0 0.866025 -0.5 0 0.866025 -0.5 0 0.866025 -0.5 0 0.866025 -0.5 0 0.866025 -0.5 0 0.866025 -0.5 0 0.866025 -0.5 0 0.866025 -0.5 0 0.866025 -0.5 0 0.866025 -0.5 0 0.866025 -0.5 0 0.866025 -0.5 0 0.866025 -0.5 0 0.866025 -0.5 0 0.866025 -0.5 0 0.866025 -0.5 0 0.866025 -0.5 0 0.866025 -0.5 0 0.866025 -0.5 0 0.866025 -0.5 0 0.866025 -0.5 0 0.866025 -0.5 0 0.866025 -0.5 0 0.866025 -0.5 0 0.866025 -0.5 0 0.866025 -0.5 0 0.866025 -0.5 0 0.866025 -0.5 0 0.866025 -0.5 0 0.866025 -0.5 0 0.866025 -0.5 0 0.866025 -0.5 0 0.866025 -0.5 0 0.866025 -0.5 0 0.866025 -0.5 0 0.866025 -0.5 0 0.866025 -0.5 0 0.866025 -0.5 0 0.866025 -0.5 0 0.866025 -0.5 0 0.866025 -0.5 0 0.866025 -0.5 0 0.866025 -0.5 0 0.866025 -0.5 0 0.866025 -0.5 0 0.866025 -0.5 0 0.866025 -0.5 0 0.866025 -0.5 0 0.866025 -0.5 0 0.866025 -0.5 0 0.866025 -0.5 0 0.866025 -0.5 0 0.866025 -0.5 0 0.866025 -0.5 0 0.866025 -0.5 0 0.866025 -0.5 0 0.866025 -0.5 0 0.866025 -0.5 0 0.866025 -0.5 0 0.866025 -0.5 0 0.866025 -0.5 0 0.866025 -0.5 0 0.866025 -0.5 0 0.866025 -0.5 0 0.866025 -0.5 0 0.866025 -0.5 0 0.866025 -0.5 0 0.866025 -0.5 0 0.866025 -0.5 0 0.866025 -0.5 0 0.866025 -0.5 0 0.866025 -0.5 0 0.866025 -0.5 0 0.866025 -0.5 0 0.866025 -0.5 0 0.866025 -0.5 0 0.866025 -0.5 0 0.866025 -0.5 0 0.866025 -0.5 0 0.866025 -0.5 0 0.866025 -0.5 0 0.866025 -0.5 0 0.866025 -0.5 0 0.866025 -0.5 0 0.866025 -0.5 0 0.866025 -0.5 0 0.866025 -0.5 0 0.866025 -0.5 0 0.866025 -0.5 0 0.866025 -0.5 0 0.866025 -0.5 0 0.866025 -0.5 0 0.866025 -0.5 0 0.866025 -0.5 0 0.866025 -0.5 0 0.866025 -0.5 0 0.866025 -0.5 0 0.866025 -0.5 0 0.866025 -0.5 0 0.866025 -0.5 0 0.866025 -0.5 0 0.866025 -0.5 0 0.866025 -0.5 0 0.866025 -0.5 0 0.866025 -0.5 0 0.866025 -0.5 0 0.866025 -0.5 0 0.866025 -0.5 0 0.866025 -0.5 0 0.866025 -0.5 0 0.866025 -0.5 0 0.866025 -0.5 0 0.866025 -0.5 0 0.866025 -0.5 0 0.866025 -0.5 0 0.866025 -0.5 0 0.866025 -0.5 0 0.866025 -0.5 0 0.866025 -0.5 0 0.866025 -0.5 0 0.866025 -0.5 0 0.866025 -0.5 0 0.866025 -0.5 0 0.866025 -0.5 0 0.866025 -0.5 0 0.866025 -0.5 0 0.866025 -0.5 0 0.866025 -0.5 0 0.866025 -0.5 0 0.866025 -0.5 0 0.866025 -0.5 0 0.866025 -0.5 0 0.866025 -0.5 0 0.866025 -0.5 0 0.866025 -0.5 0 0.866025 -0.5 0 0.866025 -0.5 0 0.866025 -0.5 0 0.866025 -0.5 0 0.866025 -0.5 0 0.866025 -0.5 0 0.866025 -0.5 0 0.866025 -0.5 0 0.866025 -0.5 0 0.866025 -0.5 0 0.866025 -0.5 0 0.866025 -0.5 0 0.232197 0.402177 -0.885629 0.158147 0.273919 -0.948661 0.232197 0.402177 -0.885629 0.08 0.138564 -0.987117 0.158147 0.273919 -0.948661 0.0800002 0.138564 -0.987117 0.360488 0.624384 -0.69296 0.411406 0.712575 -0.568315 0.411406 0.712575 -0.568315 0.360488 0.624384 -0.69296 0.300231 0.520016 -0.799653 0.300231 0.520016 -0.799653 0.49634 0.859686 -0.120772 0.480223 0.831771 -0.278466 0.49634 0.859686 -0.120772 0.480223 0.831771 -0.278466 0.451665 0.782307 -0.428947 0.451665 0.782307 -0.428947 0.467538 0.8098 0.354447 0.467538 0.8098 0.354447 0.489914 0.848557 0.199838 0.499599 0.865331 0.0400522 0.489914 0.848557 0.199838 0.499599 0.865331 0.0400522 0.387342 0.670895 0.632349 0.331599 0.574347 0.748444 0.331599 0.574347 0.748443 0.433049 0.750063 0.499874 0.433049 0.750063 0.499873 0.387342 0.670895 0.632349 0.119674 0.207282 0.970934 0.196009 0.339498 0.919957 0.119674 0.207282 0.970934 0.196009 0.339498 0.919957 0.267266 0.462919 0.845148 0.267266 0.462919 0.845148 -0.119674 -0.207282 0.970934 -0.119674 -0.207282 0.970934 -0.0402389 -0.0696958 0.996756 0.0402388 0.0696957 0.996756 -0.0402389 -0.0696958 0.996756 0.040239 0.0696959 0.996756 -0.267266 -0.462919 0.845148 -0.331599 -0.574347 0.748444 -0.331599 -0.574347 0.748444 -0.196009 -0.339498 0.919957 -0.196009 -0.339498 0.919957 -0.267266 -0.462919 0.845148 -0.467538 -0.8098 0.354447 -0.433049 -0.750063 0.499873 -0.467538 -0.8098 0.354447 -0.433049 -0.750063 0.499873 -0.387342 -0.670895 0.632349 -0.387342 -0.670895 0.632349 -0.49634 -0.859686 -0.120771 -0.499599 -0.865331 0.0400522 -0.499599 -0.865331 0.0400521 -0.489914 -0.848557 0.199838 -0.489914 -0.848557 0.199838 -0.49634 -0.859686 -0.120771 -0.480223 -0.831771 -0.278466 -0.480223 -0.831771 -0.278466 -0.451665 -0.782306 -0.428947 -0.411406 -0.712575 -0.568315 -0.451665 -0.782306 -0.428947 -0.411406 -0.712575 -0.568315 -0.360488 -0.624384 -0.69296 -0.360488 -0.624384 -0.69296 -0.300232 -0.520016 -0.799652 -0.232197 -0.402177 -0.885629 -0.300232 -0.520016 -0.799652 -0.232197 -0.402177 -0.885629 -0.158147 -0.273919 -0.948661 -0.158147 -0.273919 -0.948661 -0.08 -0.138564 -0.987117 -0.08 -0.138564 -0.987117 -0.5 -0.866025 -0 -0.5 -0.866025 -0 -0.5 -0.866025 -0 -0.5 -0.866025 -0 0.5 0.866025 0 0.5 0.866025 0 0.5 0.866025 0 0.5 0.866025 0 0.232197 -0.402177 -0.885629 0.158147 -0.273919 -0.948661 0.232197 -0.402177 -0.885629 0.08 -0.138564 -0.987117 0.158147 -0.273919 -0.948661 0.0800002 -0.138564 -0.987117 0.360488 -0.624384 -0.69296 0.411406 -0.712575 -0.568315 0.411406 -0.712575 -0.568315 0.360488 -0.624384 -0.69296 0.300231 -0.520016 -0.799653 0.300231 -0.520016 -0.799653 0.49634 -0.859686 -0.120772 0.480223 -0.831771 -0.278466 0.49634 -0.859686 -0.120772 0.480223 -0.831771 -0.278466 0.451665 -0.782307 -0.428947 0.451665 -0.782307 -0.428947 0.467538 -0.8098 0.354447 0.467538 -0.8098 0.354447 0.489914 -0.848557 0.199838 0.499599 -0.865331 0.0400522 0.489914 -0.848557 0.199838 0.499599 -0.865331 0.0400522 0.387342 -0.670895 0.632349 0.331599 -0.574347 0.748444 0.331599 -0.574347 0.748443 0.433049 -0.750063 0.499874 0.433049 -0.750063 0.499873 0.387342 -0.670895 0.632349 0.119674 -0.207282 0.970934 0.196009 -0.339498 0.919957 0.119674 -0.207282 0.970934 0.196009 -0.339498 0.919957 0.267266 -0.462919 0.845148 0.267266 -0.462919 0.845148 -0.119674 0.207282 0.970934 -0.119674 0.207282 0.970934 -0.0402389 0.0696958 0.996756 0.0402388 -0.0696957 0.996756 -0.0402389 0.0696958 0.996756 0.040239 -0.0696959 0.996756 -0.267266 0.462919 0.845148 -0.331599 0.574347 0.748444 -0.331599 0.574347 0.748444 -0.196009 0.339498 0.919957 -0.196009 0.339498 0.919957 -0.267266 0.462919 0.845148 -0.467538 0.8098 0.354447 -0.433049 0.750063 0.499873 -0.467538 0.8098 0.354447 -0.433049 0.750063 0.499873 -0.387342 0.670895 0.632349 -0.387342 0.670895 0.632349 -0.49634 0.859686 -0.120771 -0.499599 0.865331 0.0400522 -0.499599 0.865331 0.0400521 -0.489914 0.848557 0.199838 -0.489914 0.848557 0.199838 -0.49634 0.859686 -0.120771 -0.480223 0.831771 -0.278466 -0.480223 0.831771 -0.278466 -0.451665 0.782306 -0.428947 -0.411406 0.712575 -0.568315 -0.451665 0.782306 -0.428947 -0.411406 0.712575 -0.568315 -0.360488 0.624384 -0.69296 -0.360488 0.624384 -0.69296 -0.300232 0.520016 -0.799652 -0.232197 0.402177 -0.885629 -0.300232 0.520016 -0.799652 -0.232197 0.402177 -0.885629 -0.158147 0.273919 -0.948661 -0.158147 0.273919 -0.948661 -0.08 0.138564 -0.987117 -0.08 0.138564 -0.987117 -0.5 0.866025 0 -0.5 0.866025 0 -0.5 0.866025 0 -0.5 0.866025 0 0.5 -0.866025 0 0.5 -0.866025 0 0.5 -0.866025 0 0.5 -0.866025 0 -0.464394 -0 -0.885629 -0.316294 -0 -0.948661 -0.464394 -0 -0.885629 -0.16 -0 -0.987117 -0.316294 -0 -0.948661 -0.16 -0 -0.987117 -0.720976 -0 -0.69296 -0.822811 -0 -0.568315 -0.822811 -0 -0.568315 -0.720976 -0 -0.69296 -0.600463 -0 -0.799653 -0.600463 -0 -0.799653 -0.99268 -0 -0.120772 -0.960446 -0 -0.278466 -0.99268 -0 -0.120772 -0.960446 -0 -0.278466 -0.90333 -0 -0.428947 -0.90333 -0 -0.428947 -0.935076 0 0.354447 -0.935076 0 0.354447 -0.979829 0 0.199838 -0.999198 0 0.0400522 -0.979829 0 0.199838 -0.999198 0 0.0400522 -0.774683 0 0.632349 -0.663198 0 0.748444 -0.663199 0 0.748443 -0.866098 0 0.499874 -0.866099 0 0.499873 -0.774683 0 0.632349 -0.239348 0 0.970934 -0.392019 0 0.919957 -0.239348 0 0.970934 -0.392018 0 0.919957 -0.534533 0 0.845148 -0.534532 0 0.845148 0.239349 0 0.970934 0.239348 0 0.970934 0.0804778 0 0.996756 -0.0804777 0 0.996756 0.0804778 0 0.996756 -0.0804779 0 0.996756 0.534532 0 0.845148 0.663198 0 0.748444 0.663198 0 0.748444 0.392018 0 0.919957 0.392018 0 0.919957 0.534532 0 0.845148 0.935076 0 0.354447 0.866099 0 0.499873 0.935076 0 0.354447 0.866099 0 0.499873 0.774683 0 0.632349 0.774683 0 0.632349 0.99268 0 -0.120771 0.999198 0 0.0400522 0.999198 0 0.0400521 0.979829 0 0.199838 0.979829 0 0.199838 0.99268 0 -0.120771 0.960446 0 -0.278466 0.960446 0 -0.278466 0.90333 0 -0.428947 0.822811 0 -0.568315 0.90333 0 -0.428947 0.822811 0 -0.568315 0.720976 0 -0.69296 0.720976 0 -0.69296 0.600463 0 -0.799652 0.464394 0 -0.885629 0.600463 0 -0.799652 0.464394 0 -0.885629 0.316294 0 -0.948661 0.316294 0 -0.948661 0.16 0 -0.987117 0.16 0 -0.987117 1 0 0 1 0 0 1 0 0 1 0 0 -1 -0 -0 -1 -0 -0 -1 -0 -0 -1 -0 -0 -0.164595 0 0.986361 1.13829e-22 0 1 1.37194e-11 0 1 -0.614213 0 0.789141 -0.475947 0 0.879474 -0.487695 0 0.873014 -0.324699 0 0.945817 -0.169001 0 0.985616 -0.33314 0 0.942877 -0.851529 0 0.524307 -0.915773 0 0.401695 -0.837166 0 0.546948 -0.62822 0 0.778036 -0.750672 0 0.660675 -0.735724 0 0.677282 -0.996584 0 0.0825794 -0.999099 0 0.0424412 -0.996584 -0 -0.0825794 -0.9694 0 0.245485 -0.927889 0 0.372857 -0.977555 0 0.210679 -0.837166 -0 -0.546948 -0.915773 -0 -0.401695 -0.892926 -0 -0.450204 -0.956167 -0 -0.292823 -0.9694 -0 -0.245485 -0.9919 -0 -0.127018 -0.559975 -0 -0.82851 -0.475947 -0 -0.879474 -0.614213 -0 -0.789141 -0.803997 -0 -0.594633 -0.691939 -0 -0.721956 -0.735724 -0 -0.677282 -0.164595 -0 -0.986361 -0.0848059 -0 -0.996397 8.74228e-08 0 -1 -0.3247 -0 -0.945817 -0.411901 -0 -0.911228 -0.251978 -0 -0.967733 0.475947 0 -0.879474 0.324699 0 -0.945817 0.411901 0 -0.911228 0.251978 0 -0.967733 0.164595 0 -0.986361 0.0848059 0 -0.996397 0.803997 0 -0.594633 0.837167 0 -0.546948 0.735724 0 -0.677282 0.559975 0 -0.82851 0.691939 0 -0.721956 0.614213 0 -0.78914 0.9694 0 -0.245486 0.9919 0 -0.127018 0.996584 0 -0.0825794 0.915773 0 -0.401695 0.892926 0 -0.450204 0.956167 0 -0.292823 0.999099 0 0.042441 0.977555 0 0.210679 0.996584 0 0.0825794 0.927889 0 0.372857 0.9694 0 0.245486 0.915773 0 0.401695 0.851529 0 0.524307 0.750672 0 0.660675 0.837166 0 0.546948 0.62822 0 0.778036 0.735724 0 0.677282 0.614213 0 0.78914 0.487695 0 0.873014 0.33314 0 0.942877 0.475948 0 0.879474 0.169001 0 0.985616 0.3247 0 0.945817 0.164595 0 0.986361 -0.745356 0 0.666667 -0.789141 0 0.614213 -0.677282 0 0.735724 -0.623221 0 0.782046 -0.546948 0 0.837166 -0.483493 0 0.875348 -0.401695 0 0.915773 0.330117 0 0.94394 0.401695 0 0.915773 0.483494 0 0.875348 -0.330117 0 0.94394 -0.245486 0 0.9694 0.546948 0 0.837166 0.623221 0 0.782046 0.745356 0 0.666667 0.677281 0 0.735724 0.789141 0 0.614213 0.834384 0 0.551184 0.879474 0 0.475947 0.905671 0 0.423981 0.957701 0 0.287764 0.945817 0 0.3247 0.986361 0 0.164595 0.989369 0 0.145428 1 0 -1.19249e-08 1 0 -1.19249e-08 0.245486 0 0.9694 0.0825795 0 0.996584 0.167422 0 0.985885 8.74228e-08 0 1 -0.0825793 0 0.996584 -0.167422 0 0.985885 -0.834384 0 0.551184 -0.905671 0 0.423981 -0.879474 0 0.475947 -0.945817 0 0.3247 -0.957701 0 0.287764 -0.989369 0 0.145428 -0.986361 0 0.164595 -1 0 4.37114e-08 -1 0 4.37114e-08 0 -1 0 0 -1 0 0 -1 0 0 -1 0 0 -1 0 0 -1 0 0 -1 0 0 -1 0 0 -1 0 0 -1 0 0 -1 0 0 -1 0 0 -1 0 0 -1 0 0 -1 0 0 -1 0 0 -1 0 0 -1 0 0 -1 0 0 -1 0 0 -1 0 0 -1 0 0 -1 0 0 -1 0 0 -1 0 0 -1 0 0 -1 0 0 -1 0 0 -1 0 0 -1 0 0 -1 0 0 -1 0 0 -1 0 0 -1 0 0 -1 0 0 -1 0 0 -1 0 0 -1 0 0 -1 0 0 -1 0 0 -1 0 0 -1 0 0 -1 0 0 -1 0 0 -1 0 0 -1 0 0 -1 0 0 -1 0 0 -1 0 0 -1 0 0 -1 0 0 -1 0 0 -1 0 0 -1 0 0 -1 0 0 -1 0 0 -1 0 0 -1 0 0 -1 0 -1 0 3.25261e-16 -1 0 3.25261e-16 -1 0 3.25261e-16 -1 0 3.25261e-16 -1 0 3.25261e-16 -1 0 3.25261e-16 -1 0 3.25261e-16 -1 0 3.25261e-16 1 0 -3.25261e-16 1 0 -3.25261e-16 1 0 -3.25261e-16 1 0 -3.25261e-16 1 0 -3.25261e-16 1 0 -3.25261e-16 1 0 -3.25261e-16 1 0 -3.25261e-16 1.35786e-16 1 4.5e-16 1.35786e-16 1 4.5e-16 1.35786e-16 1 4.5e-16 1.35786e-16 1 4.5e-16 1.35786e-16 1 4.5e-16 1.35786e-16 1 4.5e-16 1.35786e-16 1 4.5e-16 1.35786e-16 1 4.5e-16 1.35786e-16 1 4.5e-16 1.35786e-16 1 4.5e-16 1.35786e-16 1 4.5e-16 1.35786e-16 1 4.5e-16 1.35786e-16 1 4.5e-16 1.35786e-16 1 4.5e-16 1.35786e-16 1 4.5e-16 -1.35786e-16 -1 -4.5e-16 -1.35786e-16 -1 -4.5e-16 -1.35786e-16 -1 -4.5e-16 -1.35786e-16 -1 -4.5e-16 -1.35786e-16 -1 -4.5e-16 -1.35786e-16 -1 -4.5e-16 -1.35786e-16 -1 -4.5e-16 -1.35786e-16 -1 -4.5e-16 -1.35786e-16 -1 -4.5e-16 -1.35786e-16 -1 -4.5e-16 -1.35786e-16 -1 -4.5e-16 -1.35786e-16 -1 -4.5e-16 -1.35786e-16 -1 -4.5e-16 -1.35786e-16 -1 -4.5e-16 -1.35786e-16 -1 -4.5e-16 -1.35786e-16 -1 -4.5e-16 -1.35786e-16 -1 -4.5e-16 -1.35786e-16 -1 -4.5e-16 -1.35786e-16 -1 -4.5e-16 -1.35786e-16 -1 -4.5e-16 -1.35786e-16 -1 -4.5e-16 -1.35786e-16 -1 -4.5e-16 -1.35786e-16 -1 -4.5e-16 -1.35786e-16 -1 -4.5e-16 -1.35786e-16 -1 -4.5e-16 -1.35786e-16 -1 -4.5e-16 1 -1.35786e-16 -5.55409e-32 1 -1.35786e-16 -5.55409e-32 1 -1.35786e-16 -5.55409e-32 1 -1.35786e-16 -5.55409e-32 1 -1.35786e-16 -5.55409e-32 -1 1.35786e-16 1.02258e-16 -1 1.35786e-16 1.02258e-16 -1 1.35786e-16 1.02258e-16 -1 1.35786e-16 1.02258e-16 -1 1.35786e-16 1.02258e-16 0 -4.5e-16 1 0 -4.5e-16 1 0 -4.5e-16 1 0 -4.5e-16 1 0 0.909474 0.41576 0 0.909474 0.41576 0 0.909474 0.41576 0 0.909474 0.41576 0 0.909474 0.41576 0 0.909474 0.41576 0 0.909474 0.41576 0 0.909474 0.41576 0 0.909474 0.41576 0 0 1 0 0 1 0 0 1 0 0 1 0 0 1 0 0 1 0 0 1 0 0 1 0 0.909474 0.41576 0 0.909474 0.41576 0 0.909474 0.41576 0 0.909474 0.41576 0 0.909474 0.41576 0 0.909474 0.41576 0 0.909474 0.41576 0 0.909474 0.41576 0 0.909474 0.41576 0 1 0 0 1 0 0 1 0 0 1 0 0 1 0 0 1 0 0 1 0 0 1 0 0 1 0 0 1 0 0 1 0 0 1 0 0 1 0 0 1 0 0 1 0 0 1 0 0 1 0 0 1 0 0 1 0 0 1 0 0 1 0 0 1 0 0 1 0 0 1 0 0 1 0 0 1 0 0 1 0 0 1 0 0 1 0 0 1 0 0 1 0 0 1 0 0 1 0 0 1 0 0 1 0 0 1 0 0 1 0 0 1 0 0 1 0 0 1 0 0 1 0 0 1 0 0 1 0 0 1 0 0 1 0 0 1 0 0 1 0 0 1 0 0 1 0 0 1 0 0 1 0 0 1 0 0 1 0 0 1 0 0 1 0 0 1 0 0 1 0 0 1 0 0 1 0 0 1 0 0 1 0 0 1 0 0 1 0 0 1 0 0 1 0 0 1 0 0 1 0 0 1 0 0 1 0 0 1 0 0 1 0 0 1 0 0 1 0 0 1 0 0 1 0 0 1 0 0 1 0 0 1 0 0.0822973 -0.142543 0.986361 -1.3852e-22 2.39924e-22 1 -6.86166e-12 1.18847e-11 1 0.307106 -0.531924 0.789141 0.237974 -0.412183 0.879474 0.243847 -0.422356 0.873014 0.16235 -0.281198 0.945817 0.0845004 -0.146359 0.985616 0.16657 -0.288508 0.942877 0.425765 -0.737446 0.524307 0.457887 -0.793083 0.401695 0.418583 -0.725007 0.546948 0.31411 -0.544055 0.778036 0.375336 -0.650101 0.660675 0.367862 -0.637156 0.677282 0.498292 -0.863068 0.0825794 0.499549 -0.865245 0.0424412 0.498292 -0.863068 -0.0825794 0.4847 -0.839525 0.245485 0.463944 -0.803575 0.372857 0.488778 -0.846588 0.210679 0.418583 -0.725007 -0.546948 0.457887 -0.793083 -0.401695 0.446463 -0.773296 -0.450204 0.478083 -0.828065 -0.292823 0.4847 -0.839525 -0.245485 0.49595 -0.859011 -0.127018 0.279987 -0.484952 -0.82851 0.237974 -0.412183 -0.879474 0.307106 -0.531924 -0.789141 0.401999 -0.696282 -0.594633 0.345969 -0.599237 -0.721956 0.367862 -0.637156 -0.677282 0.0822973 -0.142543 -0.986361 0.042403 -0.0734441 -0.996397 -4.37114e-08 7.57103e-08 -1 0.16235 -0.281198 -0.945817 0.205951 -0.356717 -0.911228 0.125989 -0.218219 -0.967733 -0.237974 0.412183 -0.879474 -0.16235 0.281198 -0.945817 -0.205951 0.356717 -0.911228 -0.125989 0.218219 -0.967733 -0.0822974 0.142543 -0.986361 -0.0424029 0.073444 -0.996397 -0.401999 0.696282 -0.594633 -0.418583 0.725007 -0.546948 -0.367862 0.637156 -0.677282 -0.279987 0.484952 -0.82851 -0.345969 0.599237 -0.721956 -0.307106 0.531924 -0.78914 -0.4847 0.839525 -0.245486 -0.49595 0.859011 -0.127018 -0.498292 0.863068 -0.0825794 -0.457887 0.793083 -0.401695 -0.446463 0.773297 -0.450204 -0.478083 0.828065 -0.292823 -0.499549 0.865245 0.042441 -0.488778 0.846588 0.210679 -0.498292 0.863068 0.0825794 -0.463944 0.803575 0.372857 -0.4847 0.839525 0.245486 -0.457887 0.793083 0.401695 -0.425765 0.737446 0.524307 -0.375336 0.650101 0.660675 -0.418583 0.725007 0.546948 -0.31411 0.544055 0.778036 -0.367862 0.637156 0.677282 -0.307106 0.531924 0.78914 -0.243847 0.422356 0.873014 -0.16657 0.288508 0.942877 -0.237974 0.412183 0.879474 -0.0845004 0.146359 0.985616 -0.16235 0.281198 0.945817 -0.0822973 0.142543 0.986361 0.493181 -0.854214 0.164595 0.493181 -0.854214 0.164595 0.5 -0.866025 4.37114e-08 0.5 -0.866025 4.37114e-08 0.39457 -0.683416 0.614213 0.439737 -0.761647 0.475947 0.439737 -0.761647 0.475947 0.472909 -0.819102 0.3247 0.472909 -0.819102 0.3247 0.273474 -0.473671 0.837166 0.200848 -0.347878 0.915773 0.273474 -0.473671 0.837166 0.39457 -0.683416 0.614213 0.338641 -0.586543 0.735724 0.338641 -0.586543 0.735724 0.0412897 -0.0715158 0.996584 0.0412897 -0.0715158 0.996584 -0.0412897 0.0715159 0.996584 0.122743 -0.212597 0.9694 0.200848 -0.347878 0.915773 0.122743 -0.212597 0.9694 -0.273474 0.473671 0.837166 -0.200848 0.347878 0.915773 -0.200848 0.347878 0.915773 -0.122743 0.212597 0.9694 -0.122743 0.212597 0.9694 -0.0412897 0.0715159 0.996584 -0.39457 0.683416 0.614213 -0.39457 0.683416 0.614213 -0.338641 0.586543 0.735724 -0.273474 0.473671 0.837166 -0.338641 0.586543 0.735724 -0.439737 0.761647 0.475947 -0.439737 0.761647 0.475947 -0.472909 0.819102 0.3247 -0.472909 0.819102 0.3247 -0.493181 0.854214 0.164595 -0.493181 0.854214 0.164595 -0.5 0.866025 -1.19249e-08 -0.5 0.866025 -1.19249e-08 0.5 -0.866025 4.37114e-08 0.372678 -0.645497 0.666667 0.39457 -0.683416 0.614213 0.338641 -0.586543 0.735724 0.5 -0.866025 4.37114e-08 0.5 -0.866025 4.37114e-08 0.494684 -0.856819 0.145428 0.311611 -0.539725 0.782046 0.273474 -0.473671 0.837166 0.241747 -0.418718 0.875348 0.200848 -0.347878 0.915773 -0.165059 0.28589 0.94394 -0.200848 0.347878 0.915773 -0.241747 0.418718 0.875348 0.165058 -0.28589 0.94394 0.122743 -0.212597 0.9694 -0.273474 0.473671 0.837166 -0.311611 0.539725 0.782046 -0.372678 0.645497 0.666667 -0.338641 0.586543 0.735724 -0.39457 0.683416 0.614213 -0.417192 0.722598 0.551184 -0.439737 0.761647 0.475947 -0.452836 0.784334 0.423981 -0.478851 0.829394 0.287764 -0.472909 0.819102 0.3247 -0.493181 0.854214 0.164595 -0.494684 0.856819 0.145428 -0.5 0.866025 -1.19249e-08 -0.5 0.866025 -1.19249e-08 -0.122743 0.212597 0.9694 -0.0412897 0.0715159 0.996584 -0.0837108 0.144991 0.985885 -4.37114e-08 7.57103e-08 1 0.0412897 -0.0715158 0.996584 0.0837108 -0.144991 0.985885 0.417192 -0.722598 0.551184 0.452836 -0.784334 0.423981 0.439737 -0.761647 0.475947 0.472909 -0.819102 0.3247 0.478851 -0.829394 0.287764 0.493181 -0.854214 0.164595 0.866025 0.5 0 0.866025 0.5 0 0.866025 0.5 0 0.866025 0.5 0 0.866025 0.5 0 0.866025 0.5 0 0.866025 0.5 0 0.866025 0.5 0 0.866025 0.5 0 0.866025 0.5 0 0.866025 0.5 0 0.866025 0.5 0 0.866025 0.5 0 0.866025 0.5 0 0.866025 0.5 0 0.866025 0.5 0 0.866025 0.5 0 0.866025 0.5 0 0.866025 0.5 0 0.866025 0.5 0 0.866025 0.5 0 0.866025 0.5 0 0.866025 0.5 0 0.866025 0.5 0 0.866025 0.5 0 0.866025 0.5 0 0.866025 0.5 0 0.866025 0.5 0 0.866025 0.5 0 0.866025 0.5 0 0.866025 0.5 0 0.866025 0.5 0 0.866025 0.5 0 0.866025 0.5 0 0.866025 0.5 0 0.866025 0.5 0 0.866025 0.5 0 0.866025 0.5 0 0.866025 0.5 0 0.866025 0.5 0 0.866025 0.5 0 0.866025 0.5 0 0.866025 0.5 0 0.866025 0.5 0 0.866025 0.5 0 0.866025 0.5 0 0.866025 0.5 0 0.866025 0.5 0 0.866025 0.5 0 0.866025 0.5 0 0.866025 0.5 0 0.866025 0.5 0 0.866025 0.5 0 0.866025 0.5 0 0.866025 0.5 0 0.866025 0.5 0 0.866025 0.5 0 0.866025 0.5 0 0.866025 0.5 0 0.5 -0.866025 3.25261e-16 0.5 -0.866025 3.25261e-16 0.5 -0.866025 3.25261e-16 0.5 -0.866025 3.25261e-16 0.5 -0.866025 3.25261e-16 0.5 -0.866025 3.25261e-16 0.5 -0.866025 3.25261e-16 0.5 -0.866025 3.25261e-16 -0.5 0.866025 -3.25261e-16 -0.5 0.866025 -3.25261e-16 -0.5 0.866025 -3.25261e-16 -0.5 0.866025 -3.25261e-16 -0.5 0.866025 -3.25261e-16 -0.5 0.866025 -3.25261e-16 -0.5 0.866025 -3.25261e-16 -0.5 0.866025 -3.25261e-16 -0.866025 -0.5 4.5e-16 -0.866025 -0.5 4.5e-16 -0.866025 -0.5 4.5e-16 -0.866025 -0.5 4.5e-16 -0.866025 -0.5 4.5e-16 -0.866025 -0.5 4.5e-16 -0.866025 -0.5 4.5e-16 -0.866025 -0.5 4.5e-16 -0.866025 -0.5 4.5e-16 -0.866025 -0.5 4.5e-16 -0.866025 -0.5 4.5e-16 -0.866025 -0.5 4.5e-16 -0.866025 -0.5 4.5e-16 -0.866025 -0.5 4.5e-16 -0.866025 -0.5 4.5e-16 0.866025 0.5 -4.5e-16 0.866025 0.5 -4.5e-16 0.866025 0.5 -4.5e-16 0.866025 0.5 -4.5e-16 0.866025 0.5 -4.5e-16 0.866025 0.5 -4.5e-16 0.866025 0.5 -4.5e-16 0.866025 0.5 -4.5e-16 0.866025 0.5 -4.5e-16 0.866025 0.5 -4.5e-16 0.866025 0.5 -4.5e-16 0.866025 0.5 -4.5e-16 0.866025 0.5 -4.5e-16 0.866025 0.5 -4.5e-16 0.866025 0.5 -4.5e-16 0.866025 0.5 -4.5e-16 0.866025 0.5 -4.5e-16 0.866025 0.5 -4.5e-16 0.866025 0.5 -4.5e-16 0.866025 0.5 -4.5e-16 0.866025 0.5 -4.5e-16 0.866025 0.5 -4.5e-16 0.866025 0.5 -4.5e-16 0.866025 0.5 -4.5e-16 0.866025 0.5 -4.5e-16 0.866025 0.5 -4.5e-16 -0.5 0.866025 -5.55409e-32 -0.5 0.866025 -5.55409e-32 -0.5 0.866025 -5.55409e-32 -0.5 0.866025 -5.55409e-32 -0.5 0.866025 -5.55409e-32 0.5 -0.866025 1.02258e-16 0.5 -0.866025 1.02258e-16 0.5 -0.866025 1.02258e-16 0.5 -0.866025 1.02258e-16 0.5 -0.866025 1.02258e-16 3.89711e-16 2.25e-16 1 3.89711e-16 2.25e-16 1 3.89711e-16 2.25e-16 1 3.89711e-16 2.25e-16 1 -0.787628 -0.454737 0.41576 -0.787628 -0.454737 0.41576 -0.787628 -0.454737 0.41576 -0.787628 -0.454737 0.41576 -0.787628 -0.454737 0.41576 -0.787628 -0.454737 0.41576 -0.787628 -0.454737 0.41576 -0.787628 -0.454737 0.41576 -0.787628 -0.454737 0.41576 0 0 1 0 0 1 0 0 1 0 0 1 0 0 1 0 0 1 0 0 1 0 0 1 -0.787628 -0.454737 0.41576 -0.787628 -0.454737 0.41576 -0.787628 -0.454737 0.41576 -0.787628 -0.454737 0.41576 -0.787628 -0.454737 0.41576 -0.787628 -0.454737 0.41576 -0.787628 -0.454737 0.41576 -0.787628 -0.454737 0.41576 -0.787628 -0.454737 0.41576 -0.866025 -0.5 0 -0.866025 -0.5 0 -0.866025 -0.5 0 -0.866025 -0.5 0 -0.866025 -0.5 0 -0.866025 -0.5 0 -0.866025 -0.5 0 -0.866025 -0.5 0 -0.866025 -0.5 0 -0.866025 -0.5 0 -0.866025 -0.5 0 -0.866025 -0.5 0 -0.866025 -0.5 0 -0.866025 -0.5 0 -0.866025 -0.5 0 -0.866025 -0.5 0 -0.866025 -0.5 0 -0.866025 -0.5 0 -0.866025 -0.5 0 -0.866025 -0.5 0 -0.866025 -0.5 0 -0.866025 -0.5 0 -0.866025 -0.5 0 -0.866025 -0.5 0 -0.866025 -0.5 0 -0.866025 -0.5 0 -0.866025 -0.5 0 -0.866025 -0.5 0 -0.866025 -0.5 0 -0.866025 -0.5 0 -0.866025 -0.5 0 -0.866025 -0.5 0 -0.866025 -0.5 0 -0.866025 -0.5 0 -0.866025 -0.5 0 -0.866025 -0.5 0 -0.866025 -0.5 0 -0.866025 -0.5 0 -0.866025 -0.5 0 -0.866025 -0.5 0 -0.866025 -0.5 0 -0.866025 -0.5 0 -0.866025 -0.5 0 -0.866025 -0.5 0 -0.866025 -0.5 0 -0.866025 -0.5 0 -0.866025 -0.5 0 -0.866025 -0.5 0 -0.866025 -0.5 0 -0.866025 -0.5 0 -0.866025 -0.5 0 -0.866025 -0.5 0 -0.866025 -0.5 0 -0.866025 -0.5 0 -0.866025 -0.5 0 -0.866025 -0.5 0 -0.866025 -0.5 0 -0.866025 -0.5 0 -0.866025 -0.5 0 -0.866025 -0.5 0 -0.866025 -0.5 0 -0.866025 -0.5 0 -0.866025 -0.5 0 -0.866025 -0.5 0 -0.866025 -0.5 0 -0.866025 -0.5 0 -0.866025 -0.5 0 -0.866025 -0.5 0 -0.866025 -0.5 0 -0.866025 -0.5 0 -0.866025 -0.5 0 -0.866025 -0.5 0 -0.866025 -0.5 0 -0.866025 -0.5 0 -0.866025 -0.5 0 -0.866025 -0.5 0 -0.866025 -0.5 0 -0.866025 -0.5 0 0.0822973 0.142543 0.986361 -2.24852e-23 -3.89455e-23 1 -6.85978e-12 -1.18815e-11 1 0.307106 0.531924 0.789141 0.237974 0.412183 0.879474 0.243847 0.422356 0.873014 0.16235 0.281198 0.945817 0.0845004 0.146359 0.985616 0.16657 0.288508 0.942877 0.425765 0.737446 0.524307 0.457887 0.793083 0.401695 0.418583 0.725007 0.546948 0.31411 0.544055 0.778036 0.375336 0.650101 0.660675 0.367862 0.637156 0.677282 0.498292 0.863068 0.0825794 0.499549 0.865245 0.0424412 0.498292 0.863068 -0.0825794 0.4847 0.839525 0.245485 0.463944 0.803575 0.372857 0.488778 0.846588 0.210679 0.418583 0.725007 -0.546948 0.457887 0.793083 -0.401695 0.446463 0.773296 -0.450204 0.478083 0.828065 -0.292823 0.4847 0.839525 -0.245485 0.49595 0.859011 -0.127018 0.279987 0.484952 -0.82851 0.237974 0.412183 -0.879474 0.307106 0.531924 -0.789141 0.401999 0.696282 -0.594633 0.345969 0.599237 -0.721956 0.367862 0.637156 -0.677282 0.0822973 0.142543 -0.986361 0.042403 0.0734441 -0.996397 -4.37114e-08 -7.57103e-08 -1 0.16235 0.281198 -0.945817 0.205951 0.356717 -0.911228 0.125989 0.218219 -0.967733 -0.237974 -0.412183 -0.879474 -0.16235 -0.281198 -0.945817 -0.205951 -0.356717 -0.911228 -0.125989 -0.218219 -0.967733 -0.0822974 -0.142543 -0.986361 -0.0424029 -0.073444 -0.996397 -0.401999 -0.696282 -0.594633 -0.418583 -0.725007 -0.546948 -0.367862 -0.637156 -0.677282 -0.279987 -0.484952 -0.82851 -0.345969 -0.599237 -0.721956 -0.307106 -0.531924 -0.78914 -0.4847 -0.839525 -0.245486 -0.49595 -0.859011 -0.127018 -0.498292 -0.863068 -0.0825794 -0.457887 -0.793083 -0.401695 -0.446463 -0.773297 -0.450204 -0.478083 -0.828065 -0.292823 -0.499549 -0.865245 0.042441 -0.488778 -0.846588 0.210679 -0.498292 -0.863068 0.0825794 -0.463944 -0.803575 0.372857 -0.4847 -0.839525 0.245486 -0.457887 -0.793083 0.401695 -0.425765 -0.737446 0.524307 -0.375336 -0.650101 0.660675 -0.418583 -0.725007 0.546948 -0.31411 -0.544055 0.778036 -0.367862 -0.637156 0.677282 -0.307106 -0.531924 0.78914 -0.243847 -0.422356 0.873014 -0.16657 -0.288508 0.942877 -0.237974 -0.412183 0.879474 -0.0845004 -0.146359 0.985616 -0.16235 -0.281198 0.945817 -0.0822973 -0.142543 0.986361 0.372678 0.645497 0.666667 0.39457 0.683416 0.614213 0.338641 0.586543 0.735724 0.311611 0.539725 0.782046 0.273474 0.473671 0.837166 0.241747 0.418718 0.875348 0.200848 0.347878 0.915773 -0.165059 -0.28589 0.94394 -0.200848 -0.347878 0.915773 -0.241747 -0.418718 0.875348 0.165058 0.28589 0.94394 0.122743 0.212597 0.9694 -0.273474 -0.473671 0.837166 -0.311611 -0.539725 0.782046 -0.372678 -0.645497 0.666667 -0.338641 -0.586543 0.735724 -0.39457 -0.683416 0.614213 -0.417192 -0.722598 0.551184 -0.439737 -0.761647 0.475947 -0.452836 -0.784334 0.423981 -0.478851 -0.829394 0.287764 -0.472909 -0.819102 0.3247 -0.493181 -0.854214 0.164595 -0.494684 -0.856819 0.145428 -0.5 -0.866025 -1.19249e-08 -0.5 -0.866025 -1.19249e-08 -0.122743 -0.212597 0.9694 -0.0412897 -0.0715159 0.996584 -0.0837108 -0.144991 0.985885 -4.37114e-08 -7.57103e-08 1 0.0412897 0.0715158 0.996584 0.0837108 0.144991 0.985885 0.417192 0.722598 0.551184 0.452836 0.784334 0.423981 0.439737 0.761647 0.475947 0.472909 0.819102 0.3247 0.478851 0.829394 0.287764 0.494684 0.856819 0.145428 0.493181 0.854214 0.164595 0.5 0.866025 4.37114e-08 0.5 0.866025 4.37114e-08 -0.866025 0.5 0 -0.866025 0.5 0 -0.866025 0.5 0 -0.866025 0.5 0 -0.866025 0.5 0 -0.866025 0.5 0 -0.866025 0.5 0 -0.866025 0.5 0 -0.866025 0.5 0 -0.866025 0.5 0 -0.866025 0.5 0 -0.866025 0.5 0 -0.866025 0.5 0 -0.866025 0.5 0 -0.866025 0.5 0 -0.866025 0.5 0 -0.866025 0.5 0 -0.866025 0.5 0 -0.866025 0.5 0 -0.866025 0.5 0 -0.866025 0.5 0 -0.866025 0.5 0 -0.866025 0.5 0 -0.866025 0.5 0 -0.866025 0.5 0 -0.866025 0.5 0 -0.866025 0.5 0 -0.866025 0.5 0 -0.866025 0.5 0 -0.866025 0.5 0 -0.866025 0.5 0 -0.866025 0.5 0 -0.866025 0.5 0 -0.866025 0.5 0 -0.866025 0.5 0 -0.866025 0.5 0 -0.866025 0.5 0 -0.866025 0.5 0 -0.866025 0.5 0 -0.866025 0.5 0 -0.866025 0.5 0 -0.866025 0.5 0 -0.866025 0.5 0 -0.866025 0.5 0 -0.866025 0.5 0 -0.866025 0.5 0 -0.866025 0.5 0 -0.866025 0.5 0 -0.866025 0.5 0 -0.866025 0.5 0 -0.866025 0.5 0 -0.866025 0.5 0 -0.866025 0.5 0 -0.866025 0.5 0 -0.866025 0.5 0 -0.866025 0.5 0 -0.866025 0.5 0 -0.866025 0.5 0 -0.866025 0.5 0 -0.5 -0.866025 -3.25261e-16 -0.5 -0.866025 -3.25261e-16 -0.5 -0.866025 -3.25261e-16 -0.5 -0.866025 -3.25261e-16 -0.5 -0.866025 -3.25261e-16 -0.5 -0.866025 -3.25261e-16 -0.5 -0.866025 -3.25261e-16 -0.5 -0.866025 -3.25261e-16 0.866025 -0.5 4.5e-16 0.866025 -0.5 4.5e-16 0.866025 -0.5 4.5e-16 0.866025 -0.5 4.5e-16 0.866025 -0.5 4.5e-16 0.866025 -0.5 4.5e-16 0.866025 -0.5 4.5e-16 0.866025 -0.5 4.5e-16 0.866025 -0.5 4.5e-16 0.866025 -0.5 4.5e-16 0.866025 -0.5 4.5e-16 0.866025 -0.5 4.5e-16 0.866025 -0.5 4.5e-16 0.866025 -0.5 4.5e-16 0.866025 -0.5 4.5e-16 -0.866025 0.5 -4.5e-16 -0.866025 0.5 -4.5e-16 -0.866025 0.5 -4.5e-16 -0.866025 0.5 -4.5e-16 -0.866025 0.5 -4.5e-16 -0.866025 0.5 -4.5e-16 -0.866025 0.5 -4.5e-16 -0.866025 0.5 -4.5e-16 -0.866025 0.5 -4.5e-16 -0.866025 0.5 -4.5e-16 -0.866025 0.5 -4.5e-16 -0.866025 0.5 -4.5e-16 -0.866025 0.5 -4.5e-16 -0.866025 0.5 -4.5e-16 -0.866025 0.5 -4.5e-16 -0.866025 0.5 -4.5e-16 -0.866025 0.5 -4.5e-16 -0.866025 0.5 -4.5e-16 -0.866025 0.5 -4.5e-16 -0.866025 0.5 -4.5e-16 -0.866025 0.5 -4.5e-16 -0.866025 0.5 -4.5e-16 -0.866025 0.5 -4.5e-16 -0.866025 0.5 -4.5e-16 -0.866025 0.5 -4.5e-16 -0.866025 0.5 -4.5e-16 -0.5 -0.866025 -5.55409e-32 -0.5 -0.866025 -5.55409e-32 -0.5 -0.866025 -5.55409e-32 -0.5 -0.866025 -5.55409e-32 -0.5 -0.866025 -5.55409e-32 0.5 0.866025 1.02258e-16 0.5 0.866025 1.02258e-16 0.5 0.866025 1.02258e-16 0.5 0.866025 1.02258e-16 0.5 0.866025 1.02258e-16 -3.89711e-16 2.25e-16 1 -3.89711e-16 2.25e-16 1 -3.89711e-16 2.25e-16 1 -3.89711e-16 2.25e-16 1 0.787628 -0.454737 0.41576 0.787628 -0.454737 0.41576 0.787628 -0.454737 0.41576 0.787628 -0.454737 0.41576 0.787628 -0.454737 0.41576 0.787628 -0.454737 0.41576 0.787628 -0.454737 0.41576 0.787628 -0.454737 0.41576 0.787628 -0.454737 0.41576 0 0 1 0 0 1 0 0 1 0 0 1 0 0 1 0 0 1 0 0 1 0 0 1 0.787628 -0.454737 0.41576 0.787628 -0.454737 0.41576 0.787628 -0.454737 0.41576 0.787628 -0.454737 0.41576 0.787628 -0.454737 0.41576 0.787628 -0.454737 0.41576 0.787628 -0.454737 0.41576 0.787628 -0.454737 0.41576 0.787628 -0.454737 0.41576 0.866025 -0.5 0 0.866025 -0.5 0 0.866025 -0.5 0 0.866025 -0.5 0 0.866025 -0.5 0 0.866025 -0.5 0 0.866025 -0.5 0 0.866025 -0.5 0 0.866025 -0.5 0 0.866025 -0.5 0 0.866025 -0.5 0 0.866025 -0.5 0 0.866025 -0.5 0 0.866025 -0.5 0 0.866025 -0.5 0 0.866025 -0.5 0 0.866025 -0.5 0 0.866025 -0.5 0 0.866025 -0.5 0 0.866025 -0.5 0 0.866025 -0.5 0 0.866025 -0.5 0 0.866025 -0.5 0 0.866025 -0.5 0 0.866025 -0.5 0 0.866025 -0.5 0 0.866025 -0.5 0 0.866025 -0.5 0 0.866025 -0.5 0 0.866025 -0.5 0 0.866025 -0.5 0 0.866025 -0.5 0 0.866025 -0.5 0 0.866025 -0.5 0 0.866025 -0.5 0 0.866025 -0.5 0 0.866025 -0.5 0 0.866025 -0.5 0 0.866025 -0.5 0 0.866025 -0.5 0 0.866025 -0.5 0 0.866025 -0.5 0 0.866025 -0.5 0 0.866025 -0.5 0 0.866025 -0.5 0 0.866025 -0.5 0 0.866025 -0.5 0 0.866025 -0.5 0 0.866025 -0.5 0 0.866025 -0.5 0 0.866025 -0.5 0 0.866025 -0.5 0 0.866025 -0.5 0 0.866025 -0.5 0 0.866025 -0.5 0 0.866025 -0.5 0 0.866025 -0.5 0 0.866025 -0.5 0 0.866025 -0.5 0 0.866025 -0.5 0 0.866025 -0.5 0 0.866025 -0.5 0 0.866025 -0.5 0 0.866025 -0.5 0 0.866025 -0.5 0 0.866025 -0.5 0 0.866025 -0.5 0 0.866025 -0.5 0 0.866025 -0.5 0 0.866025 -0.5 0 0.866025 -0.5 0 0.866025 -0.5 0 0.866025 -0.5 0 0.866025 -0.5 0 0.866025 -0.5 0 0.866025 -0.5 0 0.866025 -0.5 0 0.866025 -0.5 0 -0.5 -0.866025 -0 -0.5 -0.866025 -0 -0.5 -0.866025 -0 -0.5 -0.866025 -0 0.866025 -0.5 0 0.866025 -0.5 0 0.866025 -0.5 0 0.866025 -0.5 0 0.5 0.866025 0 0.5 0.866025 0 0.5 0.866025 0 0.5 0.866025 0 -0.866025 0.5 0 -0.866025 0.5 0 -0.866025 0.5 0 -0.866025 0.5 0 -0.5 -0.866025 -0 -0.5 -0.866025 -0 -0.5 -0.866025 -0 -0.5 -0.866025 -0 0.866025 -0.5 0 0.866025 -0.5 0 0.866025 -0.5 0 0.866025 -0.5 0 -0.866025 0.5 0 -0.866025 0.5 0 -0.866025 0.5 0 -0.866025 0.5 0 -0.5 -0.866025 0 -0.5 -0.866025 0 -0.5 -0.866025 0 -0.5 -0.866025 0 -0.866025 -0.5 -0 -0.866025 -0.5 -0 -0.866025 -0.5 -0 -0.866025 -0.5 -0 0.866025 0.5 0 0.866025 0.5 0 0.866025 0.5 0 0.866025 0.5 0 -2.44929e-16 -0 -1 -2.44929e-16 -0 -1 -2.44929e-16 -0 -1 -2.44929e-16 -0 -1 -2.44929e-16 -0 -1 -2.44929e-16 -0 -1 -2.44929e-16 -0 -1 -2.44929e-16 -0 -1 -0.866025 -0.5 2.12115e-16 -0.866025 -0.5 2.12115e-16 -0.866025 -0.5 2.12115e-16 -0.866025 -0.5 2.12115e-16 -0.866025 -0.5 2.12115e-16 -0.866025 -0.5 2.12115e-16 -0.5 0.866025 1.22465e-16 -0.5 0.866025 1.22465e-16 -0.5 0.866025 1.22465e-16 -0.5 0.866025 1.22465e-16 0.866025 0.5 -2.12115e-16 0.866025 0.5 -2.12115e-16 0.866025 0.5 -2.12115e-16 0.866025 0.5 -2.12115e-16 0.866025 0.5 -2.12115e-16 0.866025 0.5 -2.12115e-16 -0.5 0.866025 1.22465e-16 -0.5 0.866025 1.22465e-16 -0.5 0.866025 1.22465e-16 -0.5 0.866025 1.22465e-16 -2.44929e-16 0 -1 -2.44929e-16 0 -1 -2.44929e-16 0 -1 -2.44929e-16 0 -1 -2.44929e-16 0 -1 -2.44929e-16 0 -1 -2.44929e-16 0 -1 -2.44929e-16 0 -1 -0.866025 -0.5 2.12115e-16 -0.866025 -0.5 2.12115e-16 -0.866025 -0.5 2.12115e-16 -0.866025 -0.5 2.12115e-16 -0.5 0.866025 1.22465e-16 -0.5 0.866025 1.22465e-16 -0.5 0.866025 1.22465e-16 -0.5 0.866025 1.22465e-16 -2.44929e-16 0 -1 -2.44929e-16 0 -1 -2.44929e-16 0 -1 -2.44929e-16 0 -1 -2.44929e-16 0 -1 -2.44929e-16 0 -1 -2.44929e-16 0 -1 -2.44929e-16 0 -1 -2.44929e-16 0 -1 -2.44929e-16 0 -1 -2.44929e-16 0 -1 0.5 0.866025 -1.22465e-16 0.5 0.866025 -1.22465e-16 0.5 0.866025 -1.22465e-16 0.5 0.866025 -1.22465e-16 0.866025 -0.5 -2.12115e-16 0.866025 -0.5 -2.12115e-16 0.866025 -0.5 -2.12115e-16 0.866025 -0.5 -2.12115e-16 -2.03297e-16 -1 4.97935e-32 -2.03297e-16 -1 4.97935e-32 -2.03297e-16 -1 4.97935e-32 -2.03297e-16 -1 4.97935e-32 0.5 -0.866025 -1.22465e-16 0.5 -0.866025 -1.22465e-16 0.5 -0.866025 -1.22465e-16 0.5 -0.866025 -1.22465e-16 0.5 -0.866025 -1.22465e-16 0.5 -0.866025 -1.22465e-16 -0.5 -0.866025 1.22465e-16 -0.5 -0.866025 1.22465e-16 -0.5 -0.866025 1.22465e-16 -0.5 -0.866025 1.22465e-16 -0.5 -0.866025 1.22465e-16 -0.5 -0.866025 1.22465e-16 0.866025 0.5 -2.12115e-16 0.866025 0.5 -2.12115e-16 0.866025 0.5 -2.12115e-16 0.866025 0.5 -2.12115e-16 0.866025 0.5 -2.12115e-16 0.866025 0.5 -2.12115e-16 0.866025 0.5 -2.12115e-16 0.866025 0.5 -2.12115e-16 0.866025 0.5 -2.12115e-16 0.866025 0.5 -2.12115e-16 0.866025 0.5 -2.12115e-16 0.866025 0.5 -2.12115e-16 6.12323e-17 1 -1.49976e-32 6.12323e-17 1 -1.49976e-32 6.12323e-17 1 -1.49976e-32 6.12323e-17 1 -1.49976e-32 6.12323e-17 1 -1.49976e-32 6.12323e-17 1 -1.49976e-32 6.12323e-17 1 -1.49976e-32 6.12323e-17 1 -1.49976e-32 6.12323e-17 1 -1.49976e-32 6.12323e-17 1 -1.49976e-32 6.12323e-17 1 -1.49976e-32 0.5 0.866025 -1.22465e-16 0.5 0.866025 -1.22465e-16 0.5 0.866025 -1.22465e-16 0.5 0.866025 -1.22465e-16 0.5 0.866025 -1.22465e-16 0.5 0.866025 -1.22465e-16 0.5 0.866025 -1.22465e-16 0.5 0.866025 -1.22465e-16 0.5 0.866025 -1.22465e-16 0.5 0.866025 -1.22465e-16 -0.5 0.866025 1.22465e-16 -0.5 0.866025 1.22465e-16 -0.5 0.866025 1.22465e-16 -0.5 0.866025 1.22465e-16 -0.5 0.866025 1.22465e-16 -0.5 0.866025 1.22465e-16 -0.5 0.866025 1.22465e-16 -0.5 0.866025 1.22465e-16 -0.5 0.866025 1.22465e-16 -0.5 0.866025 1.22465e-16 -0.866025 -0.5 2.12115e-16 -0.866025 -0.5 2.12115e-16 -0.866025 -0.5 2.12115e-16 -0.866025 -0.5 2.12115e-16 -0.866025 -0.5 2.12115e-16 -0.866025 -0.5 2.12115e-16 -0.866025 -0.5 2.12115e-16 -0.866025 -0.5 2.12115e-16 -0.866025 -0.5 2.12115e-16 -0.866025 -0.5 2.12115e-16 -0.866025 -0.5 2.12115e-16 -0.866025 -0.5 2.12115e-16 -0.866025 -0.5 2.12115e-16 -0.866025 -0.5 2.12115e-16 -0.866025 -0.5 2.12115e-16 -0.866025 -0.5 2.12115e-16 -0.866025 -0.5 2.12115e-16 -0.866025 -0.5 2.12115e-16 -0.866025 -0.5 2.12115e-16 -0.866025 -0.5 2.12115e-16 -0.866025 -0.5 2.12115e-16 -0.866025 -0.5 2.12115e-16 -0.866025 -0.5 2.12115e-16 0.866025 -0.5 -2.12115e-16 0.866025 -0.5 -2.12115e-16 0.866025 -0.5 -2.12115e-16 0.866025 -0.5 -2.12115e-16 0.866025 -0.5 -2.12115e-16 0.866025 -0.5 -2.12115e-16 0.866025 -0.5 -2.12115e-16 0.866025 -0.5 -2.12115e-16 0.866025 -0.5 -2.12115e-16 0.866025 -0.5 -2.12115e-16 0.866025 -0.5 -2.12115e-16 0.866025 -0.5 -2.12115e-16 0.866025 -0.5 -2.12115e-16 0.866025 -0.5 -2.12115e-16 0.866025 -0.5 -2.12115e-16 0.866025 -0.5 -2.12115e-16 0.866025 -0.5 -2.12115e-16 0.866025 -0.5 -2.12115e-16 0.866025 -0.5 -2.12115e-16 0.866025 -0.5 -2.12115e-16 0.866025 -0.5 -2.12115e-16 0.866025 -0.5 -2.12115e-16 0.866025 -0.5 -2.12115e-16 1 3.73831e-16 2.44929e-16 1 3.73831e-16 2.44929e-16 1 3.73831e-16 2.44929e-16 1 3.73831e-16 2.44929e-16 -0.5 -0.866025 -1.22465e-16 -0.5 -0.866025 -1.22465e-16 -0.5 -0.866025 -1.22465e-16 -0.5 -0.866025 -1.22465e-16 -1 -1.25252e-16 -2.44929e-16 -1 -1.25252e-16 -2.44929e-16 -1 -1.25252e-16 -2.44929e-16 -1 -1.25252e-16 -2.44929e-16 2.23835e-16 -1 5.48238e-32 2.23835e-16 -1 5.48238e-32 2.23835e-16 -1 5.48238e-32 2.23835e-16 -1 5.48238e-32 1 7.70988e-16 2.44929e-16 1 7.70988e-16 2.44929e-16 1 7.70988e-16 2.44929e-16 1 7.70988e-16 2.44929e-16 0 1 0 0 1 0 0 1 0 0 1 0 -2.44929e-16 0 1 -2.44929e-16 0 1 -2.44929e-16 0 1 -2.44929e-16 0 1 -2.44929e-16 0 1 -2.44929e-16 0 1 -2.44929e-16 0 1 -2.44929e-16 0 1 -2.44929e-16 0 1 -2.44929e-16 0 1 -2.44929e-16 0 1 -2.44929e-16 0 1 -2.44929e-16 0 1 -2.44929e-16 0 1 -2.44929e-16 0 1 -2.44929e-16 0 1 0.5 0.866025 1.22465e-16 0.5 0.866025 1.22465e-16 0.5 0.866025 1.22465e-16 0.5 0.866025 1.22465e-16 -0.866025 0.5 -2.12115e-16 -0.866025 0.5 -2.12115e-16 -0.866025 0.5 -2.12115e-16 -0.866025 0.5 -2.12115e-16 -0.5 -0.866025 -1.22465e-16 -0.5 -0.866025 -1.22465e-16 -0.5 -0.866025 -1.22465e-16 -0.5 -0.866025 -1.22465e-16 0.280026 -0.959993 6.85865e-17 0.280026 -0.959993 6.85865e-17 0.280026 -0.959993 6.85865e-17 0.280026 -0.959993 6.85865e-17 -2.44929e-16 0 1 -2.44929e-16 0 1 -2.44929e-16 0 1 -2.44929e-16 0 1 -2.44929e-16 0 1 -2.44929e-16 0 1 -2.44929e-16 0 1 -2.44929e-16 0 1 -2.44929e-16 0 1 -2.44929e-16 0 1 -2.44929e-16 0 1 -2.44929e-16 0 1 -2.44929e-16 0 1 -2.44929e-16 0 1 -2.44929e-16 0 1 -2.44929e-16 0 1 -2.44929e-16 0 1 -2.44929e-16 0 1 -2.44929e-16 0 1 -2.44929e-16 0 1 -2.44929e-16 0 1 -2.44929e-16 0 1 -2.44929e-16 0 1 -2.44929e-16 0 1 -2.44929e-16 0 1 -2.44929e-16 0 1 -2.44929e-16 0 1 -2.44929e-16 0 1 -2.44929e-16 0 1 -2.44929e-16 0 1 -2.44929e-16 0 1 -2.44929e-16 0 1 -2.44929e-16 0 1 -2.44929e-16 0 1 -2.44929e-16 0 1 -2.44929e-16 0 1 -2.44929e-16 0 1 -2.44929e-16 0 1 -2.44929e-16 0 1 -2.44929e-16 0 1 -2.44929e-16 0 1 -2.44929e-16 0 1 -2.44929e-16 0 1 -2.44929e-16 0 1 -2.44929e-16 0 1 -2.44929e-16 0 1 -2.44929e-16 0 1 -2.44929e-16 0 1 -2.44929e-16 0 1 -2.44929e-16 0 1 -2.44929e-16 0 1 -2.44929e-16 0 1 -2.44929e-16 0 1 -2.44929e-16 0 1 -2.44929e-16 0 1 -2.44929e-16 0 1 -2.44929e-16 0 1 -2.44929e-16 0 1 -2.44929e-16 0 1 -2.44929e-16 0 1 -2.44929e-16 0 1 -2.44929e-16 0 1 -2.44929e-16 0 1 -2.44929e-16 0 1 -2.44929e-16 0 1 -2.44929e-16 0 1 -2.44929e-16 0 1 -2.44929e-16 0 1 -2.44929e-16 0 1 -2.44929e-16 0 1 -2.44929e-16 0 1 -2.44929e-16 0 1 -2.44929e-16 0 1 -2.44929e-16 0 1 -2.44929e-16 0 1 -2.44929e-16 0 1 -2.44929e-16 0 1 -2.44929e-16 0 1 -2.44929e-16 0 1 -2.44929e-16 0 1 -2.44929e-16 0 1 -2.44929e-16 0 1 -2.44929e-16 0 1 -2.44929e-16 0 1 -2.44929e-16 0 1 -2.44929e-16 0 1 -2.44929e-16 0 1 -0.5 0.866025 -1.22465e-16 -0.5 0.866025 -1.22465e-16 -0.5 0.866025 -1.22465e-16 -0.5 0.866025 -1.22465e-16 -0.280026 -0.959993 -6.85865e-17 -0.280026 -0.959993 -6.85865e-17 -0.280026 -0.959993 -6.85865e-17 -0.280026 -0.959993 -6.85865e-17 0.5 -0.866025 1.22465e-16 0.5 -0.866025 1.22465e-16 0.5 -0.866025 1.22465e-16 0.5 -0.866025 1.22465e-16 0.866025 0.5 2.12115e-16 0.866025 0.5 2.12115e-16 0.866025 0.5 2.12115e-16 0.866025 0.5 2.12115e-16 0.866025 -0.5 2.12115e-16 0.866025 -0.5 2.12115e-16 0.866025 -0.5 2.12115e-16 0.866025 -0.5 2.12115e-16 0.866025 -0.5 2.12115e-16 0 -1 0 0 -1 0 0 -1 0 0 -1 0 -0.866025 0.5 -2.12115e-16 -0.866025 0.5 -2.12115e-16 -0.866025 0.5 -2.12115e-16 -0.866025 0.5 -2.12115e-16 -0.866025 0.5 -2.12115e-16 0 1 0 0 1 0 0 1 0 0 1 0 0 1 0 -1 -0 -2.44929e-16 -1 -0 -2.44929e-16 -1 -0 -2.44929e-16 -1 -0 -2.44929e-16 -0.309017 -0.951057 -7.56873e-17 -0.156435 -0.987688 -3.83154e-17 -0.309017 -0.951057 -7.56873e-17 -6.95355e-08 -1 -1.70313e-23 -0.156434 -0.987688 -3.83154e-17 1.68883e-07 -1 4.13644e-23 -0.587785 -0.809017 -1.43966e-16 -0.707107 -0.707107 -1.73191e-16 -0.707107 -0.707107 -1.73191e-16 -0.587785 -0.809017 -1.43966e-16 -0.453991 -0.891007 -1.11196e-16 -0.453991 -0.891007 -1.11196e-16 -0.951057 -0.309017 -2.32942e-16 -0.891007 -0.45399 -2.18234e-16 -0.951057 -0.309017 -2.32942e-16 -0.891007 -0.45399 -2.18234e-16 -0.809017 -0.587785 -1.98152e-16 -0.809017 -0.587785 -1.98152e-16 -0.987688 -0.156435 -2.41914e-16 -0.987688 -0.156435 -2.41914e-16 -1 -5.96244e-09 -2.44929e-16 -1 -5.96244e-09 -2.44929e-16 -0 -1 -0 -0 -1 -0 -0 -1 -0 -0 -1 -0 -0 -1 -0 0.309017 0.951057 7.56873e-17 0.309017 0.951057 7.56873e-17 0.156435 0.987688 3.83154e-17 6.95355e-08 1 1.70313e-23 -1.68883e-07 1 -4.13644e-23 0.156434 0.987688 3.83154e-17 0.587785 0.809017 1.43966e-16 0.707107 0.707107 1.73191e-16 0.707107 0.707107 1.73191e-16 0.587785 0.809017 1.43966e-16 0.453991 0.891007 1.11196e-16 0.453991 0.891007 1.11196e-16 0.951057 0.309017 2.32942e-16 0.951057 0.309017 2.32942e-16 0.891007 0.45399 2.18234e-16 0.891007 0.45399 2.18234e-16 0.809017 0.587785 1.98152e-16 0.809017 0.587785 1.98152e-16 0.987688 0.156435 2.41914e-16 0.987688 0.156435 2.41914e-16 1 5.96244e-09 2.44929e-16 1 5.96244e-09 2.44929e-16 1 0 2.44929e-16 1 0 2.44929e-16 1 0 2.44929e-16 1 0 2.44929e-16 -0.866025 -0.5 -2.12115e-16 -0.866025 -0.5 -2.12115e-16 -0.866025 -0.5 -2.12115e-16 -0.5 0.866025 -1.22465e-16 -0.5 0.866025 -1.22465e-16 -0.5 0.866025 -1.22465e-16 -0.5 0.866025 -1.22465e-16 0.207912 -0.978148 5.09237e-17 0.358368 -0.93358 8.77748e-17 0.207912 -0.978148 5.09237e-17 0.5 -0.866025 1.22465e-16 0.358368 -0.93358 8.77749e-17 0.5 -0.866025 1.22465e-16 -0.104528 -0.994522 -2.56021e-17 -0.258819 -0.965926 -6.33924e-17 -0.258819 -0.965926 -6.33924e-17 -0.104529 -0.994522 -2.56021e-17 0.0523359 -0.99863 1.28186e-17 0.0523359 -0.99863 1.28186e-17 -0.777146 -0.62932 -1.90346e-16 -0.669131 -0.743145 -1.6389e-16 -0.669131 -0.743145 -1.6389e-16 -0.544639 -0.838671 -1.33398e-16 -0.406737 -0.913545 -9.96217e-17 -0.406737 -0.913545 -9.96217e-17 -0.777146 -0.62932 -1.90346e-16 -0.866025 -0.5 -2.12115e-16 -0.866025 -0.5 -2.12115e-16 -0.866025 -0.5 -2.12115e-16 -0.544639 -0.838671 -1.33398e-16 0.5 -0.866025 1.22465e-16 0.5 -0.866025 1.22465e-16 0.5 -0.866025 1.22465e-16 0.5 -0.866025 1.22465e-16 0.207912 -0.978148 5.09237e-17 0.207912 -0.978148 5.09237e-17 0.358368 -0.93358 8.77748e-17 0.5 -0.866025 1.22465e-16 0.5 -0.866025 1.22465e-16 0.358368 -0.93358 8.77749e-17 -0.104528 -0.994522 -2.56021e-17 -0.258819 -0.965926 -6.33924e-17 -0.258819 -0.965926 -6.33924e-17 -0.104529 -0.994522 -2.56021e-17 0.0523359 -0.99863 1.28186e-17 0.0523359 -0.99863 1.28186e-17 -0.669131 -0.743145 -1.6389e-16 -0.669131 -0.743145 -1.6389e-16 -0.544639 -0.838671 -1.33398e-16 -0.544639 -0.838671 -1.33398e-16 -0.406737 -0.913545 -9.96217e-17 -0.406737 -0.913545 -9.96217e-17 -0.777146 -0.62932 -1.90346e-16 -0.777146 -0.62932 -1.90346e-16 -0.866025 -0.5 -2.12115e-16 -0.866025 -0.5 -2.12115e-16 -0.866025 -0.5 -2.12115e-16 -0.866025 -0.5 -2.12115e-16 -0.866025 -0.5 -2.12115e-16 -0.866025 -0.5 -2.12115e-16 -0.207912 0.978148 -5.09237e-17 -0.358368 0.93358 -8.77748e-17 -0.207912 0.978148 -5.09237e-17 -0.5 0.866025 -1.22465e-16 -0.358368 0.93358 -8.77749e-17 -0.5 0.866025 -1.22465e-16 0.104528 0.994522 2.56021e-17 0.258819 0.965926 6.33924e-17 0.258819 0.965926 6.33924e-17 0.104529 0.994522 2.56021e-17 -0.0523359 0.99863 -1.28186e-17 -0.0523359 0.99863 -1.28186e-17 0.669131 0.743145 1.6389e-16 0.544639 0.838671 1.33398e-16 0.669131 0.743145 1.6389e-16 0.544639 0.838671 1.33398e-16 0.406737 0.913545 9.96217e-17 0.406737 0.913545 9.96217e-17 0.777146 0.62932 1.90346e-16 0.777146 0.62932 1.90346e-16 0.866025 0.5 2.12115e-16 0.866025 0.5 2.12115e-16 0.866025 0.5 2.12115e-16 0.866025 0.5 2.12115e-16 0.866025 0.5 2.12115e-16 0.866025 0.5 2.12115e-16 0.866025 0.5 2.12115e-16 -0.5 0.866025 -1.22465e-16 -0.5 0.866025 -1.22465e-16 -0.5 0.866025 -1.22465e-16 -0.5 0.866025 -1.22465e-16 -0.207912 0.978148 -5.09237e-17 -0.207912 0.978148 -5.09237e-17 -0.358368 0.93358 -8.77748e-17 -0.5 0.866025 -1.22465e-16 -0.5 0.866025 -1.22465e-16 -0.358368 0.93358 -8.77749e-17 0.104528 0.994522 2.56021e-17 0.258819 0.965926 6.33924e-17 0.258819 0.965926 6.33924e-17 0.104529 0.994522 2.56021e-17 -0.0523359 0.99863 -1.28186e-17 -0.0523359 0.99863 -1.28186e-17 0.669131 0.743145 1.6389e-16 0.669131 0.743145 1.6389e-16 0.544639 0.838671 1.33398e-16 0.544639 0.838671 1.33398e-16 0.406737 0.913545 9.96217e-17 0.406737 0.913545 9.96217e-17 0.777146 0.62932 1.90346e-16 0.777146 0.62932 1.90346e-16 0.866025 0.5 2.12115e-16 0.866025 0.5 2.12115e-16 0.866025 -0.5 -2.12115e-16 0.866025 -0.5 -2.12115e-16 0.866025 -0.5 -2.12115e-16 0.866025 -0.5 -2.12115e-16 0.5 0.866025 -1.22465e-16 0.5 0.866025 -1.22465e-16 0.5 0.866025 -1.22465e-16 0.5 0.866025 -1.22465e-16 -0.866025 0.5 2.12115e-16 -0.866025 0.5 2.12115e-16 -0.866025 0.5 2.12115e-16 -0.866025 0.5 2.12115e-16 0 1 0 0 1 0 0 1 0 0 1 0 0 -1 0 0 -1 0 0 -1 0 0 -1 0 0 0 -1 0 0 -1 0 0 -1 0 0 -1 0 0 -1 0 0 -1 -1 0 2.44929e-16 -1 0 2.44929e-16 -1 0 2.44929e-16 -1 0 2.44929e-16 0.156435 0.987688 -3.83154e-17 5.96244e-09 1 -1.46038e-24 5.96244e-09 1 -1.46038e-24 0.587785 0.809017 -1.43966e-16 0.45399 0.891007 -1.11196e-16 0.45399 0.891007 -1.11196e-16 0.309017 0.951057 -7.56873e-17 0.156435 0.987688 -3.83154e-17 0.309017 0.951057 -7.56873e-17 0.809017 0.587785 -1.98152e-16 0.891007 0.453991 -2.18234e-16 0.809017 0.587785 -1.98152e-16 0.587785 0.809017 -1.43966e-16 0.707107 0.707107 -1.73191e-16 0.707107 0.707107 -1.73191e-16 0.951057 0.309017 -2.32942e-16 0.987688 0.156435 -2.41914e-16 0.951057 0.309017 -2.32942e-16 0.891007 0.453991 -2.18234e-16 1 6.95355e-08 -2.44929e-16 0.987688 0.156434 -2.41914e-16 1 -1.68883e-07 -2.44929e-16 1 0 -2.44929e-16 1 0 -2.44929e-16 1 0 -2.44929e-16 1 0 -2.44929e-16 1 0 -2.44929e-16 0.987688 -0.156435 -2.41914e-16 1 -5.96244e-09 -2.44929e-16 1 -5.96244e-09 -2.44929e-16 0.809017 -0.587785 -1.98152e-16 0.891007 -0.45399 -2.18234e-16 0.891007 -0.45399 -2.18234e-16 0.951057 -0.309017 -2.32942e-16 0.987688 -0.156435 -2.41914e-16 0.951057 -0.309017 -2.32942e-16 0.587785 -0.809017 -1.43966e-16 0.453991 -0.891007 -1.11196e-16 0.587785 -0.809017 -1.43966e-16 0.809017 -0.587785 -1.98152e-16 0.707107 -0.707107 -1.73191e-16 0.707107 -0.707107 -1.73191e-16 0.309017 -0.951057 -7.56873e-17 0.156435 -0.987688 -3.83154e-17 0.309017 -0.951057 -7.56873e-17 0.453991 -0.891007 -1.11196e-16 6.95355e-08 -1 -1.70313e-23 0.156434 -0.987688 -3.83154e-17 -1.68883e-07 -1 4.13644e-23 -0 -1 -0 -0 -1 -0 -0 -1 -0 -0 -1 -0 0.707107 -0.707107 -1.73191e-16 0.707107 -0.707107 -1.73191e-16 0.809017 -0.587785 -1.98152e-16 0.891007 -0.45399 -2.18234e-16 0.809017 -0.587785 -1.98152e-16 0.951057 -0.309017 -2.32942e-16 0.891007 -0.45399 -2.18234e-16 0.951057 -0.309017 -2.32942e-16 0.987688 -0.156435 -2.41914e-16 1 -5.96244e-09 -2.44929e-16 0.987688 -0.156435 -2.41914e-16 1 -5.96244e-09 -2.44929e-16 0.587785 -0.809017 -1.43966e-16 0.587785 -0.809017 -1.43966e-16 0.453991 -0.891007 -1.11196e-16 0.309017 -0.951057 -7.56873e-17 0.453991 -0.891007 -1.11196e-16 0.156435 -0.987688 -3.83154e-17 0.309017 -0.951057 -7.56873e-17 0.156434 -0.987688 -3.83154e-17 6.95355e-08 -1 -1.70313e-23 -1.68883e-07 -1 4.13644e-23 1 1.20401e-16 -2.44929e-16 1 1.20401e-16 -2.44929e-16 1 1.20401e-16 -2.44929e-16 1 1.20401e-16 -2.44929e-16 -1 1.20401e-16 2.44929e-16 -1 1.20401e-16 2.44929e-16 -1 1.20401e-16 2.44929e-16 -1 1.20401e-16 2.44929e-16 -0.987688 0.156435 2.41914e-16 -1 5.96244e-09 2.44929e-16 -1 5.96244e-09 2.44929e-16 -0.809017 0.587785 1.98152e-16 -0.891007 0.45399 2.18234e-16 -0.891007 0.45399 2.18234e-16 -0.951057 0.309017 2.32942e-16 -0.987688 0.156435 2.41914e-16 -0.951057 0.309017 2.32942e-16 -0.587785 0.809017 1.43966e-16 -0.453991 0.891007 1.11196e-16 -0.587785 0.809017 1.43966e-16 -0.809017 0.587785 1.98152e-16 -0.707107 0.707107 1.73191e-16 -0.707107 0.707107 1.73191e-16 -0.309017 0.951057 7.56873e-17 -0.156435 0.987688 3.83154e-17 -0.309017 0.951057 7.56873e-17 -0.453991 0.891007 1.11196e-16 -6.95355e-08 1 1.70313e-23 -0.156434 0.987688 3.83154e-17 1.68883e-07 1 -4.13644e-23 0 1 0 0 1 0 0 1 0 0 1 0 -0.707107 0.707107 1.73191e-16 -0.707107 0.707107 1.73191e-16 -0.809017 0.587785 1.98152e-16 -0.891007 0.45399 2.18234e-16 -0.809017 0.587785 1.98152e-16 -0.951057 0.309017 2.32942e-16 -0.891007 0.45399 2.18234e-16 -0.951057 0.309017 2.32942e-16 -0.987688 0.156435 2.41914e-16 -1 5.96244e-09 2.44929e-16 -0.987688 0.156435 2.41914e-16 -1 5.96244e-09 2.44929e-16 -0.587785 0.809017 1.43966e-16 -0.587785 0.809017 1.43966e-16 -0.453991 0.891007 1.11196e-16 -0.309017 0.951057 7.56873e-17 -0.453991 0.891007 1.11196e-16 -0.156435 0.987688 3.83154e-17 -0.309017 0.951057 7.56873e-17 -0.156434 0.987688 3.83154e-17 -6.95355e-08 1 1.70313e-23 1.68883e-07 1 -4.13644e-23 -2.44929e-16 0 -1 -2.44929e-16 0 -1 -2.44929e-16 0 -1 -2.44929e-16 0 -1 -2.44929e-16 0 -1 -2.44929e-16 0 -1 -2.44929e-16 0 -1 -2.44929e-16 0 -1 -2.44929e-16 0 -1 -2.44929e-16 0 -1 -2.44929e-16 0 -1 -2.44929e-16 0 -1 -2.44929e-16 0 -1 -4.80346e-17 -0.980581 -0.196116 -4.80346e-17 -0.980581 -0.196116 -4.80346e-17 -0.980581 -0.196116 -4.80346e-17 -0.980581 -0.196116 0.945817 0.324699 2.31658e-16 0.985616 0.169001 2.41406e-16 0.942877 0.33314 2.30938e-16 1 -1.74846e-07 2.44929e-16 0.986361 0.164595 2.41589e-16 1 3.01992e-07 2.44929e-16 0.778036 0.62822 1.90564e-16 0.660675 0.750672 1.61819e-16 0.677282 0.735724 1.65886e-16 0.789141 0.614213 1.93284e-16 0.879474 0.475947 2.15409e-16 0.873014 0.487695 2.13827e-16 0.245485 0.9694 6.01265e-17 0.372856 0.927889 9.13234e-17 0.210679 0.977555 5.16015e-17 0.401695 0.915773 9.8387e-17 0.546948 0.837166 1.33964e-16 0.524307 0.851529 1.28418e-16 -0.292823 0.956167 -7.17209e-17 -0.245486 0.9694 -6.01266e-17 -0.127018 0.9919 -3.11104e-17 0.0424415 0.999099 1.03952e-17 -0.0825794 0.996584 -2.02261e-17 0.0825794 0.996584 2.02261e-17 -0.594633 0.803997 -1.45643e-16 -0.721956 0.691939 -1.76828e-16 -0.677282 0.735724 -1.65886e-16 -0.401695 0.915773 -9.8387e-17 -0.450204 0.892926 -1.10268e-16 -0.546948 0.837167 -1.33964e-16 -0.945817 0.324699 -2.31658e-16 -0.911228 0.411901 -2.23187e-16 -0.967733 0.251978 -2.37026e-16 -0.879474 0.475947 -2.15409e-16 -0.78914 0.614213 -1.93284e-16 -0.82851 0.559975 -2.02926e-16 -0.967733 -0.251978 -2.37026e-16 -0.986361 -0.164595 -2.41589e-16 -0.996397 -0.0848059 -2.44047e-16 -0.996397 0.0848059 -2.44047e-16 -1 8.74228e-08 -2.44929e-16 -0.986361 0.164595 -2.41589e-16 -0.82851 -0.559975 -2.02926e-16 -0.721956 -0.691939 -1.76828e-16 -0.78914 -0.614213 -1.93284e-16 -0.945817 -0.324699 -2.31658e-16 -0.911229 -0.411901 -2.23187e-16 -0.879474 -0.475947 -2.15409e-16 -0.401695 -0.915773 -9.8387e-17 -0.450204 -0.892926 -1.10268e-16 -0.292823 -0.956167 -7.17209e-17 -0.546948 -0.837166 -1.33964e-16 -0.677282 -0.735724 -1.65886e-16 -0.594633 -0.803997 -1.45643e-16 0.0825794 -0.996584 2.02261e-17 -0.0825792 -0.996584 -2.02261e-17 0.0424412 -0.999099 1.03951e-17 -0.127018 -0.9919 -3.11104e-17 -0.245485 -0.9694 -6.01266e-17 0.210679 -0.977555 5.16015e-17 0.372856 -0.927889 9.13235e-17 0.245485 -0.9694 6.01266e-17 0.524307 -0.851529 1.28418e-16 0.401695 -0.915773 9.8387e-17 0.546948 -0.837166 1.33964e-16 0.660675 -0.750672 1.61819e-16 0.778036 -0.62822 1.90564e-16 0.677282 -0.735724 1.65886e-16 0.873014 -0.487695 2.13827e-16 0.789141 -0.614213 1.93284e-16 0.879474 -0.475947 2.15409e-16 0.942877 -0.33314 2.30938e-16 0.985616 -0.169001 2.41406e-16 0.945817 -0.324699 2.31658e-16 0.986361 -0.164595 2.41589e-16 0.945817 0.324699 2.31658e-16 0.985616 0.169001 2.41406e-16 0.942877 0.33314 2.30938e-16 1 -1.74846e-07 2.44929e-16 0.986361 0.164595 2.41589e-16 1 3.01992e-07 2.44929e-16 0.778036 0.62822 1.90564e-16 0.660675 0.750672 1.61819e-16 0.677282 0.735724 1.65886e-16 0.789141 0.614213 1.93284e-16 0.879474 0.475947 2.15409e-16 0.873014 0.487695 2.13827e-16 0.245485 0.9694 6.01265e-17 0.372856 0.927889 9.13234e-17 0.210679 0.977555 5.16015e-17 0.401695 0.915773 9.8387e-17 0.546948 0.837166 1.33964e-16 0.524307 0.851529 1.28418e-16 -0.292823 0.956167 -7.17209e-17 -0.245486 0.9694 -6.01266e-17 -0.127018 0.9919 -3.11104e-17 0.0424415 0.999099 1.03952e-17 -0.0825794 0.996584 -2.02261e-17 0.0825794 0.996584 2.02261e-17 -0.594633 0.803997 -1.45643e-16 -0.721956 0.691939 -1.76828e-16 -0.677282 0.735724 -1.65886e-16 -0.401695 0.915773 -9.8387e-17 -0.450204 0.892926 -1.10268e-16 -0.546948 0.837167 -1.33964e-16 -0.945817 0.324699 -2.31658e-16 -0.911228 0.411901 -2.23187e-16 -0.967733 0.251978 -2.37026e-16 -0.879474 0.475947 -2.15409e-16 -0.78914 0.614213 -1.93284e-16 -0.82851 0.559975 -2.02926e-16 -0.967733 -0.251978 -2.37026e-16 -0.986361 -0.164595 -2.41589e-16 -0.996397 -0.0848059 -2.44047e-16 -0.996397 0.0848059 -2.44047e-16 -1 8.74228e-08 -2.44929e-16 -0.986361 0.164595 -2.41589e-16 -0.82851 -0.559975 -2.02926e-16 -0.721956 -0.691939 -1.76828e-16 -0.78914 -0.614213 -1.93284e-16 -0.945817 -0.324699 -2.31658e-16 -0.911229 -0.411901 -2.23187e-16 -0.879474 -0.475947 -2.15409e-16 -0.401695 -0.915773 -9.8387e-17 -0.450204 -0.892926 -1.10268e-16 -0.292823 -0.956167 -7.17209e-17 -0.546948 -0.837166 -1.33964e-16 -0.677282 -0.735724 -1.65886e-16 -0.594633 -0.803997 -1.45643e-16 0.0825794 -0.996584 2.02261e-17 -0.0825792 -0.996584 -2.02261e-17 0.0424412 -0.999099 1.03951e-17 -0.127018 -0.9919 -3.11104e-17 -0.245485 -0.9694 -6.01266e-17 0.210679 -0.977555 5.16015e-17 0.372856 -0.927889 9.13235e-17 0.245485 -0.9694 6.01266e-17 0.524307 -0.851529 1.28418e-16 0.401695 -0.915773 9.8387e-17 0.546948 -0.837166 1.33964e-16 0.660675 -0.750672 1.61819e-16 0.778036 -0.62822 1.90564e-16 0.677282 -0.735724 1.65886e-16 0.873014 -0.487695 2.13827e-16 0.789141 -0.614213 1.93284e-16 0.879474 -0.475947 2.15409e-16 0.942877 -0.33314 2.30938e-16 0.985616 -0.169001 2.41406e-16 0.945817 -0.324699 2.31658e-16 0.986361 -0.164595 2.41589e-16 0.945817 0.324699 2.31658e-16 0.985616 0.169001 2.41406e-16 0.942877 0.33314 2.30938e-16 1 -1.74846e-07 2.44929e-16 0.986361 0.164595 2.41589e-16 1 3.01992e-07 2.44929e-16 0.778036 0.62822 1.90564e-16 0.660675 0.750672 1.61819e-16 0.677282 0.735724 1.65886e-16 0.789141 0.614213 1.93284e-16 0.879474 0.475947 2.15409e-16 0.873014 0.487695 2.13827e-16 0.245485 0.9694 6.01265e-17 0.372856 0.927889 9.13234e-17 0.210679 0.977555 5.16015e-17 0.401695 0.915773 9.8387e-17 0.546948 0.837166 1.33964e-16 0.524307 0.851529 1.28418e-16 -0.292823 0.956167 -7.17209e-17 -0.245486 0.9694 -6.01266e-17 -0.127018 0.9919 -3.11104e-17 0.0424415 0.999099 1.03952e-17 -0.0825794 0.996584 -2.02261e-17 0.0825794 0.996584 2.02261e-17 -0.594633 0.803997 -1.45643e-16 -0.721956 0.691939 -1.76828e-16 -0.677282 0.735724 -1.65886e-16 -0.401695 0.915773 -9.8387e-17 -0.450204 0.892926 -1.10268e-16 -0.546948 0.837167 -1.33964e-16 -0.945817 0.324699 -2.31658e-16 -0.911228 0.411901 -2.23187e-16 -0.967733 0.251978 -2.37026e-16 -0.879474 0.475947 -2.15409e-16 -0.78914 0.614213 -1.93284e-16 -0.82851 0.559975 -2.02926e-16 -0.967733 -0.251978 -2.37026e-16 -0.986361 -0.164595 -2.41589e-16 -0.996397 -0.0848059 -2.44047e-16 -0.996397 0.0848059 -2.44047e-16 -1 8.74228e-08 -2.44929e-16 -0.986361 0.164595 -2.41589e-16 -0.82851 -0.559975 -2.02926e-16 -0.721956 -0.691939 -1.76828e-16 -0.78914 -0.614213 -1.93284e-16 -0.945817 -0.324699 -2.31658e-16 -0.911229 -0.411901 -2.23187e-16 -0.879474 -0.475947 -2.15409e-16 -0.401695 -0.915773 -9.8387e-17 -0.450204 -0.892926 -1.10268e-16 -0.292823 -0.956167 -7.17209e-17 -0.546948 -0.837166 -1.33964e-16 -0.677282 -0.735724 -1.65886e-16 -0.594633 -0.803997 -1.45643e-16 0.0825794 -0.996584 2.02261e-17 -0.0825792 -0.996584 -2.02261e-17 0.0424412 -0.999099 1.03951e-17 -0.127018 -0.9919 -3.11104e-17 -0.245485 -0.9694 -6.01266e-17 0.210679 -0.977555 5.16015e-17 0.372856 -0.927889 9.13235e-17 0.245485 -0.9694 6.01266e-17 0.524307 -0.851529 1.28418e-16 0.401695 -0.915773 9.8387e-17 0.546948 -0.837166 1.33964e-16 0.660675 -0.750672 1.61819e-16 0.778036 -0.62822 1.90564e-16 0.677282 -0.735724 1.65886e-16 0.873014 -0.487695 2.13827e-16 0.789141 -0.614213 1.93284e-16 0.879474 -0.475947 2.15409e-16 0.942877 -0.33314 2.30938e-16 0.985616 -0.169001 2.41406e-16 0.945817 -0.324699 2.31658e-16 0.986361 -0.164595 2.41589e-16 0.945817 0.324699 2.31658e-16 0.985616 0.169001 2.41406e-16 0.942877 0.33314 2.30938e-16 1 -1.74846e-07 2.44929e-16 0.986361 0.164595 2.41589e-16 1 3.01992e-07 2.44929e-16 0.778036 0.62822 1.90564e-16 0.660675 0.750672 1.61819e-16 0.677282 0.735724 1.65886e-16 0.789141 0.614213 1.93284e-16 0.879474 0.475947 2.15409e-16 0.873014 0.487695 2.13827e-16 0.245485 0.9694 6.01265e-17 0.372856 0.927889 9.13234e-17 0.210679 0.977555 5.16015e-17 0.401695 0.915773 9.8387e-17 0.546948 0.837166 1.33964e-16 0.524307 0.851529 1.28418e-16 -0.292823 0.956167 -7.17209e-17 -0.245486 0.9694 -6.01266e-17 -0.127018 0.9919 -3.11104e-17 0.0424415 0.999099 1.03952e-17 -0.0825794 0.996584 -2.02261e-17 0.0825794 0.996584 2.02261e-17 -0.594633 0.803997 -1.45643e-16 -0.721956 0.691939 -1.76828e-16 -0.677282 0.735724 -1.65886e-16 -0.401695 0.915773 -9.8387e-17 -0.450204 0.892926 -1.10268e-16 -0.546948 0.837167 -1.33964e-16 -0.945817 0.324699 -2.31658e-16 -0.911228 0.411901 -2.23187e-16 -0.967733 0.251978 -2.37026e-16 -0.879474 0.475947 -2.15409e-16 -0.78914 0.614213 -1.93284e-16 -0.82851 0.559975 -2.02926e-16 -0.967733 -0.251978 -2.37026e-16 -0.986361 -0.164595 -2.41589e-16 -0.996397 -0.0848059 -2.44047e-16 -0.996397 0.0848059 -2.44047e-16 -1 8.74228e-08 -2.44929e-16 -0.986361 0.164595 -2.41589e-16 -0.82851 -0.559975 -2.02926e-16 -0.721956 -0.691939 -1.76828e-16 -0.78914 -0.614213 -1.93284e-16 -0.945817 -0.324699 -2.31658e-16 -0.911229 -0.411901 -2.23187e-16 -0.879474 -0.475947 -2.15409e-16 -0.401695 -0.915773 -9.8387e-17 -0.450204 -0.892926 -1.10268e-16 -0.292823 -0.956167 -7.17209e-17 -0.546948 -0.837166 -1.33964e-16 -0.677282 -0.735724 -1.65886e-16 -0.594633 -0.803997 -1.45643e-16 0.0825794 -0.996584 2.02261e-17 -0.0825792 -0.996584 -2.02261e-17 0.0424412 -0.999099 1.03951e-17 -0.127018 -0.9919 -3.11104e-17 -0.245485 -0.9694 -6.01266e-17 0.210679 -0.977555 5.16015e-17 0.372856 -0.927889 9.13235e-17 0.245485 -0.9694 6.01266e-17 0.524307 -0.851529 1.28418e-16 0.401695 -0.915773 9.8387e-17 0.546948 -0.837166 1.33964e-16 0.660675 -0.750672 1.61819e-16 0.778036 -0.62822 1.90564e-16 0.677282 -0.735724 1.65886e-16 0.873014 -0.487695 2.13827e-16 0.789141 -0.614213 1.93284e-16 0.879474 -0.475947 2.15409e-16 0.942877 -0.33314 2.30938e-16 0.985616 -0.169001 2.41406e-16 0.945817 -0.324699 2.31658e-16 0.986361 -0.164595 2.41589e-16 0.945817 0.324699 2.31658e-16 0.985616 0.169001 2.41406e-16 0.942877 0.33314 2.30938e-16 1 -1.74846e-07 2.44929e-16 0.986361 0.164595 2.41589e-16 1 3.01992e-07 2.44929e-16 0.778036 0.62822 1.90564e-16 0.660675 0.750672 1.61819e-16 0.677282 0.735724 1.65886e-16 0.789141 0.614213 1.93284e-16 0.879474 0.475947 2.15409e-16 0.873014 0.487695 2.13827e-16 0.245485 0.9694 6.01265e-17 0.372856 0.927889 9.13234e-17 0.210679 0.977555 5.16015e-17 0.401695 0.915773 9.8387e-17 0.546948 0.837166 1.33964e-16 0.524307 0.851529 1.28418e-16 -0.292823 0.956167 -7.17209e-17 -0.245486 0.9694 -6.01266e-17 -0.127018 0.9919 -3.11104e-17 0.0424415 0.999099 1.03952e-17 -0.0825794 0.996584 -2.02261e-17 0.0825794 0.996584 2.02261e-17 -0.594633 0.803997 -1.45643e-16 -0.721956 0.691939 -1.76828e-16 -0.677282 0.735724 -1.65886e-16 -0.401695 0.915773 -9.8387e-17 -0.450204 0.892926 -1.10268e-16 -0.546948 0.837167 -1.33964e-16 -0.945817 0.324699 -2.31658e-16 -0.911228 0.411901 -2.23187e-16 -0.967733 0.251978 -2.37026e-16 -0.879474 0.475947 -2.15409e-16 -0.78914 0.614213 -1.93284e-16 -0.82851 0.559975 -2.02926e-16 -0.967733 -0.251978 -2.37026e-16 -0.986361 -0.164595 -2.41589e-16 -0.996397 -0.0848059 -2.44047e-16 -0.996397 0.0848059 -2.44047e-16 -1 8.74228e-08 -2.44929e-16 -0.986361 0.164595 -2.41589e-16 -0.82851 -0.559975 -2.02926e-16 -0.721956 -0.691939 -1.76828e-16 -0.78914 -0.614213 -1.93284e-16 -0.945817 -0.324699 -2.31658e-16 -0.911229 -0.411901 -2.23187e-16 -0.879474 -0.475947 -2.15409e-16 -0.401695 -0.915773 -9.8387e-17 -0.450204 -0.892926 -1.10268e-16 -0.292823 -0.956167 -7.17209e-17 -0.546948 -0.837166 -1.33964e-16 -0.677282 -0.735724 -1.65886e-16 -0.594633 -0.803997 -1.45643e-16 0.0825794 -0.996584 2.02261e-17 -0.0825792 -0.996584 -2.02261e-17 0.0424412 -0.999099 1.03951e-17 -0.127018 -0.9919 -3.11104e-17 -0.245485 -0.9694 -6.01266e-17 0.210679 -0.977555 5.16015e-17 0.372856 -0.927889 9.13235e-17 0.245485 -0.9694 6.01266e-17 0.524307 -0.851529 1.28418e-16 0.401695 -0.915773 9.8387e-17 0.546948 -0.837166 1.33964e-16 0.660675 -0.750672 1.61819e-16 0.778036 -0.62822 1.90564e-16 0.677282 -0.735724 1.65886e-16 0.873014 -0.487695 2.13827e-16 0.789141 -0.614213 1.93284e-16 0.879474 -0.475947 2.15409e-16 0.942877 -0.33314 2.30938e-16 0.985616 -0.169001 2.41406e-16 0.945817 -0.324699 2.31658e-16 0.986361 -0.164595 2.41589e-16 0.945817 0.324699 2.31658e-16 0.985616 0.169001 2.41406e-16 0.942877 0.33314 2.30938e-16 1 -1.74846e-07 2.44929e-16 0.986361 0.164595 2.41589e-16 1 3.01992e-07 2.44929e-16 0.778036 0.62822 1.90564e-16 0.660675 0.750672 1.61819e-16 0.677282 0.735724 1.65886e-16 0.789141 0.614213 1.93284e-16 0.879474 0.475947 2.15409e-16 0.873014 0.487695 2.13827e-16 0.245485 0.9694 6.01265e-17 0.372856 0.927889 9.13234e-17 0.210679 0.977555 5.16015e-17 0.401695 0.915773 9.8387e-17 0.546948 0.837166 1.33964e-16 0.524307 0.851529 1.28418e-16 -0.292823 0.956167 -7.17209e-17 -0.245486 0.9694 -6.01266e-17 -0.127018 0.9919 -3.11104e-17 0.0424415 0.999099 1.03952e-17 -0.0825794 0.996584 -2.02261e-17 0.0825794 0.996584 2.02261e-17 -0.594633 0.803997 -1.45643e-16 -0.721956 0.691939 -1.76828e-16 -0.677282 0.735724 -1.65886e-16 -0.401695 0.915773 -9.8387e-17 -0.450204 0.892926 -1.10268e-16 -0.546948 0.837167 -1.33964e-16 -0.945817 0.324699 -2.31658e-16 -0.911228 0.411901 -2.23187e-16 -0.967733 0.251978 -2.37026e-16 -0.879474 0.475947 -2.15409e-16 -0.78914 0.614213 -1.93284e-16 -0.82851 0.559975 -2.02926e-16 -0.967733 -0.251978 -2.37026e-16 -0.986361 -0.164595 -2.41589e-16 -0.996397 -0.0848059 -2.44047e-16 -0.996397 0.0848059 -2.44047e-16 -1 8.74228e-08 -2.44929e-16 -0.986361 0.164595 -2.41589e-16 -0.82851 -0.559975 -2.02926e-16 -0.721956 -0.691939 -1.76828e-16 -0.78914 -0.614213 -1.93284e-16 -0.945817 -0.324699 -2.31658e-16 -0.911229 -0.411901 -2.23187e-16 -0.879474 -0.475947 -2.15409e-16 -0.401695 -0.915773 -9.8387e-17 -0.450204 -0.892926 -1.10268e-16 -0.292823 -0.956167 -7.17209e-17 -0.546948 -0.837166 -1.33964e-16 -0.677282 -0.735724 -1.65886e-16 -0.594633 -0.803997 -1.45643e-16 0.0825794 -0.996584 2.02261e-17 -0.0825792 -0.996584 -2.02261e-17 0.0424412 -0.999099 1.03951e-17 -0.127018 -0.9919 -3.11104e-17 -0.245485 -0.9694 -6.01266e-17 0.210679 -0.977555 5.16015e-17 0.372856 -0.927889 9.13235e-17 0.245485 -0.9694 6.01266e-17 0.524307 -0.851529 1.28418e-16 0.401695 -0.915773 9.8387e-17 0.546948 -0.837166 1.33964e-16 0.660675 -0.750672 1.61819e-16 0.778036 -0.62822 1.90564e-16 0.677282 -0.735724 1.65886e-16 0.873014 -0.487695 2.13827e-16 0.789141 -0.614213 1.93284e-16 0.879474 -0.475947 2.15409e-16 0.942877 -0.33314 2.30938e-16 0.985616 -0.169001 2.41406e-16 0.945817 -0.324699 2.31658e-16 0.986361 -0.164595 2.41589e-16 0.945817 0.324699 2.31658e-16 0.985616 0.169001 2.41406e-16 0.942877 0.33314 2.30938e-16 1 -1.74846e-07 2.44929e-16 0.986361 0.164595 2.41589e-16 1 3.01992e-07 2.44929e-16 0.778036 0.62822 1.90564e-16 0.660675 0.750672 1.61819e-16 0.677282 0.735724 1.65886e-16 0.789141 0.614213 1.93284e-16 0.879474 0.475947 2.15409e-16 0.873014 0.487695 2.13827e-16 0.245485 0.9694 6.01265e-17 0.372856 0.927889 9.13234e-17 0.210679 0.977555 5.16015e-17 0.401695 0.915773 9.8387e-17 0.546948 0.837166 1.33964e-16 0.524307 0.851529 1.28418e-16 -0.292823 0.956167 -7.17209e-17 -0.245486 0.9694 -6.01266e-17 -0.127018 0.9919 -3.11104e-17 0.0424415 0.999099 1.03952e-17 -0.0825794 0.996584 -2.02261e-17 0.0825794 0.996584 2.02261e-17 -0.594633 0.803997 -1.45643e-16 -0.721956 0.691939 -1.76828e-16 -0.677282 0.735724 -1.65886e-16 -0.401695 0.915773 -9.8387e-17 -0.450204 0.892926 -1.10268e-16 -0.546948 0.837167 -1.33964e-16 -0.945817 0.324699 -2.31658e-16 -0.911228 0.411901 -2.23187e-16 -0.967733 0.251978 -2.37026e-16 -0.879474 0.475947 -2.15409e-16 -0.78914 0.614213 -1.93284e-16 -0.82851 0.559975 -2.02926e-16 -0.967733 -0.251978 -2.37026e-16 -0.986361 -0.164595 -2.41589e-16 -0.996397 -0.0848059 -2.44047e-16 -0.996397 0.0848059 -2.44047e-16 -1 8.74228e-08 -2.44929e-16 -0.986361 0.164595 -2.41589e-16 -0.82851 -0.559975 -2.02926e-16 -0.721956 -0.691939 -1.76828e-16 -0.78914 -0.614213 -1.93284e-16 -0.945817 -0.324699 -2.31658e-16 -0.911229 -0.411901 -2.23187e-16 -0.879474 -0.475947 -2.15409e-16 -0.401695 -0.915773 -9.8387e-17 -0.450204 -0.892926 -1.10268e-16 -0.292823 -0.956167 -7.17209e-17 -0.546948 -0.837166 -1.33964e-16 -0.677282 -0.735724 -1.65886e-16 -0.594633 -0.803997 -1.45643e-16 0.0825794 -0.996584 2.02261e-17 -0.0825792 -0.996584 -2.02261e-17 0.0424412 -0.999099 1.03951e-17 -0.127018 -0.9919 -3.11104e-17 -0.245485 -0.9694 -6.01266e-17 0.210679 -0.977555 5.16015e-17 0.372856 -0.927889 9.13235e-17 0.245485 -0.9694 6.01266e-17 0.524307 -0.851529 1.28418e-16 0.401695 -0.915773 9.8387e-17 0.546948 -0.837166 1.33964e-16 0.660675 -0.750672 1.61819e-16 0.778036 -0.62822 1.90564e-16 0.677282 -0.735724 1.65886e-16 0.873014 -0.487695 2.13827e-16 0.789141 -0.614213 1.93284e-16 0.879474 -0.475947 2.15409e-16 0.942877 -0.33314 2.30938e-16 0.985616 -0.169001 2.41406e-16 0.945817 -0.324699 2.31658e-16 0.986361 -0.164595 2.41589e-16 0.945817 0.324699 2.31658e-16 0.985616 0.169001 2.41406e-16 0.942877 0.33314 2.30938e-16 1 -1.74846e-07 2.44929e-16 0.986361 0.164595 2.41589e-16 1 3.01992e-07 2.44929e-16 0.778036 0.62822 1.90564e-16 0.660675 0.750672 1.61819e-16 0.677282 0.735724 1.65886e-16 0.789141 0.614213 1.93284e-16 0.879474 0.475947 2.15409e-16 0.873014 0.487695 2.13827e-16 0.245485 0.9694 6.01265e-17 0.372856 0.927889 9.13234e-17 0.210679 0.977555 5.16015e-17 0.401695 0.915773 9.8387e-17 0.546948 0.837166 1.33964e-16 0.524307 0.851529 1.28418e-16 -0.292823 0.956167 -7.17209e-17 -0.245486 0.9694 -6.01266e-17 -0.127018 0.9919 -3.11104e-17 0.0424415 0.999099 1.03952e-17 -0.0825794 0.996584 -2.02261e-17 0.0825794 0.996584 2.02261e-17 -0.594633 0.803997 -1.45643e-16 -0.721956 0.691939 -1.76828e-16 -0.677282 0.735724 -1.65886e-16 -0.401695 0.915773 -9.8387e-17 -0.450204 0.892926 -1.10268e-16 -0.546948 0.837167 -1.33964e-16 -0.945817 0.324699 -2.31658e-16 -0.911228 0.411901 -2.23187e-16 -0.967733 0.251978 -2.37026e-16 -0.879474 0.475947 -2.15409e-16 -0.78914 0.614213 -1.93284e-16 -0.82851 0.559975 -2.02926e-16 -0.967733 -0.251978 -2.37026e-16 -0.986361 -0.164595 -2.41589e-16 -0.996397 -0.0848059 -2.44047e-16 -0.996397 0.0848059 -2.44047e-16 -1 8.74228e-08 -2.44929e-16 -0.986361 0.164595 -2.41589e-16 -0.82851 -0.559975 -2.02926e-16 -0.721956 -0.691939 -1.76828e-16 -0.78914 -0.614213 -1.93284e-16 -0.945817 -0.324699 -2.31658e-16 -0.911229 -0.411901 -2.23187e-16 -0.879474 -0.475947 -2.15409e-16 -0.401695 -0.915773 -9.8387e-17 -0.450204 -0.892926 -1.10268e-16 -0.292823 -0.956167 -7.17209e-17 -0.546948 -0.837166 -1.33964e-16 -0.677282 -0.735724 -1.65886e-16 -0.594633 -0.803997 -1.45643e-16 0.0825794 -0.996584 2.02261e-17 -0.0825792 -0.996584 -2.02261e-17 0.0424412 -0.999099 1.03951e-17 -0.127018 -0.9919 -3.11104e-17 -0.245485 -0.9694 -6.01266e-17 0.210679 -0.977555 5.16015e-17 0.372856 -0.927889 9.13235e-17 0.245485 -0.9694 6.01266e-17 0.524307 -0.851529 1.28418e-16 0.401695 -0.915773 9.8387e-17 0.546948 -0.837166 1.33964e-16 0.660675 -0.750672 1.61819e-16 0.778036 -0.62822 1.90564e-16 0.677282 -0.735724 1.65886e-16 0.873014 -0.487695 2.13827e-16 0.789141 -0.614213 1.93284e-16 0.879474 -0.475947 2.15409e-16 0.942877 -0.33314 2.30938e-16 0.985616 -0.169001 2.41406e-16 0.945817 -0.324699 2.31658e-16 0.986361 -0.164595 2.41589e-16 0.945817 0.324699 2.31658e-16 0.985616 0.169001 2.41406e-16 0.942877 0.33314 2.30938e-16 1 -1.74846e-07 2.44929e-16 0.986361 0.164595 2.41589e-16 1 3.01992e-07 2.44929e-16 0.778036 0.62822 1.90564e-16 0.660675 0.750672 1.61819e-16 0.677282 0.735724 1.65886e-16 0.789141 0.614213 1.93284e-16 0.879474 0.475947 2.15409e-16 0.873014 0.487695 2.13827e-16 0.245485 0.9694 6.01265e-17 0.372856 0.927889 9.13234e-17 0.210679 0.977555 5.16015e-17 0.401695 0.915773 9.8387e-17 0.546948 0.837166 1.33964e-16 0.524307 0.851529 1.28418e-16 -0.292823 0.956167 -7.17209e-17 -0.245486 0.9694 -6.01266e-17 -0.127018 0.9919 -3.11104e-17 0.0424415 0.999099 1.03952e-17 -0.0825794 0.996584 -2.02261e-17 0.0825794 0.996584 2.02261e-17 -0.594633 0.803997 -1.45643e-16 -0.721956 0.691939 -1.76828e-16 -0.677282 0.735724 -1.65886e-16 -0.401695 0.915773 -9.8387e-17 -0.450204 0.892926 -1.10268e-16 -0.546948 0.837167 -1.33964e-16 -0.945817 0.324699 -2.31658e-16 -0.911228 0.411901 -2.23187e-16 -0.967733 0.251978 -2.37026e-16 -0.879474 0.475947 -2.15409e-16 -0.78914 0.614213 -1.93284e-16 -0.82851 0.559975 -2.02926e-16 -0.967733 -0.251978 -2.37026e-16 -0.986361 -0.164595 -2.41589e-16 -0.996397 -0.0848059 -2.44047e-16 -0.996397 0.0848059 -2.44047e-16 -1 8.74228e-08 -2.44929e-16 -0.986361 0.164595 -2.41589e-16 -0.82851 -0.559975 -2.02926e-16 -0.721956 -0.691939 -1.76828e-16 -0.78914 -0.614213 -1.93284e-16 -0.945817 -0.324699 -2.31658e-16 -0.911229 -0.411901 -2.23187e-16 -0.879474 -0.475947 -2.15409e-16 -0.401695 -0.915773 -9.8387e-17 -0.450204 -0.892926 -1.10268e-16 -0.292823 -0.956167 -7.17209e-17 -0.546948 -0.837166 -1.33964e-16 -0.677282 -0.735724 -1.65886e-16 -0.594633 -0.803997 -1.45643e-16 0.0825794 -0.996584 2.02261e-17 -0.0825792 -0.996584 -2.02261e-17 0.0424412 -0.999099 1.03951e-17 -0.127018 -0.9919 -3.11104e-17 -0.245485 -0.9694 -6.01266e-17 0.210679 -0.977555 5.16015e-17 0.372856 -0.927889 9.13235e-17 0.245485 -0.9694 6.01266e-17 0.524307 -0.851529 1.28418e-16 0.401695 -0.915773 9.8387e-17 0.546948 -0.837166 1.33964e-16 0.660675 -0.750672 1.61819e-16 0.778036 -0.62822 1.90564e-16 0.677282 -0.735724 1.65886e-16 0.873014 -0.487695 2.13827e-16 0.789141 -0.614213 1.93284e-16 0.879474 -0.475947 2.15409e-16 0.942877 -0.33314 2.30938e-16 0.985616 -0.169001 2.41406e-16 0.945817 -0.324699 2.31658e-16 0.986361 -0.164595 2.41589e-16 0.945817 0.324699 2.31658e-16 0.985616 0.169001 2.41406e-16 0.942877 0.33314 2.30938e-16 1 -1.74846e-07 2.44929e-16 0.986361 0.164595 2.41589e-16 1 3.01992e-07 2.44929e-16 0.778036 0.62822 1.90564e-16 0.660675 0.750672 1.61819e-16 0.677282 0.735724 1.65886e-16 0.789141 0.614213 1.93284e-16 0.879474 0.475947 2.15409e-16 0.873014 0.487695 2.13827e-16 0.245485 0.9694 6.01265e-17 0.372856 0.927889 9.13234e-17 0.210679 0.977555 5.16015e-17 0.401695 0.915773 9.8387e-17 0.546948 0.837166 1.33964e-16 0.524307 0.851529 1.28418e-16 -0.292823 0.956167 -7.17209e-17 -0.245486 0.9694 -6.01266e-17 -0.127018 0.9919 -3.11104e-17 0.0424415 0.999099 1.03952e-17 -0.0825794 0.996584 -2.02261e-17 0.0825794 0.996584 2.02261e-17 -0.594633 0.803997 -1.45643e-16 -0.721956 0.691939 -1.76828e-16 -0.677282 0.735724 -1.65886e-16 -0.401695 0.915773 -9.8387e-17 -0.450204 0.892926 -1.10268e-16 -0.546948 0.837167 -1.33964e-16 -0.945817 0.324699 -2.31658e-16 -0.911228 0.411901 -2.23187e-16 -0.967733 0.251978 -2.37026e-16 -0.879474 0.475947 -2.15409e-16 -0.78914 0.614213 -1.93284e-16 -0.82851 0.559975 -2.02926e-16 -0.967733 -0.251978 -2.37026e-16 -0.986361 -0.164595 -2.41589e-16 -0.996397 -0.0848059 -2.44047e-16 -0.996397 0.0848059 -2.44047e-16 -1 8.74228e-08 -2.44929e-16 -0.986361 0.164595 -2.41589e-16 -0.82851 -0.559975 -2.02926e-16 -0.721956 -0.691939 -1.76828e-16 -0.78914 -0.614213 -1.93284e-16 -0.945817 -0.324699 -2.31658e-16 -0.911229 -0.411901 -2.23187e-16 -0.879474 -0.475947 -2.15409e-16 -0.401695 -0.915773 -9.8387e-17 -0.450204 -0.892926 -1.10268e-16 -0.292823 -0.956167 -7.17209e-17 -0.546948 -0.837166 -1.33964e-16 -0.677282 -0.735724 -1.65886e-16 -0.594633 -0.803997 -1.45643e-16 0.0825794 -0.996584 2.02261e-17 -0.0825792 -0.996584 -2.02261e-17 0.0424412 -0.999099 1.03951e-17 -0.127018 -0.9919 -3.11104e-17 -0.245485 -0.9694 -6.01266e-17 0.210679 -0.977555 5.16015e-17 0.372856 -0.927889 9.13235e-17 0.245485 -0.9694 6.01266e-17 0.524307 -0.851529 1.28418e-16 0.401695 -0.915773 9.8387e-17 0.546948 -0.837166 1.33964e-16 0.660675 -0.750672 1.61819e-16 0.778036 -0.62822 1.90564e-16 0.677282 -0.735724 1.65886e-16 0.873014 -0.487695 2.13827e-16 0.789141 -0.614213 1.93284e-16 0.879474 -0.475947 2.15409e-16 0.942877 -0.33314 2.30938e-16 0.985616 -0.169001 2.41406e-16 0.945817 -0.324699 2.31658e-16 0.986361 -0.164595 2.41589e-16 0.472909 -0.819102 0.324699 0.492808 -0.853568 0.169001 0.471439 -0.816556 0.33314 0.5 -0.866025 -1.74846e-07 0.493181 -0.854214 0.164595 0.5 -0.866025 3.01992e-07 0.389018 -0.673799 0.62822 0.330337 -0.572161 0.750672 0.338641 -0.586543 0.735724 0.39457 -0.683416 0.614213 0.439737 -0.761647 0.475947 0.436507 -0.756052 0.487695 0.122743 -0.212596 0.9694 0.186428 -0.322903 0.927889 0.10534 -0.182454 0.977555 0.200848 -0.347878 0.915773 0.273474 -0.473671 0.837166 0.262154 -0.454063 0.851529 -0.146411 0.253592 0.956167 -0.122743 0.212597 0.9694 -0.0635089 0.110001 0.9919 0.0212208 -0.0367554 0.999099 -0.0412897 0.0715159 0.996584 0.0412897 -0.0715159 0.996584 -0.297317 0.514967 0.803997 -0.360978 0.625232 0.691939 -0.338641 0.586543 0.735724 -0.200848 0.347878 0.915773 -0.225102 0.389888 0.892926 -0.273474 0.473671 0.837167 -0.472909 0.819102 0.324699 -0.455614 0.789147 0.411901 -0.483866 0.838081 0.251978 -0.439737 0.761647 0.475947 -0.39457 0.683416 0.614213 -0.414255 0.71751 0.559975 -0.483866 0.838081 -0.251978 -0.493181 0.854214 -0.164595 -0.498199 0.862906 -0.0848059 -0.498199 0.862906 0.0848059 -0.5 0.866025 8.74228e-08 -0.493181 0.854214 0.164595 -0.414255 0.71751 -0.559975 -0.360978 0.625232 -0.691939 -0.39457 0.683416 -0.614213 -0.472909 0.819102 -0.324699 -0.455614 0.789147 -0.411901 -0.439737 0.761647 -0.475947 -0.200848 0.347878 -0.915773 -0.225102 0.389888 -0.892926 -0.146411 0.253592 -0.956167 -0.273474 0.473671 -0.837166 -0.338641 0.586543 -0.735724 -0.297317 0.514967 -0.803997 0.0412897 -0.0715158 -0.996584 -0.0412896 0.0715157 -0.996584 0.0212206 -0.0367552 -0.999099 -0.0635089 0.110001 -0.9919 -0.122743 0.212597 -0.9694 0.10534 -0.182454 -0.977555 0.186428 -0.322903 -0.927889 0.122743 -0.212597 -0.9694 0.262154 -0.454063 -0.851529 0.200848 -0.347878 -0.915773 0.273474 -0.473671 -0.837166 0.330337 -0.572161 -0.750672 0.389018 -0.673799 -0.62822 0.338641 -0.586543 -0.735724 0.436507 -0.756052 -0.487695 0.39457 -0.683416 -0.614213 0.439737 -0.761647 -0.475947 0.471439 -0.816556 -0.33314 0.492808 -0.853568 -0.169001 0.472909 -0.819102 -0.324699 0.493181 -0.854214 -0.164595 0.472909 -0.819102 0.324699 0.492808 -0.853568 0.169001 0.471439 -0.816556 0.33314 0.5 -0.866025 -1.74846e-07 0.493181 -0.854214 0.164595 0.5 -0.866025 3.01992e-07 0.389018 -0.673799 0.62822 0.330337 -0.572161 0.750672 0.338641 -0.586543 0.735724 0.39457 -0.683416 0.614213 0.439737 -0.761647 0.475947 0.436507 -0.756052 0.487695 0.122743 -0.212596 0.9694 0.186428 -0.322903 0.927889 0.10534 -0.182454 0.977555 0.200848 -0.347878 0.915773 0.273474 -0.473671 0.837166 0.262154 -0.454063 0.851529 -0.146411 0.253592 0.956167 -0.122743 0.212597 0.9694 -0.0635089 0.110001 0.9919 0.0212208 -0.0367554 0.999099 -0.0412897 0.0715159 0.996584 0.0412897 -0.0715159 0.996584 -0.297317 0.514967 0.803997 -0.360978 0.625232 0.691939 -0.338641 0.586543 0.735724 -0.200848 0.347878 0.915773 -0.225102 0.389888 0.892926 -0.273474 0.473671 0.837167 -0.472909 0.819102 0.324699 -0.455614 0.789147 0.411901 -0.483866 0.838081 0.251978 -0.439737 0.761647 0.475947 -0.39457 0.683416 0.614213 -0.414255 0.71751 0.559975 -0.483866 0.838081 -0.251978 -0.493181 0.854214 -0.164595 -0.498199 0.862906 -0.0848059 -0.498199 0.862906 0.0848059 -0.5 0.866025 8.74228e-08 -0.493181 0.854214 0.164595 -0.414255 0.71751 -0.559975 -0.360978 0.625232 -0.691939 -0.39457 0.683416 -0.614213 -0.472909 0.819102 -0.324699 -0.455614 0.789147 -0.411901 -0.439737 0.761647 -0.475947 -0.200848 0.347878 -0.915773 -0.225102 0.389888 -0.892926 -0.146411 0.253592 -0.956167 -0.273474 0.473671 -0.837166 -0.338641 0.586543 -0.735724 -0.297317 0.514967 -0.803997 0.0412897 -0.0715158 -0.996584 -0.0412896 0.0715157 -0.996584 0.0212206 -0.0367552 -0.999099 -0.0635089 0.110001 -0.9919 -0.122743 0.212597 -0.9694 0.10534 -0.182454 -0.977555 0.186428 -0.322903 -0.927889 0.122743 -0.212597 -0.9694 0.262154 -0.454063 -0.851529 0.200848 -0.347878 -0.915773 0.273474 -0.473671 -0.837166 0.330337 -0.572161 -0.750672 0.389018 -0.673799 -0.62822 0.338641 -0.586543 -0.735724 0.436507 -0.756052 -0.487695 0.39457 -0.683416 -0.614213 0.439737 -0.761647 -0.475947 0.471439 -0.816556 -0.33314 0.492808 -0.853568 -0.169001 0.472909 -0.819102 -0.324699 0.493181 -0.854214 -0.164595 0.472909 -0.819102 0.324699 0.492808 -0.853568 0.169001 0.471439 -0.816556 0.33314 0.5 -0.866025 -1.74846e-07 0.493181 -0.854214 0.164595 0.5 -0.866025 3.01992e-07 0.389018 -0.673799 0.62822 0.330337 -0.572161 0.750672 0.338641 -0.586543 0.735724 0.39457 -0.683416 0.614213 0.439737 -0.761647 0.475947 0.436507 -0.756052 0.487695 0.122743 -0.212596 0.9694 0.186428 -0.322903 0.927889 0.10534 -0.182454 0.977555 0.200848 -0.347878 0.915773 0.273474 -0.473671 0.837166 0.262154 -0.454063 0.851529 -0.146411 0.253592 0.956167 -0.122743 0.212597 0.9694 -0.0635089 0.110001 0.9919 0.0212208 -0.0367554 0.999099 -0.0412897 0.0715159 0.996584 0.0412897 -0.0715159 0.996584 -0.297317 0.514967 0.803997 -0.360978 0.625232 0.691939 -0.338641 0.586543 0.735724 -0.200848 0.347878 0.915773 -0.225102 0.389888 0.892926 -0.273474 0.473671 0.837167 -0.472909 0.819102 0.324699 -0.455614 0.789147 0.411901 -0.483866 0.838081 0.251978 -0.439737 0.761647 0.475947 -0.39457 0.683416 0.614213 -0.414255 0.71751 0.559975 -0.483866 0.838081 -0.251978 -0.493181 0.854214 -0.164595 -0.498199 0.862906 -0.0848059 -0.498199 0.862906 0.0848059 -0.5 0.866025 8.74228e-08 -0.493181 0.854214 0.164595 -0.414255 0.71751 -0.559975 -0.360978 0.625232 -0.691939 -0.39457 0.683416 -0.614213 -0.472909 0.819102 -0.324699 -0.455614 0.789147 -0.411901 -0.439737 0.761647 -0.475947 -0.200848 0.347878 -0.915773 -0.225102 0.389888 -0.892926 -0.146411 0.253592 -0.956167 -0.273474 0.473671 -0.837166 -0.338641 0.586543 -0.735724 -0.297317 0.514967 -0.803997 0.0412897 -0.0715158 -0.996584 -0.0412896 0.0715157 -0.996584 0.0212206 -0.0367552 -0.999099 -0.0635089 0.110001 -0.9919 -0.122743 0.212597 -0.9694 0.10534 -0.182454 -0.977555 0.186428 -0.322903 -0.927889 0.122743 -0.212597 -0.9694 0.262154 -0.454063 -0.851529 0.200848 -0.347878 -0.915773 0.273474 -0.473671 -0.837166 0.330337 -0.572161 -0.750672 0.389018 -0.673799 -0.62822 0.338641 -0.586543 -0.735724 0.436507 -0.756052 -0.487695 0.39457 -0.683416 -0.614213 0.439737 -0.761647 -0.475947 0.471439 -0.816556 -0.33314 0.492808 -0.853568 -0.169001 0.472909 -0.819102 -0.324699 0.493181 -0.854214 -0.164595 0.472909 -0.819102 0.324699 0.492808 -0.853568 0.169001 0.471439 -0.816556 0.33314 0.5 -0.866025 -1.74846e-07 0.493181 -0.854214 0.164595 0.5 -0.866025 3.01992e-07 0.389018 -0.673799 0.62822 0.330337 -0.572161 0.750672 0.338641 -0.586543 0.735724 0.39457 -0.683416 0.614213 0.439737 -0.761647 0.475947 0.436507 -0.756052 0.487695 0.122743 -0.212596 0.9694 0.186428 -0.322903 0.927889 0.10534 -0.182454 0.977555 0.200848 -0.347878 0.915773 0.273474 -0.473671 0.837166 0.262154 -0.454063 0.851529 -0.146411 0.253592 0.956167 -0.122743 0.212597 0.9694 -0.0635089 0.110001 0.9919 0.0212208 -0.0367554 0.999099 -0.0412897 0.0715159 0.996584 0.0412897 -0.0715159 0.996584 -0.297317 0.514967 0.803997 -0.360978 0.625232 0.691939 -0.338641 0.586543 0.735724 -0.200848 0.347878 0.915773 -0.225102 0.389888 0.892926 -0.273474 0.473671 0.837167 -0.472909 0.819102 0.324699 -0.455614 0.789147 0.411901 -0.483866 0.838081 0.251978 -0.439737 0.761647 0.475947 -0.39457 0.683416 0.614213 -0.414255 0.71751 0.559975 -0.483866 0.838081 -0.251978 -0.493181 0.854214 -0.164595 -0.498199 0.862906 -0.0848059 -0.498199 0.862906 0.0848059 -0.5 0.866025 8.74228e-08 -0.493181 0.854214 0.164595 -0.414255 0.71751 -0.559975 -0.360978 0.625232 -0.691939 -0.39457 0.683416 -0.614213 -0.472909 0.819102 -0.324699 -0.455614 0.789147 -0.411901 -0.439737 0.761647 -0.475947 -0.200848 0.347878 -0.915773 -0.225102 0.389888 -0.892926 -0.146411 0.253592 -0.956167 -0.273474 0.473671 -0.837166 -0.338641 0.586543 -0.735724 -0.297317 0.514967 -0.803997 0.0412897 -0.0715158 -0.996584 -0.0412896 0.0715157 -0.996584 0.0212206 -0.0367552 -0.999099 -0.0635089 0.110001 -0.9919 -0.122743 0.212597 -0.9694 0.10534 -0.182454 -0.977555 0.186428 -0.322903 -0.927889 0.122743 -0.212597 -0.9694 0.262154 -0.454063 -0.851529 0.200848 -0.347878 -0.915773 0.273474 -0.473671 -0.837166 0.330337 -0.572161 -0.750672 0.389018 -0.673799 -0.62822 0.338641 -0.586543 -0.735724 0.436507 -0.756052 -0.487695 0.39457 -0.683416 -0.614213 0.439737 -0.761647 -0.475947 0.471439 -0.816556 -0.33314 0.492808 -0.853568 -0.169001 0.472909 -0.819102 -0.324699 0.493181 -0.854214 -0.164595 0.493181 0.854214 -0.164595 0.492808 0.853568 -0.169001 0.5 0.866025 0 0.389018 0.673799 -0.62822 0.436507 0.756052 -0.487695 0.39457 0.683416 -0.614213 0.471439 0.816556 -0.33314 0.472909 0.819102 -0.324699 0.439737 0.761647 -0.475947 0.200848 0.347878 -0.915773 0.186428 0.322903 -0.927889 0.262154 0.454063 -0.851529 0.338641 0.586543 -0.735724 0.273474 0.473671 -0.837166 0.330337 0.572161 -0.750672 0.0212206 0.0367552 -0.999099 -0.0412896 -0.0715157 -0.996584 -0.0635089 -0.110001 -0.9919 0.10534 0.182454 -0.977555 0.122743 0.212597 -0.9694 0.0412897 0.0715158 -0.996584 -0.297317 -0.514967 -0.803997 -0.225102 -0.389888 -0.892926 -0.273474 -0.473671 -0.837166 -0.200848 -0.347878 -0.915773 -0.146411 -0.253592 -0.956167 -0.122743 -0.212597 -0.9694 -0.439737 -0.761647 -0.475947 -0.455614 -0.789147 -0.411901 -0.414255 -0.71751 -0.559975 -0.338641 -0.586543 -0.735724 -0.39457 -0.683416 -0.614213 -0.360978 -0.625232 -0.691939 -0.498199 -0.862906 -0.0848059 -0.5 -0.866025 8.74228e-08 -0.498199 -0.862906 0.0848059 -0.483866 -0.838081 -0.251978 -0.472909 -0.819102 -0.324699 -0.493181 -0.854214 -0.164595 -0.414255 -0.71751 0.559975 -0.455614 -0.789147 0.411901 -0.439737 -0.761647 0.475947 -0.472909 -0.819102 0.324699 -0.483866 -0.838081 0.251978 -0.493181 -0.854214 0.164595 -0.273474 -0.473671 0.837167 -0.225102 -0.389888 0.892926 -0.297317 -0.514967 0.803997 -0.39457 -0.683416 0.614213 -0.338641 -0.586543 0.735724 -0.360978 -0.625232 0.691939 -0.0635089 -0.110001 0.9919 -0.0412897 -0.0715159 0.996584 0.0212208 0.0367554 0.999099 -0.146411 -0.253592 0.956167 -0.200848 -0.347878 0.915773 -0.122743 -0.212597 0.9694 0.0412897 0.0715159 0.996584 0.122743 0.212596 0.9694 0.10534 0.182454 0.977555 0.200848 0.347878 0.915773 0.186428 0.322903 0.927889 0.262154 0.454063 0.851529 0.273474 0.473671 0.837166 0.338641 0.586543 0.735724 0.330337 0.572161 0.750672 0.39457 0.683416 0.614213 0.389018 0.673799 0.62822 0.436507 0.756052 0.487695 0.439737 0.761647 0.475947 0.472909 0.819102 0.324699 0.471439 0.816556 0.33314 0.493181 0.854214 0.164595 0.492808 0.853568 0.169001 0.5 0.866025 3.01992e-07 0.48481 -0.87462 -9.00521e-08 0.48481 -0.87462 -9.00521e-08 0.488322 -0.868536 0.0847725 0.488322 -0.868536 -0.0847725 0.515847 -0.820861 0.245131 0.498763 -0.850452 0.167233 0.567916 -0.730676 0.378926 0.53911 -0.780569 0.316343 0.638884 -0.607754 0.471658 0.601479 -0.672542 0.431173 0.721063 -0.465417 0.513279 0.679112 -0.538079 0.499278 0.805546 -0.319088 0.499278 0.763594 -0.39175 0.513279 0.883178 -0.184625 0.431173 0.845773 -0.249413 0.471658 0.945547 -0.0765986 0.316343 0.916742 -0.126492 0.378926 0.985895 -0.00671504 0.167233 0.96881 -0.0363066 0.245131 0.999848 0.0174524 4.50261e-08 0.996336 0.0113691 0.0847723 0.996335 0.0113691 -0.0847725 0.96881 -0.0363067 -0.245131 0.985895 -0.00671504 -0.167233 0.916742 -0.126492 -0.378926 0.945547 -0.0765985 -0.316343 0.845773 -0.249413 -0.471658 0.883178 -0.184625 -0.431173 0.763594 -0.39175 -0.513279 0.805546 -0.319088 -0.499278 0.679111 -0.538079 -0.499278 0.721063 -0.465417 -0.513279 0.601479 -0.672542 -0.431173 0.638884 -0.607754 -0.471658 0.53911 -0.780569 -0.316343 0.567916 -0.730676 -0.378926 0.498763 -0.850452 -0.167233 0.515847 -0.820861 -0.245131 0.493181 0.854214 -0.164595 0.492808 0.853568 -0.169001 0.5 0.866025 0 0.389018 0.673799 -0.62822 0.436507 0.756052 -0.487695 0.39457 0.683416 -0.614213 0.471439 0.816556 -0.33314 0.472909 0.819102 -0.324699 0.439737 0.761647 -0.475947 0.200848 0.347878 -0.915773 0.186428 0.322903 -0.927889 0.262154 0.454063 -0.851529 0.338641 0.586543 -0.735724 0.273474 0.473671 -0.837166 0.330337 0.572161 -0.750672 0.0212206 0.0367552 -0.999099 -0.0412896 -0.0715157 -0.996584 -0.0635089 -0.110001 -0.9919 0.10534 0.182454 -0.977555 0.122743 0.212597 -0.9694 0.0412897 0.0715158 -0.996584 -0.297317 -0.514967 -0.803997 -0.225102 -0.389888 -0.892926 -0.273474 -0.473671 -0.837166 -0.200848 -0.347878 -0.915773 -0.146411 -0.253592 -0.956167 -0.122743 -0.212597 -0.9694 -0.439737 -0.761647 -0.475947 -0.455614 -0.789147 -0.411901 -0.414255 -0.71751 -0.559975 -0.338641 -0.586543 -0.735724 -0.39457 -0.683416 -0.614213 -0.360978 -0.625232 -0.691939 -0.498199 -0.862906 -0.0848059 -0.5 -0.866025 8.74228e-08 -0.498199 -0.862906 0.0848059 -0.483866 -0.838081 -0.251978 -0.472909 -0.819102 -0.324699 -0.493181 -0.854214 -0.164595 -0.414255 -0.71751 0.559975 -0.455614 -0.789147 0.411901 -0.439737 -0.761647 0.475947 -0.472909 -0.819102 0.324699 -0.483866 -0.838081 0.251978 -0.493181 -0.854214 0.164595 -0.273474 -0.473671 0.837167 -0.225102 -0.389888 0.892926 -0.297317 -0.514967 0.803997 -0.39457 -0.683416 0.614213 -0.338641 -0.586543 0.735724 -0.360978 -0.625232 0.691939 -0.0635089 -0.110001 0.9919 -0.0412897 -0.0715159 0.996584 0.0212208 0.0367554 0.999099 -0.146411 -0.253592 0.956167 -0.200848 -0.347878 0.915773 -0.122743 -0.212597 0.9694 0.0412897 0.0715159 0.996584 0.122743 0.212596 0.9694 0.10534 0.182454 0.977555 0.200848 0.347878 0.915773 0.186428 0.322903 0.927889 0.262154 0.454063 0.851529 0.273474 0.473671 0.837166 0.338641 0.586543 0.735724 0.330337 0.572161 0.750672 0.39457 0.683416 0.614213 0.389018 0.673799 0.62822 0.436507 0.756052 0.487695 0.439737 0.761647 0.475947 0.472909 0.819102 0.324699 0.471439 0.816556 0.33314 0.493181 0.854214 0.164595 0.492808 0.853568 0.169001 0.5 0.866025 3.01992e-07 0.48481 -0.87462 -9.00521e-08 0.48481 -0.87462 -9.00521e-08 0.488322 -0.868536 0.0847725 0.488322 -0.868536 -0.0847725 0.515847 -0.820861 0.245131 0.498763 -0.850452 0.167233 0.567916 -0.730676 0.378926 0.53911 -0.780569 0.316343 0.638884 -0.607754 0.471658 0.601479 -0.672542 0.431173 0.721063 -0.465417 0.513279 0.679112 -0.538079 0.499278 0.805546 -0.319088 0.499278 0.763594 -0.39175 0.513279 0.883178 -0.184625 0.431173 0.845773 -0.249413 0.471658 0.945547 -0.0765986 0.316343 0.916742 -0.126492 0.378926 0.985895 -0.00671504 0.167233 0.96881 -0.0363066 0.245131 0.999848 0.0174524 4.50261e-08 0.996336 0.0113691 0.0847723 0.996335 0.0113691 -0.0847725 0.96881 -0.0363067 -0.245131 0.985895 -0.00671504 -0.167233 0.916742 -0.126492 -0.378926 0.945547 -0.0765985 -0.316343 0.845773 -0.249413 -0.471658 0.883178 -0.184625 -0.431173 0.763594 -0.39175 -0.513279 0.805546 -0.319088 -0.499278 0.679111 -0.538079 -0.499278 0.721063 -0.465417 -0.513279 0.601479 -0.672542 -0.431173 0.638884 -0.607754 -0.471658 0.53911 -0.780569 -0.316343 0.567916 -0.730676 -0.378926 0.498763 -0.850452 -0.167233 0.515847 -0.820861 -0.245131 0.493181 0.854214 -0.164595 0.492808 0.853568 -0.169001 0.5 0.866025 6.09062e-27 0.389018 0.673799 -0.62822 0.436507 0.756052 -0.487695 0.39457 0.683416 -0.614213 0.471439 0.816556 -0.33314 0.472909 0.819102 -0.324699 0.439737 0.761647 -0.475947 0.200848 0.347878 -0.915773 0.186428 0.322903 -0.927889 0.262154 0.454063 -0.851529 0.338641 0.586543 -0.735724 0.273474 0.473671 -0.837166 0.330337 0.572161 -0.750672 0.0212206 0.0367552 -0.999099 -0.0412896 -0.0715157 -0.996584 -0.0635089 -0.110001 -0.9919 0.10534 0.182454 -0.977555 0.122743 0.212597 -0.9694 0.0412897 0.0715158 -0.996584 -0.297317 -0.514967 -0.803997 -0.225102 -0.389888 -0.892926 -0.273474 -0.473671 -0.837166 -0.200848 -0.347878 -0.915773 -0.146411 -0.253592 -0.956167 -0.122743 -0.212597 -0.9694 -0.439737 -0.761647 -0.475947 -0.455614 -0.789147 -0.411901 -0.414255 -0.71751 -0.559975 -0.338641 -0.586543 -0.735724 -0.39457 -0.683416 -0.614213 -0.360978 -0.625232 -0.691939 -0.498199 -0.862906 -0.0848059 -0.5 -0.866025 8.74228e-08 -0.498199 -0.862906 0.0848059 -0.483866 -0.838081 -0.251978 -0.472909 -0.819102 -0.324699 -0.493181 -0.854214 -0.164595 -0.414255 -0.71751 0.559975 -0.455614 -0.789147 0.411901 -0.439737 -0.761647 0.475947 -0.472909 -0.819102 0.324699 -0.483866 -0.838081 0.251978 -0.493181 -0.854214 0.164595 -0.273474 -0.473671 0.837167 -0.225102 -0.389888 0.892926 -0.297317 -0.514967 0.803997 -0.39457 -0.683416 0.614213 -0.338641 -0.586543 0.735724 -0.360978 -0.625232 0.691939 -0.0635089 -0.110001 0.9919 -0.0412897 -0.0715159 0.996584 0.0212208 0.0367554 0.999099 -0.146411 -0.253592 0.956167 -0.200848 -0.347878 0.915773 -0.122743 -0.212597 0.9694 0.0412897 0.0715159 0.996584 0.122743 0.212596 0.9694 0.10534 0.182454 0.977555 0.200848 0.347878 0.915773 0.186428 0.322903 0.927889 0.262154 0.454063 0.851529 0.273474 0.473671 0.837166 0.338641 0.586543 0.735724 0.330337 0.572161 0.750672 0.39457 0.683416 0.614213 0.389018 0.673799 0.62822 0.436507 0.756052 0.487695 0.439737 0.761647 0.475947 0.472909 0.819102 0.324699 0.471439 0.816556 0.33314 0.493181 0.854214 0.164595 0.492808 0.853568 0.169001 0.5 0.866025 3.01992e-07 0.48481 -0.87462 -9.00521e-08 0.48481 -0.87462 -9.00521e-08 0.488322 -0.868536 0.0847725 0.488322 -0.868536 -0.0847725 0.515847 -0.820861 0.245131 0.498763 -0.850452 0.167233 0.567916 -0.730676 0.378926 0.53911 -0.780569 0.316343 0.638884 -0.607754 0.471658 0.601479 -0.672542 0.431173 0.721063 -0.465417 0.513279 0.679112 -0.538079 0.499278 0.805546 -0.319088 0.499278 0.763594 -0.39175 0.513279 0.883178 -0.184625 0.431173 0.845773 -0.249413 0.471658 0.945547 -0.0765986 0.316343 0.916742 -0.126492 0.378926 0.985895 -0.00671504 0.167233 0.96881 -0.0363066 0.245131 0.999848 0.0174524 4.50261e-08 0.996336 0.0113691 0.0847723 0.996335 0.0113691 -0.0847725 0.96881 -0.0363067 -0.245131 0.985895 -0.00671504 -0.167233 0.916742 -0.126492 -0.378926 0.945547 -0.0765985 -0.316343 0.845773 -0.249413 -0.471658 0.883178 -0.184625 -0.431173 0.763594 -0.39175 -0.513279 0.805546 -0.319088 -0.499278 0.679111 -0.538079 -0.499278 0.721063 -0.465417 -0.513279 0.601479 -0.672542 -0.431173 0.638884 -0.607754 -0.471658 0.53911 -0.780569 -0.316343 0.567916 -0.730676 -0.378926 0.498763 -0.850452 -0.167233 0.515847 -0.820861 -0.245131 0.493181 0.854214 -0.164595 0.492808 0.853568 -0.169001 0.5 0.866025 6.09062e-27 0.389018 0.673799 -0.62822 0.436507 0.756052 -0.487695 0.39457 0.683416 -0.614213 0.471439 0.816556 -0.33314 0.472909 0.819102 -0.324699 0.439737 0.761647 -0.475947 0.200848 0.347878 -0.915773 0.186428 0.322903 -0.927889 0.262154 0.454063 -0.851529 0.338641 0.586543 -0.735724 0.273474 0.473671 -0.837166 0.330337 0.572161 -0.750672 0.0212206 0.0367552 -0.999099 -0.0412896 -0.0715157 -0.996584 -0.0635089 -0.110001 -0.9919 0.10534 0.182454 -0.977555 0.122743 0.212597 -0.9694 0.0412897 0.0715158 -0.996584 -0.297317 -0.514967 -0.803997 -0.225102 -0.389888 -0.892926 -0.273474 -0.473671 -0.837166 -0.200848 -0.347878 -0.915773 -0.146411 -0.253592 -0.956167 -0.122743 -0.212597 -0.9694 -0.439737 -0.761647 -0.475947 -0.455614 -0.789147 -0.411901 -0.414255 -0.71751 -0.559975 -0.338641 -0.586543 -0.735724 -0.39457 -0.683416 -0.614213 -0.360978 -0.625232 -0.691939 -0.498199 -0.862906 -0.0848059 -0.5 -0.866025 8.74228e-08 -0.498199 -0.862906 0.0848059 -0.483866 -0.838081 -0.251978 -0.472909 -0.819102 -0.324699 -0.493181 -0.854214 -0.164595 -0.414255 -0.71751 0.559975 -0.455614 -0.789147 0.411901 -0.439737 -0.761647 0.475947 -0.472909 -0.819102 0.324699 -0.483866 -0.838081 0.251978 -0.493181 -0.854214 0.164595 -0.273474 -0.473671 0.837167 -0.225102 -0.389888 0.892926 -0.297317 -0.514967 0.803997 -0.39457 -0.683416 0.614213 -0.338641 -0.586543 0.735724 -0.360978 -0.625232 0.691939 -0.0635089 -0.110001 0.9919 -0.0412897 -0.0715159 0.996584 0.0212208 0.0367554 0.999099 -0.146411 -0.253592 0.956167 -0.200848 -0.347878 0.915773 -0.122743 -0.212597 0.9694 0.0412897 0.0715159 0.996584 0.122743 0.212596 0.9694 0.10534 0.182454 0.977555 0.200848 0.347878 0.915773 0.186428 0.322903 0.927889 0.262154 0.454063 0.851529 0.273474 0.473671 0.837166 0.338641 0.586543 0.735724 0.330337 0.572161 0.750672 0.39457 0.683416 0.614213 0.389018 0.673799 0.62822 0.436507 0.756052 0.487695 0.439737 0.761647 0.475947 0.472909 0.819102 0.324699 0.471439 0.816556 0.33314 0.493181 0.854214 0.164595 0.492808 0.853568 0.169001 0.5 0.866025 3.01992e-07 0.48481 -0.87462 -9.00521e-08 0.48481 -0.87462 -9.00521e-08 0.488322 -0.868536 0.0847725 0.488322 -0.868536 -0.0847725 0.515847 -0.820861 0.245131 0.498763 -0.850452 0.167233 0.567916 -0.730676 0.378926 0.53911 -0.780569 0.316343 0.638884 -0.607754 0.471658 0.601479 -0.672542 0.431173 0.721063 -0.465417 0.513279 0.679112 -0.538079 0.499278 0.805546 -0.319088 0.499278 0.763594 -0.39175 0.513279 0.883178 -0.184625 0.431173 0.845773 -0.249413 0.471658 0.945547 -0.0765986 0.316343 0.916742 -0.126492 0.378926 0.985895 -0.00671504 0.167233 0.96881 -0.0363066 0.245131 0.999848 0.0174524 4.50261e-08 0.996336 0.0113691 0.0847723 0.996335 0.0113691 -0.0847725 0.96881 -0.0363067 -0.245131 0.985895 -0.00671504 -0.167233 0.916742 -0.126492 -0.378926 0.945547 -0.0765985 -0.316343 0.845773 -0.249413 -0.471658 0.883178 -0.184625 -0.431173 0.763594 -0.39175 -0.513279 0.805546 -0.319088 -0.499278 0.679111 -0.538079 -0.499278 0.721063 -0.465417 -0.513279 0.601479 -0.672542 -0.431173 0.638884 -0.607754 -0.471658 0.53911 -0.780569 -0.316343 0.567916 -0.730676 -0.378926 0.498763 -0.850452 -0.167233 0.515847 -0.820861 -0.245131 -0.999848 0.0174524 -9.00521e-08 -0.999848 0.0174524 -9.00521e-08 -0.996335 0.0113691 0.0847725 -0.996335 0.0113691 -0.0847725 -0.96881 -0.0363066 0.245131 -0.985895 -0.00671507 0.167233 -0.916742 -0.126492 0.378926 -0.945547 -0.0765985 0.316343 -0.845773 -0.249413 0.471658 -0.883178 -0.184625 0.431173 -0.763594 -0.39175 0.513279 -0.805546 -0.319088 0.499278 -0.679111 -0.538079 0.499278 -0.721063 -0.465417 0.513279 -0.601479 -0.672542 0.431173 -0.638884 -0.607754 0.471658 -0.53911 -0.780569 0.316343 -0.567916 -0.730676 0.378926 -0.498763 -0.850452 0.167233 -0.515847 -0.820861 0.245131 -0.48481 -0.87462 4.50261e-08 -0.488322 -0.868536 0.0847723 -0.488322 -0.868536 -0.0847725 -0.515847 -0.820861 -0.245131 -0.498763 -0.850452 -0.167233 -0.567916 -0.730676 -0.378926 -0.53911 -0.780569 -0.316343 -0.638884 -0.607754 -0.471658 -0.601479 -0.672542 -0.431173 -0.721063 -0.465417 -0.513279 -0.679111 -0.538079 -0.499278 -0.805546 -0.319088 -0.499278 -0.763594 -0.39175 -0.513279 -0.883178 -0.184625 -0.431173 -0.845773 -0.249413 -0.471658 -0.945547 -0.0765985 -0.316343 -0.916742 -0.126492 -0.378926 -0.985895 -0.00671506 -0.167233 -0.96881 -0.0363067 -0.245131 -0.999848 0.0174524 -9.00521e-08 -0.999848 0.0174524 -9.00521e-08 -0.996335 0.0113691 0.0847725 -0.996335 0.0113691 -0.0847725 -0.96881 -0.0363066 0.245131 -0.985895 -0.00671507 0.167233 -0.916742 -0.126492 0.378926 -0.945547 -0.0765985 0.316343 -0.845773 -0.249413 0.471658 -0.883178 -0.184625 0.431173 -0.763594 -0.39175 0.513279 -0.805546 -0.319088 0.499278 -0.679111 -0.538079 0.499278 -0.721063 -0.465417 0.513279 -0.601479 -0.672542 0.431173 -0.638884 -0.607754 0.471658 -0.53911 -0.780569 0.316343 -0.567916 -0.730676 0.378926 -0.498763 -0.850452 0.167233 -0.515847 -0.820861 0.245131 -0.48481 -0.87462 4.50261e-08 -0.488322 -0.868536 0.0847723 -0.488322 -0.868536 -0.0847725 -0.515847 -0.820861 -0.245131 -0.498763 -0.850452 -0.167233 -0.567916 -0.730676 -0.378926 -0.53911 -0.780569 -0.316343 -0.638884 -0.607754 -0.471658 -0.601479 -0.672542 -0.431173 -0.721063 -0.465417 -0.513279 -0.679111 -0.538079 -0.499278 -0.805546 -0.319088 -0.499278 -0.763594 -0.39175 -0.513279 -0.883178 -0.184625 -0.431173 -0.845773 -0.249413 -0.471658 -0.945547 -0.0765985 -0.316343 -0.916742 -0.126492 -0.378926 -0.985895 -0.00671506 -0.167233 -0.96881 -0.0363067 -0.245131 -0.999848 0.0174524 -9.00521e-08 -0.999848 0.0174524 -9.00521e-08 -0.996335 0.0113691 0.0847725 -0.996335 0.0113691 -0.0847725 -0.96881 -0.0363066 0.245131 -0.985895 -0.00671507 0.167233 -0.916742 -0.126492 0.378926 -0.945547 -0.0765985 0.316343 -0.845773 -0.249413 0.471658 -0.883178 -0.184625 0.431173 -0.763594 -0.39175 0.513279 -0.805546 -0.319088 0.499278 -0.679111 -0.538079 0.499278 -0.721063 -0.465417 0.513279 -0.601479 -0.672542 0.431173 -0.638884 -0.607754 0.471658 -0.53911 -0.780569 0.316343 -0.567916 -0.730676 0.378926 -0.498763 -0.850452 0.167233 -0.515847 -0.820861 0.245131 -0.48481 -0.87462 4.50261e-08 -0.488322 -0.868536 0.0847723 -0.488322 -0.868536 -0.0847725 -0.515847 -0.820861 -0.245131 -0.498763 -0.850452 -0.167233 -0.567916 -0.730676 -0.378926 -0.53911 -0.780569 -0.316343 -0.638884 -0.607754 -0.471658 -0.601479 -0.672542 -0.431173 -0.721063 -0.465417 -0.513279 -0.679111 -0.538079 -0.499278 -0.805546 -0.319088 -0.499278 -0.763594 -0.39175 -0.513279 -0.883178 -0.184625 -0.431173 -0.845773 -0.249413 -0.471658 -0.945547 -0.0765985 -0.316343 -0.916742 -0.126492 -0.378926 -0.985895 -0.00671506 -0.167233 -0.96881 -0.0363067 -0.245131 -0.999848 0.0174524 -9.00521e-08 -0.999848 0.0174524 -9.00521e-08 -0.996335 0.0113691 0.0847725 -0.996335 0.0113691 -0.0847725 -0.96881 -0.0363066 0.245131 -0.985895 -0.00671507 0.167233 -0.916742 -0.126492 0.378926 -0.945547 -0.0765985 0.316343 -0.845773 -0.249413 0.471658 -0.883178 -0.184625 0.431173 -0.763594 -0.39175 0.513279 -0.805546 -0.319088 0.499278 -0.679111 -0.538079 0.499278 -0.721063 -0.465417 0.513279 -0.601479 -0.672542 0.431173 -0.638884 -0.607754 0.471658 -0.53911 -0.780569 0.316343 -0.567916 -0.730676 0.378926 -0.498763 -0.850452 0.167233 -0.515847 -0.820861 0.245131 -0.48481 -0.87462 4.50261e-08 -0.488322 -0.868536 0.0847723 -0.488322 -0.868536 -0.0847725 -0.515847 -0.820861 -0.245131 -0.498763 -0.850452 -0.167233 -0.567916 -0.730676 -0.378926 -0.53911 -0.780569 -0.316343 -0.638884 -0.607754 -0.471658 -0.601479 -0.672542 -0.431173 -0.721063 -0.465417 -0.513279 -0.679111 -0.538079 -0.499278 -0.805546 -0.319088 -0.499278 -0.763594 -0.39175 -0.513279 -0.883178 -0.184625 -0.431173 -0.845773 -0.249413 -0.471658 -0.945547 -0.0765985 -0.316343 -0.916742 -0.126492 -0.378926 -0.985895 -0.00671506 -0.167233 -0.96881 -0.0363067 -0.245131</float_array>
          <technique_common>
            <accessor count="6158" source="#ID24" stride="3">
              <param name="X" type="float"/>
              <param name="Y" type="float"/>
              <param name="Z" type="float"/>
            </accessor>
          </technique_common>
        </source>
        <vertices id="ID25">
          <input semantic="POSITION" source="#ID21"/>
          <input semantic="NORMAL" source="#ID23"/>
        </vertices>
        <triangles count="5766" material="ID18">
          <input offset="0" semantic="VERTEX" source="#ID25"/>
          <p>0 1 2 3 4 5 6 7 8 9 10 11 2 10 12 9 12 10 13 9 14 9 11 14 13 15 16 16 9 13 16 17 18 17 16 15 17 19 18 0 2 12 20 21 1 0 20 1 21 22 8 22 21 20 22 23 8 24 25 26 6 27 28 8 23 27 27 6 8 29 30 31 29 32 30 33 26 34 31 30 34 26 33 24 35 36 25 26 25 36 37 38 39 36 35 39 39 38 36 40 38 37 37 41 40 5 32 29 31 34 26 7 4 3 4 32 5 42 43 7 42 7 3 44 7 43 44 43 45 44 8 7 46 47 48 47 46 49 47 50 48 51 52 53 51 54 55 51 55 52 51 53 56 57 58 59 57 59 60 58 57 61 57 60 62 63 64 65 66 64 67 66 68 64 63 67 64 69 70 71 72 70 69 69 73 72 73 74 72 75 76 77 76 78 77 79 80 81 80 82 83 84 85 75 86 75 87 75 77 87 88 80 85 85 89 90 91 75 92 75 86 92 93 75 94 75 91 94 75 95 84 75 93 95 85 96 89 85 84 96 90 88 85 80 88 82 80 83 81 79 97 80 80 97 98 99 100 101 99 102 103 99 101 104 105 106 107 101 108 104 99 104 102 107 104 105 108 105 104 109 110 111 112 113 114 114 115 112 116 111 110 114 113 116 113 117 116 118 114 119 114 116 119 118 120 109 118 119 120 118 109 111 119 116 110 121 122 123 124 125 126 127 123 122 126 121 123 128 129 126 125 128 126 130 129 128 129 131 126 131 121 126 132 133 134 135 133 132 136 137 138 132 139 135 140 141 142 143 144 145 146 147 144 137 148 149 148 143 145 150 151 152 136 153 154 155 156 157 150 158 156 159 160 161 155 162 160 161 163 159 159 163 164 165 166 167 167 164 168 169 170 171 171 166 169 170 172 173 170 173 174 165 169 166 174 171 170 167 168 165 164 163 168 161 160 162 162 155 157 150 152 158 156 158 157 151 153 152 136 138 153 151 154 153 137 149 138 148 145 149 144 143 146 147 142 141 147 146 142 133 140 134 133 141 140 134 175 132 176 177 178 179 180 181 182 179 183 184 185 186 187 188 189 190 191 192 193 194 195 196 197 198 199 200 201 202 203 196 198 197 204 205 206 207 208 209 198 210 211 212 209 208 201 211 213 214 215 216 217 202 196 218 219 220 221 222 223 224 225 226 219 227 228 219 229 230 231 232 233 234 235 228 233 227 236 228 237 238 239 234 233 206 240 241 242 243 244 245 246 247 248 249 250 251 252 253 254 255 251 256 257 251 255 254 258 252 259 179 260 261 262 263 264 265 254 265 266 267 268 269 270 271 272 223 273 274 275 268 270 276 206 277 278 217 279 280 281 282 283 284 285 274 286 287 254 263 288 289 290 254 291 290 258 254 292 254 293 292 291 254 294 254 295 294 293 254 296 254 297 296 295 254 254 298 297 245 298 287 298 254 287 299 300 245 245 300 298 301 302 245 245 302 299 303 304 245 245 304 301 251 305 306 245 306 303 251 307 308 305 251 308 251 250 309 307 251 309 310 311 312 179 313 188 189 188 313 182 314 179 179 314 313 183 179 315 316 317 318 316 315 317 319 317 320 319 318 317 321 322 323 321 320 322 324 325 310 326 324 310 327 310 325 322 328 329 330 322 329 322 331 332 328 322 332 333 331 334 322 334 331 335 334 336 337 338 334 334 338 333 339 340 334 334 340 337 341 342 334 334 342 339 334 335 341 343 336 188 334 188 336 344 345 188 188 345 343 346 347 188 188 347 344 348 349 188 188 349 346 187 350 188 188 350 348 351 352 353 354 355 217 217 355 356 217 356 357 354 217 280 278 358 206 358 279 217 217 206 358 205 277 206 217 359 206 360 361 206 206 361 207 362 363 206 206 363 360 364 365 206 206 365 362 206 359 234 366 367 368 223 369 271 370 284 371 237 217 238 372 373 368 374 375 376 264 266 265 377 269 268 238 224 378 238 379 224 380 265 381 217 216 382 238 383 239 238 384 385 386 238 385 217 387 238 384 238 387 388 389 217 217 389 387 357 388 217 390 391 392 195 393 281 394 395 281 396 281 397 396 394 281 398 281 399 398 397 281 400 281 401 400 399 281 281 203 402 281 393 401 403 393 195 281 402 195 404 405 195 195 405 403 406 407 195 195 407 404 408 409 410 195 194 406 411 412 195 195 412 193 411 410 409 413 410 414 413 408 410 415 310 416 417 418 419 420 421 206 265 256 422 423 424 425 274 285 275 426 241 427 240 427 241 190 428 281 233 429 430 429 233 236 431 432 433 434 435 436 437 195 438 439 440 195 195 440 441 195 437 442 195 442 439 195 443 444 438 195 444 178 177 443 195 178 443 178 445 446 176 178 446 447 445 434 178 434 445 414 410 418 434 436 447 448 449 434 434 449 435 450 451 434 434 451 448 452 453 434 434 453 450 434 312 454 434 454 452 310 327 455 310 415 326 456 457 322 456 322 330 458 416 310 190 459 460 190 461 419 195 410 411 458 410 462 410 463 464 465 410 464 195 466 410 463 410 466 441 466 195 467 468 469 470 471 472 470 473 201 199 201 473 474 475 470 470 475 473 476 477 470 470 477 474 470 472 476 470 478 479 471 470 479 211 210 478 470 211 478 211 480 481 212 211 481 482 483 209 480 211 214 484 213 467 211 467 213 485 486 467 467 486 484 487 488 467 467 488 485 467 469 489 467 489 487 209 490 467 468 467 490 209 483 491 209 491 490 492 482 201 209 201 482 493 494 201 201 494 492 495 496 201 201 496 493 497 498 201 201 498 495 200 499 201 201 499 497 500 501 502 229 231 503 504 505 506 507 230 500 229 500 230 508 509 500 500 509 507 500 502 508 500 510 511 501 500 511 512 510 505 500 505 510 513 514 505 505 514 512 505 504 515 505 515 513 505 516 517 506 505 517 518 516 219 505 219 516 226 519 219 219 519 518 225 219 520 219 521 522 520 219 522 523 524 228 521 219 221 228 525 219 220 219 525 228 524 526 228 526 525 527 523 229 228 229 523 528 529 229 229 529 527 530 531 229 229 531 528 503 532 229 229 532 530 533 238 534 185 184 535 536 537 538 184 539 540 535 184 540 184 541 542 539 184 542 538 543 184 541 184 543 544 545 538 538 545 543 538 537 544 546 536 217 538 217 536 547 548 217 217 548 546 382 549 217 217 549 547 217 237 215 238 533 383 238 550 551 551 534 238 550 552 551 553 379 238 554 552 550 555 554 550 380 556 265 550 557 558 255 256 559 550 560 561 247 246 562 550 563 564 560 550 564 565 184 566 184 567 550 557 550 567 568 569 184 184 569 567 186 568 184 371 390 370 317 570 571 241 572 573 241 574 242 575 576 273 190 192 459 577 578 579 580 190 581 582 190 583 584 585 586 190 582 461 584 587 585 588 392 317 461 417 419 589 585 317 310 410 458 317 571 588 323 322 457 317 590 570 322 320 317 317 591 592 590 317 592 179 593 317 591 317 593 594 595 179 179 181 593 179 595 180 596 260 179 594 179 259 597 598 596 596 179 597 598 597 241 599 598 241 241 600 601 599 241 601 241 602 603 600 241 603 241 426 602 604 605 606 184 550 566 607 608 247 247 608 248 247 609 610 247 611 607 550 561 555 612 251 257 251 613 609 251 306 245 251 614 615 613 251 615 251 244 616 614 251 616 251 245 244 245 617 618 243 245 618 619 617 604 245 604 617 565 620 604 604 606 619 621 622 604 604 622 605 623 624 604 604 624 621 625 626 604 604 626 623 604 620 627 604 627 625 628 629 565 565 629 620 630 631 565 565 631 628 632 633 565 565 633 630 634 635 565 565 635 632 247 562 636 565 636 634 637 611 247 558 563 550 247 566 638 386 553 238 265 559 256 637 247 610 247 251 609 612 249 251 636 565 247 247 565 566 334 639 434 455 311 310 334 322 639 640 639 322 317 315 179 641 419 642 254 241 643 465 462 410 639 310 434 312 434 310 644 366 352 232 235 233 236 233 228 645 351 353 190 281 646 429 236 647 648 649 431 650 190 646 651 264 254 366 644 652 653 654 649 649 654 655 656 657 658 649 376 659 649 659 653 660 374 661 660 375 374 374 662 663 663 661 374 664 662 665 663 662 664 223 222 369 352 351 644 353 666 645 666 353 223 667 377 668 269 377 667 366 652 367 669 668 670 669 667 668 671 222 224 672 668 673 672 670 668 224 379 671 223 272 666 673 668 662 668 665 662 381 265 267 649 374 376 648 374 649 190 674 428 648 431 433 204 647 236 430 429 432 433 432 429 675 676 677 204 236 198 281 283 646 218 196 209 209 196 198 395 282 281 196 203 281 190 460 581 650 191 190 674 579 578 579 674 190 284 370 285 675 678 676 678 679 676 578 577 678 679 678 577 371 391 390 419 418 410 580 583 190 410 642 419 317 392 391 641 642 587 391 680 317 642 585 587 681 682 683 680 589 317 586 585 589 261 273 576 575 273 275 261 576 262 261 263 289 288 572 241 289 288 241 265 684 254 253 685 254 254 685 651 597 643 241 573 574 241 254 643 286 378 422 256 556 559 265 686 425 687 683 688 689 424 690 691 683 692 693 683 694 695 681 683 695 696 692 683 694 683 693 683 697 688 689 696 683 697 683 698 691 697 698 699 697 691 691 690 699 690 424 423 425 424 687 700 422 686 686 687 700 422 700 265 224 422 378 367 372 368 206 373 364 373 372 364 420 206 701 206 421 373 701 206 702 703 701 702 703 702 704 705 706 707 707 658 657 657 705 707 708 706 705 709 708 710 709 706 708 711 708 712 711 710 708 712 708 702 704 702 708 713 714 715 716 717 718 719 720 721 722 723 724 725 726 727 728 729 730 731 732 733 734 735 736 737 738 739 740 741 739 742 738 743 737 743 738 744 745 746 747 742 743 748 749 744 748 744 746 750 751 749 744 749 751 745 747 746 750 752 751 739 741 737 742 747 745 740 732 731 741 740 731 735 734 733 732 735 733 725 727 736 736 727 734 730 726 728 728 726 725 720 729 721 720 730 729 719 753 724 719 721 753 723 722 715 753 722 724 713 717 714 722 713 715 716 714 717 754 755 756 757 758 759 760 761 762 756 761 763 764 765 766 767 762 765 768 766 769 770 771 772 769 771 770 773 774 775 772 776 773 777 778 779 774 780 781 782 783 784 785 782 786 786 787 785 784 786 782 779 788 789 777 785 787 790 791 755 792 780 789 791 793 794 787 778 777 778 788 779 788 792 789 792 781 780 781 775 774 775 772 773 776 772 771 770 768 769 768 764 766 764 767 765 767 760 762 760 763 761 763 754 756 754 790 755 790 793 791 793 757 794 757 795 758 759 794 757 796 797 798 799 800 801 802 803 804 805 806 807 808 809 810 811 812 813 814 815 816 817 818 819 820 821 822 823 824 822 825 821 826 820 826 821 827 828 829 830 825 826 831 832 827 831 827 829 833 834 832 827 832 834 828 830 829 833 835 834 825 830 828 824 823 814 820 822 824 815 818 816 823 815 814 819 810 817 818 817 816 811 809 808 808 810 819 803 813 812 813 809 811 802 804 836 803 812 804 805 807 836 802 836 807 806 805 798 796 800 797 805 796 798 799 797 800 837 838 839 840 838 841 837 839 842 840 843 844 843 840 841 840 839 838 845 846 847 848 849 850 851 852 853 847 852 854 855 856 857 858 853 856 859 857 860 861 862 863 860 862 861 864 865 866 863 867 864 868 869 870 865 871 872 873 874 875 876 873 877 877 878 876 875 877 873 870 879 880 868 876 878 881 882 846 883 871 880 882 884 885 878 869 868 869 879 870 879 883 880 883 872 871 872 866 865 866 863 864 867 863 862 861 859 860 859 855 857 855 858 856 858 851 853 851 854 852 854 845 847 845 881 846 881 884 882 884 848 885 848 886 849 850 885 848 887 888 889 887 889 890 891 892 893 893 894 891 895 896 897 898 896 895 897 899 895 896 898 900 898 901 900 902 903 904 904 903 905 902 904 906 905 903 907 908 902 906 909 910 911 911 912 909 913 914 915 913 915 916 917 918 919 920 921 922 923 920 922 917 919 924 918 925 922 922 925 923 918 926 919 927 928 926 926 928 919 929 930 926 927 926 930 926 918 922 931 932 933 934 935 936 936 937 934 931 938 936 935 939 936 937 940 941 940 937 938 936 938 937 931 933 938 937 941 942 943 944 945 943 946 944 947 948 949 948 947 950 951 952 953 951 954 952 955 956 957 958 959 960 961 962 963 964 965 966 967 968 969 970 971 972 973 974 975 976 977 978 979 980 981 982 983 984 985 986 987 988 987 986 989 985 990 985 989 986 990 991 992 992 989 990 993 994 991 992 991 994 995 993 996 993 995 994 997 995 996 988 979 987 981 980 983 979 988 980 982 984 975 981 983 982 973 976 974 984 973 975 977 968 978 976 978 974 972 967 969 969 968 977 961 971 970 971 967 972 963 962 965 961 970 962 964 966 958 963 965 964 959 956 960 966 959 958 955 960 956 998 999 1000 1001 1002 1003 1004 999 1005 1000 999 1004 1006 1005 1007 1008 1009 1010 1006 1007 1009 1009 1007 1010 1010 1011 1008 1004 1005 1006 1012 1013 998 1012 998 1000 1012 1014 1013 1008 1011 1015 1016 1015 1011 1017 1015 1016 1014 1018 1013 1019 1018 1020 1014 1020 1018 1019 1021 1022 1021 1019 1020 1023 1024 1022 1022 1021 1023 1025 1024 1026 1023 1026 1024 1025 1027 1028 1027 1025 1026 1029 1002 1028 1028 1027 1029 1029 1003 1002 1030 1031 1032 1033 1034 1035 1036 1037 1038 1039 1038 1040 1036 1041 1037 1042 1041 1036 1038 1037 1040 1039 1040 1030 1032 1031 1035 1039 1030 1032 1033 1001 1034 1031 1033 1035 1003 1034 1001 1043 1044 1045 1044 1043 1046 1047 1048 1049 1047 1050 1048 1051 1052 1053 1053 1054 1051 1055 1056 1057 1056 1055 1058 1059 1060 1061 1060 1062 1063 1061 1060 1063 1062 1064 1063 1065 1066 1067 1068 1064 1062 1065 1067 1069 1070 1068 1071 1070 1071 1066 1071 1067 1066 1069 1072 1065 1073 1072 1074 1074 1072 1069 1070 1064 1068 1075 1073 1074 1073 1075 1076 1076 1075 1077 1077 1078 1076 1078 1079 1080 1078 1077 1079 1059 1061 1081 1059 1081 1082 1083 1082 1084 1081 1084 1082 1083 1085 1086 1085 1083 1084 1087 1088 1086 1086 1085 1087 1089 1088 1090 1087 1090 1088 1089 1091 1092 1091 1089 1090 1093 1094 1092 1092 1091 1093 1095 1094 1096 1093 1096 1094 1095 1097 1098 1097 1095 1096 1099 1100 1098 1098 1097 1099 1099 1101 1100 1102 1103 1104 1103 1102 1105 1106 1107 1108 1106 1109 1107 1107 1110 1108 1111 1112 1113 1113 1112 1108 1112 1111 1114 1113 1108 1110 1115 1109 1116 1106 1116 1109 1116 1117 1115 1118 1119 1120 1121 1122 1123 1124 1125 1126 1127 1128 1129 1130 1131 1132 1129 1133 1127 1124 1119 1125 1126 1134 1135 1136 1137 1138 1139 1140 1141 1141 1142 1143 1144 1141 1145 1146 1147 1148 1149 1150 1151 1152 1153 1154 1155 1156 1157 1158 1159 1160 1161 1162 1163 1164 1165 1166 1167 1168 1169 1155 1170 1156 1119 1171 1172 1173 1174 1175 1156 1161 1176 1176 1157 1156 1177 1176 1174 1161 1174 1176 1174 1173 1178 1174 1178 1177 1174 1179 1180 1175 1174 1180 1174 1181 1182 1179 1174 1182 1158 1183 1159 1184 1185 1119 1150 1186 1187 1188 1119 1185 1189 1190 1191 1150 1192 1193 1187 1151 1150 1150 1194 1192 1195 1196 1150 1150 1196 1197 1198 1199 1200 1201 1199 1202 1202 1203 1150 1198 1204 1199 1189 1205 1190 1204 1206 1199 1207 1199 1208 1199 1207 1200 1119 1209 1171 1210 1211 1212 1208 1199 1213 1199 1214 1215 1213 1199 1215 1216 1201 1217 1214 1199 1216 1218 1219 1220 1216 1199 1201 1150 1221 1201 1201 1202 1150 1174 1148 1222 1203 1195 1150 1223 1224 1148 1225 1133 1226 1153 1144 1227 1142 1228 1229 1230 1120 1231 1143 1232 1233 1142 1136 1143 1234 1235 1236 1237 1238 1232 1239 1212 1240 1119 1241 1120 1242 1120 1241 1119 1243 1241 1244 1241 1243 1119 1172 1243 1119 1245 1246 1209 1119 1246 1119 1247 1248 1245 1119 1248 1247 1119 1188 1249 1190 1250 1251 1184 1119 1252 1190 1253 1191 1190 1254 1190 1255 1256 1254 1190 1256 1252 1250 1190 1255 1190 1249 1190 1251 1253 1251 1190 1184 1257 1258 1259 1153 1260 1257 1258 1257 1260 1261 1262 1153 1153 1262 1260 1153 1152 1263 1153 1263 1261 1153 1264 1265 1154 1153 1265 1266 1264 1133 1153 1133 1264 1267 1268 1133 1133 1268 1266 1133 1225 1269 1133 1269 1267 1133 1270 1271 1226 1133 1271 1272 1270 1129 1133 1129 1270 1273 1272 1129 1274 1275 1129 1129 1275 1273 1276 1129 1277 1278 1279 1129 1129 1279 1274 1280 1281 1129 1129 1281 1278 1282 1283 1129 1129 1283 1280 1129 1276 1282 1284 1277 1257 1129 1257 1277 1285 1286 1257 1257 1286 1284 1287 1288 1257 1257 1288 1285 1289 1290 1257 1257 1290 1287 1259 1291 1257 1257 1291 1289 1292 1141 1293 1294 1220 1295 1220 1296 1141 1293 1141 1296 1297 1298 1220 1220 1298 1296 1299 1300 1220 1220 1300 1297 1301 1302 1220 1220 1302 1299 1220 1219 1303 1220 1303 1301 1304 1220 1294 1218 1220 1304 1305 1306 1307 1307 1295 1220 1308 1309 1310 1311 1310 1309 1308 1312 1313 1312 1308 1310 1314 1313 1315 1316 1317 1318 1307 1220 1319 1320 1153 1321 1227 1322 1153 1323 1324 1153 1325 1326 1144 1144 1326 1227 1327 1328 1144 1144 1328 1325 1329 1330 1144 1144 1330 1327 1331 1332 1144 1144 1332 1329 1333 1334 1144 1144 1334 1331 1335 1336 1144 1144 1336 1333 1141 1292 1145 1144 1145 1335 1337 1338 1148 1339 1340 1341 1342 1343 1148 1148 1343 1146 1148 1338 1344 1148 1344 1342 1148 1339 1345 1337 1148 1345 1148 1340 1339 1340 1346 1347 1341 1340 1347 1128 1348 1349 1350 1346 1128 1340 1128 1346 1351 1352 1128 1128 1352 1350 1353 1354 1128 1128 1354 1351 1355 1356 1128 1128 1356 1353 1128 1357 1355 1358 1359 1128 1128 1359 1357 1128 1349 1358 1127 1360 1128 1348 1128 1360 1361 1362 1127 1127 1362 1360 1363 1364 1127 1127 1364 1361 1127 1365 1366 1367 1368 1127 1127 1368 1363 1127 1366 1367 1148 1369 1127 1365 1127 1369 1370 1371 1148 1148 1371 1369 1372 1373 1148 1148 1373 1370 1147 1372 1148 1168 1374 1375 1376 1377 1378 1164 1379 1161 1162 1161 1379 1380 1381 1164 1164 1381 1379 1382 1383 1164 1164 1383 1380 1164 1166 1382 1164 1384 1385 1165 1164 1385 1168 1375 1384 1164 1168 1384 1168 1386 1387 1374 1168 1387 1388 1389 1174 1386 1168 1167 1390 1169 1378 1168 1378 1169 1391 1392 1378 1378 1392 1390 1393 1394 1378 1378 1394 1391 1378 1377 1395 1378 1395 1393 1378 1396 1397 1376 1378 1397 1174 1389 1396 1378 1174 1396 1161 1398 1174 1388 1174 1398 1399 1400 1161 1161 1400 1398 1401 1402 1161 1161 1402 1399 1403 1404 1161 1161 1404 1401 1405 1406 1161 1161 1406 1403 1163 1405 1161 1407 1408 1409 1407 1410 1411 1408 1407 1411 1412 1410 1131 1407 1131 1410 1131 1130 1413 1131 1413 1412 1131 1414 1415 1132 1131 1415 1416 1414 1123 1131 1123 1414 1417 1418 1123 1123 1418 1416 1123 1122 1419 1123 1419 1417 1123 1420 1421 1121 1123 1421 1422 1420 1126 1123 1126 1420 1423 1422 1126 1134 1126 1424 1126 1135 1423 1126 1425 1426 1424 1126 1426 1126 1427 1428 1425 1126 1428 1429 1430 1125 1126 1431 1432 1427 1126 1432 1433 1431 1125 1126 1125 1431 1125 1430 1433 1434 1429 1407 1125 1407 1429 1435 1436 1407 1407 1436 1434 1437 1438 1407 1407 1438 1435 1409 1439 1407 1407 1439 1437 1440 1212 1441 1136 1442 1443 1137 1136 1443 1136 1444 1445 1442 1136 1445 1136 1446 1447 1444 1136 1447 1236 1448 1136 1446 1136 1448 1236 1235 1449 1236 1449 1448 1450 1234 1212 1236 1212 1234 1212 1440 1451 1212 1451 1450 1212 1452 1453 1441 1212 1453 1454 1212 1239 1452 1212 1454 1240 1455 1239 1240 1456 1457 1455 1240 1457 1240 1458 1459 1456 1240 1459 1232 1460 1240 1458 1240 1460 1461 1462 1232 1232 1462 1460 1237 1232 1463 1232 1238 1461 1143 1136 1464 1232 1465 1466 1463 1232 1466 1232 1143 1464 1465 1232 1464 1467 1468 1136 1136 1468 1464 1469 1470 1136 1136 1470 1467 1138 1469 1136 1212 1471 1472 1473 1120 1474 1475 1476 1212 1212 1476 1477 1212 1472 1475 1212 1478 1479 1471 1212 1479 1478 1212 1211 1125 1480 1210 1210 1212 1125 1481 1480 1119 1125 1119 1480 1482 1483 1119 1119 1483 1481 1119 1118 1482 1484 1485 1120 1120 1485 1118 1486 1487 1120 1120 1487 1484 1488 1489 1120 1120 1489 1486 1490 1474 1240 1491 1492 1120 1120 1492 1488 1493 1494 1120 1120 1494 1491 1120 1230 1495 1120 1495 1493 1496 1120 1473 1231 1120 1496 1474 1497 1498 1473 1474 1498 1497 1474 1490 1212 1499 1240 1490 1240 1499 1500 1501 1212 1212 1501 1499 1502 1503 1212 1212 1503 1500 1477 1504 1212 1212 1504 1502 1150 1149 1194 1197 1505 1186 1197 1186 1150 1158 1160 1505 1186 1505 1160 1506 1159 1183 1507 1506 1508 1183 1508 1506 1509 1181 1507 1509 1507 1508 1174 1222 1507 1181 1174 1507 1510 1511 1148 1148 1511 1222 1512 1513 1148 1148 1513 1510 1224 1514 1148 1148 1514 1512 1223 1148 1515 1148 1516 1515 1127 1150 1517 1148 1518 1519 1516 1148 1519 1148 1520 1521 1518 1148 1521 1148 1522 1523 1520 1148 1523 1524 1522 1127 1148 1127 1522 1127 1517 1525 1127 1525 1524 1526 1527 1150 1150 1527 1517 1528 1529 1150 1150 1529 1526 1530 1531 1150 1150 1531 1528 1532 1533 1150 1150 1533 1530 1193 1532 1150 1534 1535 1144 1536 1537 1538 1141 1539 1142 1228 1142 1539 1540 1541 1141 1141 1541 1539 1542 1543 1141 1141 1543 1540 1141 1140 1542 1141 1544 1545 1139 1141 1545 1546 1544 1144 1141 1144 1544 1144 1535 1547 1144 1547 1546 1144 1548 1549 1534 1144 1549 1536 1550 1144 1548 1144 1550 1536 1551 1552 1536 1538 1550 1553 1554 1536 1536 1554 1537 1555 1556 1536 1536 1556 1553 1557 1558 1536 1536 1558 1555 1536 1552 1559 1536 1559 1557 1560 1551 1142 1536 1142 1551 1561 1562 1142 1142 1562 1560 1563 1564 1142 1142 1564 1561 1565 1566 1142 1142 1566 1563 1567 1568 1142 1142 1568 1565 1229 1567 1142 1306 1311 1309 1569 1570 1571 1572 1573 1133 1319 1305 1307 1311 1306 1305 1574 1319 1575 1220 1575 1319 1576 1577 1575 1575 1577 1574 1575 1578 1579 1580 1581 1575 1575 1581 1576 1582 1583 1575 1575 1583 1580 1575 1579 1584 1575 1584 1582 1575 1585 1586 1578 1575 1586 1133 1587 1575 1585 1575 1587 1133 1573 1587 1133 1588 1572 1589 1588 1153 1133 1153 1588 1590 1591 1153 1153 1591 1589 1592 1593 1153 1153 1593 1590 1594 1595 1153 1153 1595 1592 1321 1153 1596 1153 1324 1594 1153 1320 1323 1322 1227 1316 1322 1596 1153 1318 1317 1570 1322 1316 1318 1571 1314 1569 1317 1571 1570 1313 1312 1315 1314 1315 1569 1597 1598 1599 1600 1601 1602 1603 1604 1605 1606 1599 1605 1607 1608 1609 1610 1611 1609 1612 1613 1614 1615 1616 1612 1617 1618 1619 1620 1621 1622 1623 1624 1625 1626 1625 1624 1627 1628 1629 1623 1628 1630 1631 1632 1629 1633 1634 1635 1635 1636 1633 1637 1626 1617 1633 1638 1634 1620 1613 1621 1618 1622 1619 1632 1631 1635 1635 1631 1636 1627 1629 1632 1630 1624 1623 1630 1628 1627 1637 1625 1626 1637 1617 1619 1620 1622 1618 1612 1614 1615 1613 1620 1614 1616 1615 1608 1607 1609 1611 1616 1608 1607 1611 1610 1603 1604 1606 1605 1610 1604 1603 1606 1597 1599 1602 1639 1598 1597 1602 1598 1601 1639 1602 1600 1640 1601 1641 1642 1643 1641 1644 1642 1645 1646 1647 1645 1648 1646 1649 1650 1651 1650 1649 1652 1653 1654 1655 1654 1653 1656 1657 1658 1659 1660 1658 1661 1658 1660 1659 1662 1663 1657 1664 1657 1663 1659 1665 1666 1667 1662 1666 1667 1668 1662 1657 1659 1662 1659 1666 1662 1669 1670 1671 1672 1673 1674 1675 1676 1677 1678 1672 1679 1680 1681 1672 1680 1672 1674 1682 1679 1672 1682 1672 1681 1683 1677 1672 1678 1683 1672 1684 1685 1677 1684 1677 1683 1686 1687 1688 1669 1689 1686 1690 1686 1691 1686 1692 1693 1694 1692 1686 1691 1686 1693 1694 1686 1688 1685 1689 1669 1687 1686 1689 1669 1677 1685 1675 1669 1671 1677 1669 1675 1695 1696 1697 1697 1698 1695 1699 1700 1701 1701 1702 1699 1703 1704 1705 1705 1706 1703 1707 1708 1709 1707 1709 1710 1711 1712 1713 1711 1713 1714 1715 1716 1717 1717 1718 1715 1719 1720 1721 1721 1722 1719 1723 1724 1725 1726 1727 1728 1729 1730 1731 1732 1733 1734 1735 1736 1737 1738 1739 1740 1741 1742 1733 1743 1738 1740 1744 1741 1745 1727 1746 1747 1748 1749 1750 1732 1749 1733 1751 1752 1753 1752 1754 1753 1727 1737 1746 1751 1748 1750 1751 1753 1748 1749 1748 1733 1733 1742 1734 1741 1744 1742 1739 1745 1740 1745 1739 1744 1736 1735 1755 1756 1727 1757 1736 1758 1737 1743 1759 1760 1760 1738 1743 1759 1761 1762 1760 1759 1762 1763 1761 1756 1759 1756 1761 1764 1765 1756 1756 1765 1763 1766 1767 1756 1756 1767 1764 1756 1757 1766 1727 1726 1768 1727 1768 1757 1728 1727 1747 1758 1746 1737 1755 1729 1731 1729 1755 1735 1769 1731 1730 1770 1725 1769 1769 1730 1770 1771 1772 1773 1724 1723 1774 1770 1723 1725 1773 1775 1723 1774 1723 1775 1773 1772 1775 1776 1771 1777 1773 1777 1771 1777 1778 1776 1779 1780 1781 1782 1783 1784 1785 1786 1787 1788 1789 1790 1791 1792 1793 1794 1795 1796 1797 1798 1789 1799 1794 1796 1800 1797 1801 1783 1802 1803 1804 1805 1806 1788 1805 1789 1807 1808 1809 1808 1810 1809 1783 1793 1802 1807 1804 1806 1807 1809 1804 1805 1804 1789 1789 1798 1790 1797 1800 1798 1795 1801 1796 1801 1795 1800 1792 1791 1811 1812 1783 1813 1792 1814 1793 1799 1815 1816 1816 1794 1799 1815 1817 1818 1816 1815 1818 1819 1817 1812 1815 1812 1817 1820 1821 1812 1812 1821 1819 1822 1823 1812 1812 1823 1820 1812 1813 1822 1783 1782 1824 1783 1824 1813 1784 1783 1803 1814 1802 1793 1811 1785 1787 1785 1811 1791 1825 1787 1786 1826 1781 1825 1825 1786 1826 1827 1828 1829 1780 1779 1830 1826 1779 1781 1829 1831 1779 1830 1779 1831 1829 1828 1831 1832 1827 1833 1829 1833 1827 1833 1834 1832 1835 1836 1837 1838 1839 1840 1841 1842 1843 1844 1845 1846 1847 1848 1849 1850 1851 1852 1853 1854 1845 1855 1850 1852 1856 1853 1857 1839 1858 1859 1860 1861 1862 1844 1861 1845 1863 1864 1865 1864 1866 1865 1839 1849 1858 1863 1860 1862 1863 1865 1860 1861 1860 1845 1845 1854 1846 1853 1856 1854 1851 1857 1852 1857 1851 1856 1848 1847 1867 1868 1839 1869 1848 1870 1849 1855 1871 1872 1872 1850 1855 1871 1873 1874 1872 1871 1874 1875 1873 1868 1871 1868 1873 1876 1877 1868 1868 1877 1875 1878 1879 1868 1868 1879 1876 1868 1869 1878 1839 1838 1880 1839 1880 1869 1840 1839 1859 1870 1858 1849 1867 1841 1843 1841 1867 1847 1881 1843 1842 1882 1837 1881 1881 1842 1882 1883 1884 1885 1836 1835 1886 1882 1835 1837 1885 1887 1835 1886 1835 1887 1885 1884 1887 1888 1883 1889 1885 1889 1883 1889 1890 1888 1891 1892 1893 1891 1894 1892 1895 1896 1897 1897 1898 1895 1899 1900 1901 1899 1902 1900 1903 1904 1905 1905 1906 1903 1907 1908 1909 1909 1910 1907 1911 1912 1913 1911 1914 1912 1915 1916 1917 1915 1918 1916 1919 1920 1921 1919 1922 1920 1923 1924 1925 1923 1926 1927 1925 1926 1923 1928 1929 1930 1928 1931 1932 1929 1928 1932 1933 1934 1935 1933 1936 1934 1937 1938 1939 1939 1940 1937 1941 1942 1943 1942 1941 1944 1945 1946 1947 1946 1945 1948 1949 1950 1951 1949 1951 1952 1953 1954 1955 1955 1956 1953 1957 1958 1959 1957 1960 1958 1961 1962 1963 1964 1961 1965 1961 1964 1962 1966 1964 1965 1966 1965 1967 1962 1968 1963 1968 1969 1970 1970 1963 1968 1970 1969 1971 1969 1972 1971 1973 1974 1975 1976 1973 1977 1973 1976 1974 1978 1976 1977 1978 1977 1979 1974 1980 1975 1980 1981 1982 1982 1975 1980 1982 1981 1983 1981 1984 1983 1985 1986 1987 1986 1985 1988 1989 1990 1991 1989 1991 1992 1993 1994 1995 1995 1996 1993 1997 1998 1999 1997 2000 1998 2001 2002 2003 2004 2001 2003 2002 2001 2005 2006 2002 2005 2004 2003 2007 2005 2008 2006 2008 2009 2010 2010 2006 2008 2010 2009 2011 2009 2012 2011 2013 2014 2015 2016 2017 2018 2013 2019 2020 2019 2013 2015 2020 2019 2021 2021 2022 2020 2023 2015 2014 2024 2017 2023 2023 2014 2024 2024 2018 2017 2025 2026 2027 2025 2027 2028 2029 2030 2031 2029 2031 2032 2033 2034 2035 2035 2036 2033 2037 2038 2039 2039 2040 2037 2041 2042 2043 2044 2045 2046 2047 2041 2043 2045 2043 2042 2042 2046 2045 2048 2049 2050 2044 2051 2048 2049 2048 2051 2044 2046 2051 2052 2053 2054 2055 2056 2057 2058 2059 2056 2060 2061 2062 2061 2060 2057 2060 2055 2057 2058 2056 2055 2059 2058 2052 2054 2059 2052 2063 2064 2065 2064 2063 2066 2063 2067 2066 2067 2068 2066 2069 2070 2071 2069 2072 2070 2072 2073 2070 2072 2074 2073 2075 2076 2077 2077 2078 2079 2075 2077 2079 2079 2078 2080 2081 2082 2083 2083 2084 2081 2081 2084 2085 2085 2084 2086 2087 2088 2089 2090 2091 2092 2093 2090 2089 2094 2095 2096 2097 2095 2098 2099 2100 2101 2102 2103 2100 2104 2105 2106 2107 2108 2109 2110 2106 2111 2092 2091 2112 2095 2113 2107 2108 2107 2113 2095 2094 2113 2114 2090 2093 2115 2092 2116 2117 2089 2088 2093 2089 2117 2089 2118 2119 2119 2087 2089 2118 2120 2121 2119 2118 2121 2118 2122 2123 2120 2118 2123 2106 2105 2122 2118 2106 2122 2106 2124 2125 2104 2106 2125 2126 2127 2111 2124 2106 2110 2128 2129 2111 2111 2129 2110 2130 2131 2111 2111 2131 2128 2132 2133 2111 2111 2133 2130 2111 2127 2132 2134 2126 2107 2111 2107 2126 2135 2136 2107 2107 2136 2134 2137 2138 2107 2107 2138 2135 2139 2140 2107 2107 2140 2137 2141 2142 2107 2107 2142 2139 2109 2141 2107 2103 2143 2144 2145 2146 2147 2148 2149 2146 2146 2149 2150 2151 2152 2146 2146 2152 2148 2153 2154 2146 2146 2154 2151 2146 2145 2153 2146 2155 2156 2147 2146 2156 2157 2155 2144 2146 2144 2155 2158 2159 2144 2144 2159 2157 2160 2161 2144 2144 2161 2158 2144 2143 2162 2144 2162 2160 2144 2100 2103 2100 2163 2164 2102 2100 2164 2101 2100 2165 2163 2100 2099 2165 2166 2167 2101 2165 2167 2165 2115 2168 2166 2165 2168 2116 2092 2112 2165 2092 2115 2089 2090 2092 2093 2169 2114 2169 2096 2170 2170 2114 2169 2097 2170 2095 2096 2095 2170 2095 2146 2098 2150 2171 2146 2146 2171 2098 2172 2173 2174 2175 2176 2177 2178 2179 2180 2181 2182 2183 2184 2185 2186 2187 2188 2189 2172 2174 2175 2184 2186 2190 2191 2192 2193 2194 2195 2196 2197 2192 2183 2191 2183 2192 2198 2199 2183 2183 2199 2197 2200 2201 2183 2183 2201 2198 2183 2182 2200 2179 2202 2183 2181 2183 2202 2203 2204 2179 2179 2204 2202 2205 2206 2179 2179 2206 2203 2207 2208 2179 2179 2208 2205 2179 2178 2207 2209 2210 2189 2179 2211 2212 2180 2179 2212 2189 2213 2179 2211 2179 2213 2189 2210 2213 2209 2189 2214 2215 2216 2174 2217 2218 2219 2175 2220 2176 2217 2221 2222 2218 2217 2222 2195 2221 2196 2217 2196 2221 2194 2196 2223 2196 2224 2225 2223 2196 2225 2226 2224 2191 2196 2191 2224 2227 2228 2191 2191 2228 2226 2193 2227 2191 2229 2184 2230 2231 2184 2232 2231 2185 2184 2174 2216 2232 2232 2184 2174 2233 2215 2174 2173 2233 2174 2217 2220 2175 2175 2177 2172 2219 2234 2217 2220 2217 2234 2234 2235 2236 2235 2234 2219 2189 2236 2214 2236 2235 2214 2189 2188 2237 2189 2237 2236 2238 2187 2239 2189 2239 2187 2240 2241 2239 2239 2241 2238 2239 2242 2243 2244 2245 2239 2239 2245 2240 2246 2247 2239 2239 2247 2244 2239 2243 2248 2239 2248 2246 2229 2249 2239 2242 2239 2249 2250 2251 2229 2229 2251 2249 2252 2253 2229 2229 2253 2250 2254 2255 2229 2229 2255 2252 2230 2256 2229 2229 2256 2254 2184 2190 2230 2257 2258 2259 2260 2261 2262 2263 2264 2265 2266 2267 2268 2269 2270 2257 2271 2266 2272 2273 2274 2275 2274 2276 2277 2278 2272 2279 2280 2261 2281 2268 2267 2282 2257 2283 2265 2263 2265 2283 2257 2259 2283 2284 2266 2271 2285 2268 2286 2287 2272 2278 2271 2272 2287 2272 2288 2289 2289 2279 2272 2288 2290 2291 2289 2288 2291 2288 2292 2293 2290 2288 2293 2261 2260 2292 2288 2261 2292 2261 2294 2295 2262 2261 2295 2296 2297 2281 2294 2261 2280 2298 2299 2281 2281 2299 2280 2300 2301 2281 2281 2301 2298 2302 2303 2281 2281 2303 2300 2281 2297 2302 2304 2296 2265 2281 2265 2296 2305 2306 2265 2265 2306 2304 2307 2308 2265 2265 2308 2305 2309 2310 2265 2265 2310 2307 2311 2312 2265 2265 2312 2309 2264 2311 2265 2273 2313 2314 2315 2316 2317 2318 2319 2316 2316 2319 2320 2321 2322 2316 2316 2322 2318 2323 2324 2316 2316 2324 2321 2316 2315 2323 2316 2325 2326 2317 2316 2326 2327 2325 2314 2316 2314 2325 2328 2329 2314 2314 2329 2327 2330 2331 2314 2314 2331 2328 2314 2313 2332 2314 2332 2330 2314 2274 2273 2274 2333 2334 2275 2274 2334 2276 2274 2335 2333 2274 2277 2335 2336 2337 2276 2335 2337 2335 2285 2338 2336 2335 2338 2286 2268 2282 2335 2268 2285 2272 2266 2268 2271 2339 2284 2339 2258 2340 2340 2284 2339 2270 2340 2257 2258 2257 2340 2257 2316 2269 2320 2341 2316 2316 2341 2269 2342 2343 2344 2345 2346 2347 2348 2349 2350 2351 2352 2353 2354 2355 2356 2357 2345 2347 2358 2359 2360 2361 2347 2346 2362 2347 2363 2360 2359 2364 2355 2365 2366 2347 2360 2367 2367 2357 2347 2360 2368 2369 2367 2360 2369 2368 2360 2364 2358 2370 2371 2360 2370 2358 2372 2370 2373 2372 2371 2370 2374 2375 2373 2373 2370 2374 2376 2377 2378 2379 2355 2354 2355 2366 2380 2355 2380 2342 2381 2365 2382 2355 2382 2365 2383 2384 2382 2382 2384 2381 2382 2385 2386 2387 2388 2382 2382 2388 2383 2389 2390 2382 2382 2390 2387 2382 2386 2391 2382 2391 2389 2362 2392 2382 2385 2382 2392 2393 2394 2362 2362 2394 2392 2395 2396 2362 2362 2396 2393 2397 2398 2362 2362 2398 2395 2363 2399 2362 2362 2399 2397 2347 2361 2363 2400 2401 2402 2403 2343 2375 2404 2348 2352 2350 2352 2348 2405 2406 2352 2352 2406 2404 2407 2408 2352 2352 2408 2405 2352 2351 2407 2378 2409 2352 2353 2352 2409 2410 2411 2378 2378 2411 2409 2412 2413 2378 2378 2413 2410 2414 2415 2378 2378 2415 2412 2378 2377 2414 2378 2416 2417 2376 2378 2417 2378 2355 2379 2416 2378 2379 2344 2355 2342 2344 2356 2355 2343 2342 2375 2374 2418 2403 2403 2375 2374 2374 2419 2420 2418 2374 2420 2401 2419 2402 2374 2402 2419 2400 2402 2421 2402 2422 2423 2421 2402 2423 2424 2422 2350 2402 2350 2422 2425 2426 2350 2350 2426 2424 2349 2425 2350 2427 2428 2429 2430 2431 2432 2433 2434 2435 2436 2437 2438 2439 2440 2441 2442 2443 2444 2445 2446 2447 2448 2449 2450 2451 2452 2453 2454 2455 2456 2457 2458 2459 2460 2461 2462 2463 2464 2465 2466 2467 2468 2469 2470 2471 2472 2473 2474 2475 2476 2477 2478 2479 2480 2481 2482 2483 2484 2482 2485 2481 2486 2487 2486 2481 2483 2488 2489 2487 2487 2486 2488 2490 2489 2491 2488 2491 2489 2490 2492 2493 2492 2490 2491 2494 2495 2493 2493 2492 2494 2496 2495 2497 2494 2497 2495 2496 2498 2499 2498 2496 2497 2500 2501 2499 2499 2498 2500 2483 2482 2484 2500 2502 2501 2477 2484 2485 2475 2478 2476 2485 2475 2477 2479 2470 2480 2478 2480 2476 2474 2469 2471 2471 2470 2479 2463 2473 2472 2473 2469 2474 2465 2464 2467 2463 2472 2464 2466 2468 2459 2465 2467 2466 2457 2460 2458 2468 2457 2459 2461 2452 2462 2460 2462 2458 2456 2451 2453 2453 2452 2461 2445 2455 2454 2455 2451 2456 2447 2446 2449 2445 2454 2446 2448 2450 2441 2447 2449 2448 2439 2442 2440 2450 2439 2441 2443 2434 2444 2442 2444 2440 2436 2433 2435 2435 2434 2443 2429 2438 2437 2438 2433 2436 2428 2427 2431 2429 2437 2427 2431 2430 2428 2503 2504 2505 2503 2505 2506 2507 2508 2509 2507 2510 2508 2511 2512 2513 2514 2515 2516 2517 2518 2519 2520 2521 2522 2523 2524 2525 2526 2527 2528 2529 2530 2531 2532 2533 2534 2535 2536 2537 2538 2539 2540 2541 2542 2543 2544 2545 2546 2547 2548 2549 2550 2551 2552 2553 2554 2555 2556 2557 2558 2559 2560 2561 2562 2563 2564 2565 2566 2567 2568 2566 2569 2565 2570 2571 2570 2565 2567 2572 2573 2571 2571 2570 2572 2574 2573 2575 2572 2575 2573 2574 2576 2577 2576 2574 2575 2578 2579 2577 2577 2576 2578 2580 2579 2581 2578 2581 2579 2580 2582 2583 2582 2580 2581 2584 2585 2583 2583 2582 2584 2567 2566 2568 2584 2586 2585 2561 2568 2569 2559 2562 2560 2569 2559 2561 2563 2554 2564 2562 2564 2560 2558 2553 2555 2555 2554 2563 2547 2557 2556 2557 2553 2558 2549 2548 2551 2547 2556 2548 2550 2552 2543 2549 2551 2550 2541 2544 2542 2552 2541 2543 2545 2536 2546 2544 2546 2542 2540 2535 2537 2537 2536 2545 2529 2539 2538 2539 2535 2540 2531 2530 2533 2529 2538 2530 2532 2534 2525 2531 2533 2532 2523 2526 2524 2534 2523 2525 2527 2518 2528 2526 2528 2524 2520 2517 2519 2519 2518 2527 2513 2522 2521 2522 2517 2520 2512 2511 2515 2513 2521 2511 2515 2514 2512 2587 2588 2589 2587 2589 2590 2591 2592 2593 2591 2594 2592 2595 2596 2597 2598 2599 2600 2601 2602 2603 2604 2605 2606 2607 2608 2609 2610 2611 2612 2613 2614 2615 2616 2617 2618 2619 2620 2621 2622 2623 2624 2625 2626 2627 2628 2629 2630 2631 2632 2633 2634 2635 2636 2637 2638 2639 2640 2641 2642 2643 2644 2645 2646 2647 2648 2649 2650 2651 2652 2650 2653 2649 2654 2655 2654 2649 2651 2656 2657 2655 2655 2654 2656 2658 2657 2659 2656 2659 2657 2658 2660 2661 2660 2658 2659 2662 2663 2661 2661 2660 2662 2664 2663 2665 2662 2665 2663 2664 2666 2667 2666 2664 2665 2668 2669 2667 2667 2666 2668 2652 2653 2645 2668 2670 2669 2650 2652 2651 2646 2644 2643 2643 2645 2653 2638 2648 2647 2648 2644 2646 2637 2639 2642 2638 2647 2639 2641 2640 2631 2637 2642 2641 2632 2635 2633 2640 2632 2631 2636 2627 2634 2635 2634 2633 2628 2626 2625 2625 2627 2636 2620 2630 2629 2630 2626 2628 2619 2621 2624 2620 2629 2621 2623 2622 2613 2619 2624 2623 2614 2617 2615 2622 2614 2613 2618 2609 2616 2617 2616 2615 2610 2608 2607 2607 2609 2618 2602 2612 2611 2612 2608 2610 2601 2603 2604 2602 2611 2603 2606 2605 2597 2601 2604 2606 2595 2599 2596 2605 2595 2597 2598 2596 2599 2671 2672 2673 2671 2673 2674 2675 2676 2677 2675 2678 2676 2679 2680 2681 2682 2683 2684 2685 2686 2687 2688 2689 2690 2691 2692 2693 2694 2695 2696 2697 2698 2699 2700 2701 2702 2703 2704 2705 2706 2707 2708 2709 2710 2711 2712 2713 2714 2715 2716 2717 2718 2719 2720 2721 2722 2723 2724 2725 2726 2727 2728 2729 2730 2731 2732 2733 2734 2735 2736 2737 2738 2738 2732 2736 2739 2740 2737 2738 2737 2740 2741 2739 2742 2739 2741 2740 2742 2743 2744 2744 2741 2742 2745 2746 2743 2744 2743 2746 2747 2745 2748 2745 2747 2746 2748 2749 2750 2750 2747 2748 2751 2752 2749 2750 2749 2752 2753 2751 2681 2751 2753 2752 2680 2753 2681 2735 2731 2730 2732 2731 2736 2725 2734 2733 2733 2735 2730 2728 2724 2726 2724 2734 2725 2727 2729 2718 2728 2726 2729 2720 2719 2721 2727 2718 2720 2722 2714 2723 2719 2722 2721 2712 2717 2713 2714 2713 2723 2707 2716 2715 2715 2717 2712 2710 2706 2708 2706 2716 2707 2709 2711 2700 2710 2708 2711 2702 2701 2703 2709 2700 2702 2704 2696 2705 2701 2704 2703 2694 2699 2695 2696 2695 2705 2689 2698 2697 2697 2699 2694 2692 2688 2690 2688 2698 2689 2691 2693 2682 2692 2690 2693 2684 2683 2687 2691 2682 2684 2685 2679 2686 2683 2685 2687 2681 2686 2679 2754 2755 2756 2757 2758 2759 2757 2754 2756 2759 2758 2760 2761 2762 2763 2764 2760 2765 2766 2767 2763 2763 2762 2766 2768 2767 2769 2766 2769 2767 2768 2770 2771 2770 2768 2769 2772 2773 2771 2771 2770 2772 2774 2773 2775 2772 2775 2773 2774 2776 2777 2776 2774 2775 2777 2776 2778 2777 2778 2779 2761 2780 2762 2781 2780 2782 2761 2782 2780 2781 2783 2784 2783 2781 2782 2785 2765 2784 2784 2783 2785 2764 2759 2760 2785 2764 2765 2756 2758 2757 2786 2755 2754 2787 2788 2786 2755 2786 2788 2789 2787 2790 2787 2789 2788 2790 2791 2792 2792 2789 2790 2792 2791 2793 2791 2794 2793 2795 2796 2797 2798 2799 2800 2801 2795 2802 2803 2804 2805 2805 2806 2803 2805 2804 2807 2808 2809 2807 2807 2804 2808 2810 2811 2812 2813 2809 2808 2814 2815 2816 2817 2818 2819 2820 2817 2821 2816 2822 2817 2798 2823 2799 2824 2800 2819 2825 2797 2826 2827 2828 2829 2830 2831 2832 2833 2825 2834 2835 2836 2837 2838 2839 2840 2801 2802 2806 2802 2803 2806 2796 2795 2801 2826 2797 2796 2834 2825 2826 2833 2841 2842 2841 2833 2834 2842 2831 2830 2841 2831 2842 2830 2843 2844 2832 2843 2830 2845 2840 2844 2830 2844 2840 2846 2840 2847 2840 2845 2847 2840 2846 2838 2840 2848 2849 2839 2848 2840 2850 2816 2849 2840 2849 2816 2851 2816 2852 2816 2850 2852 2816 2851 2814 2815 2822 2816 2822 2821 2817 2818 2817 2820 2824 2819 2818 2798 2800 2824 2853 2799 2823 2853 2810 2812 2810 2853 2823 2811 2827 2812 2828 2837 2829 2811 2828 2827 2836 2835 2813 2829 2837 2836 2809 2813 2835 2854 2855 2856 2857 2858 2859 2857 2856 2860 2858 2857 2860 2857 2854 2856 2854 2861 2855 2862 2863 2864 2865 2866 2867 2865 2867 2868 2868 2863 2862 2866 2865 2869 2865 2868 2862 2870 2871 2872 2872 2873 2874 2874 2870 2872 2873 2875 2874 2876 2877 2875 2875 2873 2876 2878 2879 2880 2879 2877 2876 2879 2881 2880 2881 2882 2880 2883 2877 2878 2879 2878 2877 2883 2878 2884 2885 2886 2887 2888 2889 2890 2891 2892 2893 2894 2895 2886 2891 2893 2896 2889 2897 2898 2890 2889 2898 2899 2897 2891 2889 2891 2897 2891 2896 2899 2900 2892 2891 2901 2902 2903 2900 2891 2901 2901 2891 2904 2904 2902 2901 2886 2905 2891 2904 2891 2905 2895 2906 2886 2886 2906 2905 2887 2886 2907 2886 2885 2894 2907 2908 2909 2887 2907 2909 2908 2907 2910 2911 2912 2913 2911 2913 2914 2914 2913 2915 2916 2917 2918 2916 2919 2920 2916 2920 2917 2921 2922 2923 2921 2923 2924 2925 2926 2927 2925 2927 2928 2929 2925 2928 2930 2931 2929 2932 2929 2928 2932 2930 2929 2933 2925 2929 2934 2935 2936 2934 2936 2937 2938 2939 2940 2939 2938 2941 2942 2943 2944 2944 2945 2946 2944 2947 2942 2946 2947 2944 2948 2947 2946 2946 2949 2948 2949 2946 2950 2951 2952 2953 2954 2955 2956 2957 2958 2959 2960 2952 2961 2962 2951 2963 2964 2962 2965 2966 2964 2967 2968 2969 2961 2966 2970 2971 2972 2968 2973 2974 2975 2971 2976 2977 2974 2978 2979 2980 2979 2981 2982 2981 2983 2984 2985 2986 2987 2955 2988 2983 2989 2990 2991 2992 2993 2957 2994 2995 2996 2997 2998 2999 3000 3001 3002 3003 3004 3005 3006 3007 3000 3008 3006 3009 3010 3003 3011 3009 3010 3012 2977 2976 3013 3005 3014 3015 2994 2996 3016 2994 2957 2995 3015 3017 2998 3018 2997 3019 2993 2995 2957 3020 3018 3021 2957 3022 2958 2956 3020 3023 2957 2959 2992 3024 3025 3026 3001 3016 3002 3016 2996 3002 3007 3001 3000 3008 3007 3006 3012 3008 3009 3011 3012 3010 3004 3003 3010 3014 3005 3004 3017 3015 3014 2999 2998 3017 3019 2997 2999 3021 3018 3019 3023 3020 3021 2954 2956 3023 2988 2955 2954 2984 2983 2988 2982 2981 2984 2980 2979 2982 3027 2978 2980 2972 2973 3027 2973 2978 3027 2969 2968 2972 2960 2961 2969 2953 2952 2960 2963 2951 2953 2965 2962 2963 2967 2964 2965 2970 2966 2967 2974 2971 2970 2974 2977 2975 3013 2986 2985 2986 3013 2976 2987 2991 2985 2989 3024 2990 2987 2989 2991 3026 3025 2959 2990 3024 3026 2992 2959 3028 2959 3025 3028 3029 3030 3031 3032 3033 3034 3035 3036 3037 3038 3039 3040 3041 3042 3043 3044 3045 3046 3047 3048 3049 3050 3051 3052 3053 3054 3055 3056 3057 3058 3059 3060 3061 3062 3063 3064 3065 3066 3067 3068 3069 3070 3071 3072 3073 3074 3075 3076 3077 3078 3079 3080 3081 3082 3083 3084 3085 3086 3087 3088 3088 3082 3086 3089 3090 3087 3088 3087 3090 3091 3089 3092 3089 3091 3090 3092 3093 3094 3094 3091 3092 3095 3096 3093 3094 3093 3096 3097 3095 3098 3095 3097 3096 3098 3099 3100 3100 3097 3098 3101 3102 3099 3100 3099 3102 3103 3101 3031 3101 3103 3102 3030 3103 3031 3085 3081 3080 3082 3081 3086 3075 3084 3083 3083 3085 3080 3078 3074 3076 3074 3084 3075 3077 3079 3068 3078 3076 3079 3070 3069 3071 3077 3068 3070 3072 3064 3073 3069 3072 3071 3062 3067 3063 3064 3063 3073 3057 3066 3065 3065 3067 3062 3060 3056 3058 3056 3066 3057 3059 3061 3050 3060 3058 3061 3052 3051 3053 3059 3050 3052 3054 3046 3055 3051 3054 3053 3044 3049 3045 3046 3045 3055 3039 3048 3047 3047 3049 3044 3042 3038 3040 3038 3048 3039 3041 3043 3032 3042 3040 3043 3034 3033 3037 3041 3032 3034 3035 3029 3036 3033 3035 3037 3031 3036 3029 3104 3105 3106 3106 3105 3107 3108 3109 3110 3111 3104 3112 3113 3114 3115 3116 3117 3118 3119 3120 3121 3122 3123 3124 3125 3126 3127 3128 3129 3130 3131 3132 3133 3134 3133 3135 3136 3131 3137 3131 3136 3132 3137 3138 3139 3139 3136 3137 3140 3141 3138 3139 3138 3141 3142 3140 3143 3140 3142 3141 3125 3134 3135 3133 3132 3135 3127 3126 3128 3134 3125 3127 3129 3121 3130 3126 3129 3128 3119 3124 3120 3121 3120 3130 3114 3123 3122 3122 3124 3119 3117 3113 3115 3113 3123 3114 3116 3118 3108 3117 3115 3118 3110 3109 3112 3116 3108 3110 3111 3105 3104 3109 3111 3112 3106 3144 3104 3145 3146 3147 3148 3149 3150 3151 3152 3153 3151 3145 3147 3153 3152 3154 3155 3156 3157 3158 3154 3159 3160 3161 3157 3157 3156 3160 3162 3161 3163 3160 3163 3161 3162 3164 3165 3164 3162 3163 3166 3167 3165 3165 3164 3166 3168 3167 3169 3166 3169 3167 3168 3170 3171 3170 3168 3169 3171 3170 3172 3172 3173 3171 3174 3156 3155 3175 3174 3176 3155 3176 3174 3175 3177 3178 3177 3175 3176 3179 3159 3178 3178 3177 3179 3158 3153 3154 3179 3158 3159 3147 3152 3151 3180 3146 3145 3181 3182 3180 3146 3180 3182 3183 3181 3184 3181 3183 3182 3184 3150 3185 3185 3183 3184 3185 3150 3149 3186 3187 3188 3189 3190 3191 3192 3186 3193 3194 3195 3196 3196 3197 3194 3196 3195 3198 3199 3200 3198 3198 3195 3199 3201 3202 3203 3204 3200 3199 3205 3206 3207 3208 3209 3210 3211 3208 3212 3207 3213 3208 3189 3214 3190 3215 3191 3210 3216 3188 3217 3218 3219 3220 3221 3222 3223 3224 3216 3225 3226 3227 3228 3229 3230 3231 3192 3193 3197 3193 3194 3197 3187 3186 3192 3217 3188 3187 3225 3216 3217 3224 3232 3233 3232 3224 3225 3233 3222 3221 3232 3222 3233 3221 3234 3235 3223 3234 3221 3236 3231 3235 3221 3235 3231 3237 3231 3238 3231 3236 3238 3231 3237 3229 3231 3239 3240 3230 3239 3231 3241 3207 3240 3231 3240 3207 3242 3207 3243 3207 3241 3243 3207 3242 3205 3206 3213 3207 3213 3212 3208 3209 3208 3211 3215 3210 3209 3189 3191 3215 3244 3190 3214 3244 3201 3203 3201 3244 3214 3202 3218 3203 3219 3228 3220 3202 3219 3218 3227 3226 3204 3220 3228 3227 3200 3204 3226 3245 3246 3247 3248 3249 3250 3248 3247 3251 3249 3248 3251 3248 3245 3247 3245 3252 3246 3253 3254 3255 3256 3257 3258 3256 3258 3259 3259 3254 3253 3257 3256 3260 3256 3259 3253 3261 3262 3263 3263 3264 3265 3265 3261 3263 3264 3266 3265 3267 3268 3266 3266 3264 3267 3269 3270 3271 3270 3268 3267 3270 3272 3271 3272 3273 3271 3274 3268 3269 3270 3269 3268 3274 3269 3275 3276 3277 3278 3279 3280 3281 3282 3283 3284 3285 3286 3277 3282 3284 3287 3280 3288 3289 3281 3280 3289 3290 3288 3282 3280 3282 3288 3282 3287 3290 3291 3283 3282 3292 3293 3294 3291 3282 3292 3292 3282 3295 3295 3293 3292 3277 3296 3282 3295 3282 3296 3286 3297 3277 3277 3297 3296 3278 3277 3298 3277 3276 3285 3298 3299 3300 3278 3298 3300 3299 3298 3301 3302 3303 3304 3302 3304 3305 3305 3304 3306 3307 3308 3309 3307 3310 3311 3307 3311 3308 3312 3313 3314 3312 3314 3315 3316 3317 3318 3316 3318 3319 3320 3316 3319 3321 3322 3320 3323 3320 3319 3323 3321 3320 3324 3316 3320 3325 3326 3327 3325 3327 3328 3329 3330 3331 3330 3329 3332 3333 3334 3335 3335 3336 3337 3335 3338 3333 3337 3338 3335 3339 3338 3337 3337 3340 3339 3340 3337 3341 3342 3343 3344 3345 3346 3347 3348 3349 3350 3351 3343 3352 3353 3342 3354 3355 3353 3356 3357 3355 3358 3359 3360 3352 3357 3361 3362 3363 3359 3364 3365 3366 3362 3367 3368 3365 3369 3370 3371 3370 3372 3373 3372 3374 3375 3376 3377 3378 3346 3379 3374 3380 3381 3382 3383 3384 3348 3385 3386 3387 3388 3389 3390 3391 3392 3393 3394 3395 3396 3397 3398 3391 3399 3397 3400 3401 3394 3402 3400 3401 3403 3368 3367 3404 3396 3405 3406 3385 3387 3407 3385 3348 3386 3406 3408 3389 3409 3388 3410 3384 3386 3348 3411 3409 3412 3348 3413 3349 3347 3411 3414 3348 3350 3383 3415 3416 3417 3392 3407 3393 3407 3387 3393 3398 3392 3391 3399 3398 3397 3403 3399 3400 3402 3403 3401 3395 3394 3401 3405 3396 3395 3408 3406 3405 3390 3389 3408 3410 3388 3390 3412 3409 3410 3414 3411 3412 3345 3347 3414 3379 3346 3345 3375 3374 3379 3373 3372 3375 3371 3370 3373 3418 3369 3371 3363 3364 3418 3364 3369 3418 3360 3359 3363 3351 3352 3360 3344 3343 3351 3354 3342 3344 3356 3353 3354 3358 3355 3356 3361 3357 3358 3365 3362 3361 3365 3368 3366 3404 3377 3376 3377 3404 3367 3378 3382 3376 3380 3415 3381 3378 3380 3382 3417 3416 3350 3381 3415 3417 3383 3350 3419 3350 3416 3419 3420 3421 3422 3423 3424 3425 3426 3427 3428 3429 3430 3431 3432 3433 3434 3435 3436 3437 3438 3439 3440 3441 3442 3443 3444 3445 3446 3447 3448 3449 3450 3451 3452 3453 3454 3455 3456 3457 3458 3459 3460 3461 3462 3463 3464 3465 3466 3467 3468 3469 3470 3471 3472 3473 3474 3475 3476 3477 3478 3479 3479 3473 3477 3480 3481 3478 3479 3478 3481 3482 3480 3483 3480 3482 3481 3483 3484 3485 3485 3482 3483 3486 3487 3484 3485 3484 3487 3488 3486 3489 3486 3488 3487 3489 3490 3491 3491 3488 3489 3492 3493 3490 3491 3490 3493 3494 3492 3422 3492 3494 3493 3421 3494 3422 3476 3472 3471 3473 3472 3477 3466 3475 3474 3474 3476 3471 3469 3465 3467 3465 3475 3466 3468 3470 3459 3469 3467 3470 3461 3460 3462 3468 3459 3461 3463 3455 3464 3460 3463 3462 3453 3458 3454 3455 3454 3464 3448 3457 3456 3456 3458 3453 3451 3447 3449 3447 3457 3448 3450 3452 3441 3451 3449 3452 3443 3442 3444 3450 3441 3443 3445 3437 3446 3442 3445 3444 3435 3440 3436 3437 3436 3446 3430 3439 3438 3438 3440 3435 3433 3429 3431 3429 3439 3430 3432 3434 3423 3433 3431 3434 3425 3424 3428 3432 3423 3425 3426 3420 3427 3424 3426 3428 3422 3427 3420 3495 3496 3497 3498 3499 3500 3498 3495 3497 3500 3499 3501 3502 3503 3504 3505 3501 3506 3507 3508 3504 3504 3503 3507 3509 3508 3510 3507 3510 3508 3509 3511 3512 3511 3509 3510 3513 3514 3512 3512 3511 3513 3515 3514 3516 3513 3516 3514 3515 3517 3518 3517 3515 3516 3518 3517 3519 3518 3519 3520 3502 3521 3503 3522 3521 3523 3502 3523 3521 3522 3524 3525 3524 3522 3523 3526 3506 3525 3525 3524 3526 3505 3500 3501 3526 3505 3506 3497 3499 3498 3527 3496 3495 3528 3529 3527 3496 3527 3529 3530 3528 3531 3528 3530 3529 3531 3532 3533 3533 3530 3531 3533 3532 3534 3532 3535 3534 3536 3537 3538 3539 3540 3541 3542 3536 3543 3544 3545 3546 3546 3547 3544 3546 3545 3548 3549 3550 3548 3548 3545 3549 3551 3552 3553 3554 3550 3549 3555 3556 3557 3558 3559 3560 3561 3558 3562 3557 3563 3558 3539 3564 3540 3565 3541 3560 3566 3538 3567 3568 3569 3570 3571 3572 3573 3574 3566 3575 3576 3577 3578 3579 3580 3581 3542 3543 3547 3543 3544 3547 3537 3536 3542 3567 3538 3537 3575 3566 3567 3574 3582 3583 3582 3574 3575 3583 3572 3571 3582 3572 3583 3571 3584 3585 3573 3584 3571 3586 3581 3585 3571 3585 3581 3587 3581 3588 3581 3586 3588 3581 3587 3579 3581 3589 3590 3580 3589 3581 3591 3557 3590 3581 3590 3557 3592 3557 3593 3557 3591 3593 3557 3592 3555 3556 3563 3557 3563 3562 3558 3559 3558 3561 3565 3560 3559 3539 3541 3565 3594 3540 3564 3594 3551 3553 3551 3594 3564 3552 3568 3553 3569 3578 3570 3552 3569 3568 3577 3576 3554 3570 3578 3577 3550 3554 3576 3595 3596 3597 3598 3599 3600 3598 3600 3601 3601 3596 3595 3599 3598 3602 3598 3601 3595 3603 3604 3605 3605 3606 3607 3607 3603 3605 3606 3608 3607 3609 3610 3608 3608 3606 3609 3611 3612 3613 3612 3610 3609 3612 3614 3613 3614 3615 3613 3616 3610 3611 3612 3611 3610 3616 3611 3617 3618 3619 3620 3621 3622 3623 3624 3625 3626 3627 3628 3619 3624 3626 3629 3622 3630 3631 3623 3622 3631 3632 3630 3624 3622 3624 3630 3624 3629 3632 3633 3625 3624 3634 3635 3636 3633 3624 3634 3634 3624 3637 3637 3635 3634 3619 3638 3624 3637 3624 3638 3628 3639 3619 3619 3639 3638 3620 3619 3640 3619 3618 3627 3640 3641 3642 3620 3640 3642 3641 3640 3643 3644 3645 3646 3644 3646 3647 3647 3646 3648 3649 3650 3651 3649 3652 3653 3649 3653 3650 3654 3655 3656 3654 3656 3657 3658 3659 3660 3658 3660 3661 3662 3658 3661 3663 3664 3662 3665 3662 3661 3665 3663 3662 3666 3658 3662 3667 3668 3669 3667 3669 3670 3671 3672 3673 3672 3671 3674 3675 3676 3677 3677 3678 3679 3677 3680 3675 3679 3680 3677 3681 3680 3679 3679 3682 3681 3682 3679 3683 3684 3685 3686 3687 3688 3689 3690 3691 3692 3693 3685 3694 3695 3684 3696 3697 3695 3698 3699 3697 3700 3701 3702 3694 3699 3703 3704 3705 3701 3706 3707 3708 3704 3709 3710 3707 3711 3712 3713 3712 3714 3715 3714 3716 3717 3718 3719 3720 3688 3721 3716 3722 3723 3724 3725 3726 3690 3727 3728 3729 3730 3731 3732 3733 3734 3735 3736 3737 3738 3739 3740 3733 3741 3739 3742 3743 3736 3744 3742 3743 3745 3710 3709 3746 3738 3747 3748 3727 3729 3749 3727 3690 3728 3748 3750 3731 3751 3730 3752 3726 3728 3690 3753 3751 3754 3690 3755 3691 3689 3753 3756 3690 3692 3725 3757 3758 3759 3734 3749 3735 3749 3729 3735 3740 3734 3733 3741 3740 3739 3745 3741 3742 3744 3745 3743 3737 3736 3743 3747 3738 3737 3750 3748 3747 3732 3731 3750 3752 3730 3732 3754 3751 3752 3756 3753 3754 3687 3689 3756 3721 3688 3687 3717 3716 3721 3715 3714 3717 3713 3712 3715 3760 3711 3713 3705 3706 3760 3706 3711 3760 3702 3701 3705 3693 3694 3702 3686 3685 3693 3696 3684 3686 3698 3695 3696 3700 3697 3698 3703 3699 3700 3707 3704 3703 3707 3710 3708 3746 3719 3718 3719 3746 3709 3720 3724 3718 3722 3757 3723 3720 3722 3724 3759 3758 3692 3723 3757 3759 3725 3692 3761 3692 3758 3761 3762 3763 3764 3762 3765 3763 3766 3767 3768 3766 3769 3767 3770 3771 3772 3770 3773 3771 3774 3775 3776 3774 3777 3775 3778 3779 3780 3778 3781 3779 3782 3783 3784 3782 3784 3785 3786 3787 3788 3786 3788 3789 3790 3791 3792 3790 3792 3793 3794 3795 3796 3794 3797 3795 3798 3799 3800 3800 3801 3798 3802 3803 3804 3803 3805 3806 3807 3808 3802 3802 3808 3809 3803 3809 3805 3802 3809 3803 3810 3811 3812 3812 3813 3810 3812 3811 3814 3813 3812 3815 3816 3817 3818 3816 3818 3819 3820 3821 3822 3820 3822 3823 3821 3820 3824 3820 3823 3825 3826 3827 3828 3828 3829 3826 3830 3831 3832 3830 3833 3834 3831 3830 3834 3835 3834 3833 3834 3836 3837 3837 3831 3834 3838 3839 3840 3838 3841 3839 3842 3843 3844 3842 3845 3843 3846 3847 3848 3849 3848 3847 3850 3851 3846 3852 3853 3850 3850 3854 3851 3852 3850 3846 3851 3847 3846 3855 3848 3856 3846 3848 3855 3857 3858 3859 3858 3857 3860 3861 3862 3863 3861 3864 3862 3865 3866 3867 3865 3867 3868 3869 3870 3871 3872 3873 3869 3873 3872 3874 3869 3871 3872 3875 3876 3877 3878 3879 3877 3880 3879 3878 3879 3875 3877 3881 3882 3883 3881 3884 3885 3882 3886 3887 3881 3883 3884 3888 3889 3883 3890 3888 3891 3888 3890 3889 3888 3883 3882 3882 3892 3888 3892 3882 3887 3893 3894 3895 3894 3893 3896 3893 3897 3898 3896 3893 3898 3899 3897 3900 3893 3900 3897 3901 3902 3900 3900 3902 3899 3900 3903 3901 3904 3905 3906 3907 3906 3908 3909 3908 3906 3904 3910 3905 3909 3906 3905 3911 3912 3910 3910 3912 3905 3910 3913 3911 3914 3915 3916 3915 3914 3917 3914 3918 3919 3917 3914 3919 3918 3920 3921 3919 3918 3922 3918 3921 3922 3923 3918 3914 3924 3925 3926 3925 3927 3926 3925 3924 3928 3929 3930 3925 3925 3930 3927 3931 3932 3925 3925 3932 3929 3933 3931 3925 3934 3925 3935 3934 3933 3925 3936 3937 3938 3939 3938 3940 3941 3942 3938 3938 3943 3941 3944 3938 3937 3942 3936 3938 3939 3935 3938 3938 3944 3940 3925 3945 3938 3925 3938 3935 3938 3945 3946 3947 3948 3949 3950 3951 3947 3950 3947 3949 3952 3953 3947 3952 3947 3951 3954 3947 3953 3947 3955 3956 3954 3955 3947 3947 3957 3958 3956 3957 3947 3959 3960 3961 3961 3962 3963 3964 3965 3961 3966 3961 3965 3961 3967 3959 3960 3964 3961 3958 3962 3961 3967 3961 3963 3961 3947 3958 3968 3969 3961 3961 3969 3947 3970 3971 3972 3972 3973 3970 3974 3975 3976 3974 3976 3977 3978 3979 3980 3979 3978 3981 3982 3983 3984 3982 3984 3985 3986 3987 3988 3986 3988 3989 3990 3991 3992 3990 3992 3993 3994 3995 3996 3997 3998 3999 3994 4000 3995 3997 3999 3994 3995 4001 4002 3995 4002 4003 4004 4005 4006 4004 4007 4005 4008 3997 3996 4004 4006 4003 4003 4006 4009 4009 3995 4003 3994 3996 3997 3995 4009 3996 4010 4011 4012 4010 4012 4013 4014 4015 4016 4014 4016 4017 4018 4019 4020 4019 4018 4021 4022 4023 4024 4024 4025 4022 4026 4027 4028 4026 4029 4027 4030 4031 4032 4033 4034 4035 4030 4032 4036 4027 4037 4038 4038 4028 4027 4039 4037 4040 4037 4039 4038 4041 4042 4040 4039 4040 4042 4043 4044 4045 4046 4042 4041 4044 4043 4026 4047 4048 4049 4029 4026 4043 4041 4033 4046 4046 4033 4035 4050 4051 4034 4035 4034 4051 4050 4052 4053 4053 4051 4050 4054 4052 4049 4052 4054 4053 4054 4049 4048 4047 4055 4048 4036 4032 4055 4048 4055 4032 4036 4056 4057 4055 4056 4036 4057 4058 4036 4059 4060 4061 4062 4063 4064 4062 4065 4063 4060 4066 4061 4067 4068 4069 4070 4071 4072 4073 4074 4070 4070 4074 4071 4071 4061 4072 4061 4066 4075 4061 4075 4072 4076 4077 4078 4079 4080 4081 4082 4083 4084 4085 4082 4086 4069 4068 4087 4088 4089 4086 4068 4067 4090 4088 4069 4087 4091 4092 4093 4067 4092 4090 4094 4077 4093 4091 4093 4077 4077 4094 4078 4076 4078 4095 4092 4091 4090 4089 4085 4086 4069 4088 4086 4082 4096 4083 4096 4082 4085 4079 4082 4084 4097 4098 4062 4099 4081 4080 4079 4084 4080 4100 4101 4102 4080 4073 4099 4059 4102 4103 4099 4073 4070 4104 4105 4106 4103 4107 4059 4060 4059 4107 4101 4103 4102 4100 4108 4109 4108 4100 4102 4104 4109 4110 4108 4110 4109 4104 4110 4105 4104 4111 4098 4106 4111 4104 4097 4104 4098 4065 4062 4112 4064 4097 4062 4113 4114 4115 4113 4116 4114 4117 4118 4119 4117 4119 4120 4121 4122 4123 4123 4124 4121 4125 4126 4127 4127 4128 4125 4129 4130 4131 4132 4129 4133 4131 4133 4129 4134 4135 4136 4134 4136 4137 4138 4139 4140 4141 4142 4138 4139 4138 4142 4143 4144 4145 4146 4144 4147 4143 4147 4144 4148 4149 4150 4148 4151 4149 4152 4153 4154 4155 4156 4157 4158 4159 4160 4161 4162 4163 4164 4165 4166 4167 4168 4169 4166 4170 4171 4171 4164 4166 4172 4173 4170 4171 4170 4173 4167 4165 4164 4159 4169 4168 4169 4165 4167 4158 4160 4161 4159 4168 4160 4163 4162 4154 4158 4161 4163 4152 4156 4153 4162 4152 4154 4155 4153 4156 4174 4175 4176 4176 4177 4174 4176 4178 4177 4179 4180 4181 4182 4183 4184 4185 4186 4187 4188 4189 4190 4191 4192 4193 4194 4195 4196 4192 4197 4198 4197 4192 4191 4199 4198 4200 4197 4200 4198 4194 4191 4193 4187 4196 4195 4195 4194 4193 4185 4188 4186 4187 4186 4196 4189 4180 4190 4185 4189 4188 4179 4181 4184 4190 4180 4179 4182 4184 4181 4201 4202 4203 4201 4203 4204 4205 4206 4207 4208 4209 4210 4209 4208 4211 4212 4213 4214 4215 4216 4217 4218 4219 4220 4221 4222 4223 4224 4225 4226 4227 4228 4229 4224 4230 4231 4230 4224 4226 4232 4224 4231 4230 4233 4231 4226 4225 4234 4234 4225 4227 4227 4229 4234 4219 4228 4220 4229 4228 4219 4218 4221 4223 4220 4221 4218 4222 4212 4214 4222 4214 4223 4215 4213 4216 4216 4213 4212 4235 4236 4237 4235 4237 4238 4239 4240 4241 4242 4243 4244 4245 4246 4247 4248 4249 4250 4251 4252 4253 4254 4255 4256 4252 4257 4258 4257 4252 4251 4259 4258 4260 4257 4260 4258 4254 4251 4253 4247 4256 4255 4255 4254 4253 4245 4248 4246 4247 4246 4256 4249 4240 4250 4245 4249 4248 4239 4241 4244 4250 4240 4239 4242 4244 4241 4261 4262 4263 4261 4263 4264 4265 4266 4267 4268 4269 4270 4271 4272 4273 4274 4275 4276 4277 4278 4279 4280 4281 4282 4279 4283 4284 4284 4277 4279 4285 4286 4283 4284 4283 4286 4280 4278 4277 4272 4282 4281 4282 4278 4280 4271 4273 4274 4272 4281 4273 4276 4275 4267 4271 4274 4276 4265 4269 4266 4275 4265 4267 4268 4266 4269 4287 4288 4289 4290 4291 4288 4290 4288 4287 4292 4293 4294 4292 4295 4293 4296 4297 4298 4299 4300 4301 4302 4303 4304 4305 4306 4307 4308 4309 4310 4311 4312 4313 4309 4314 4315 4314 4309 4308 4316 4315 4317 4314 4317 4315 4308 4310 4311 4311 4310 4312 4304 4303 4313 4312 4304 4313 4302 4306 4305 4303 4302 4305 4307 4297 4296 4307 4306 4297 4299 4301 4298 4301 4296 4298 4318 4319 4320 4318 4320 4321 4322 4323 4324 4322 4324 4325 4326 4327 4328 4326 4328 4329 4330 4331 4332 4331 4330 4333 4334 4335 4336 4335 4334 4337 4338 4339 4340 4341 4342 4340 4339 4338 4343 4340 4342 4338 4344 4345 4346 4346 4345 4347 4348 4349 4350 4351 4352 4353 4354 4355 4356 4357 4358 4359 4360 4361 4362 4363 4364 4365 4365 4366 4363 4367 4364 4368 4363 4368 4364 4369 4367 4368 4366 4358 4357 4358 4366 4365 4361 4359 4362 4361 4357 4359 4360 4351 4353 4360 4362 4351 4352 4354 4356 4353 4352 4356 4348 4350 4355 4354 4348 4355 4370 4371 4372 4370 4373 4371 4372 4374 4370 4375 4376 4377 4378 4379 4380 4381 4382 4383 4384 4385 4386 4387 4388 4389 4390 4391 4392 4392 4393 4390 4394 4391 4395 4390 4395 4391 4396 4394 4395 4393 4385 4384 4385 4393 4392 4388 4386 4389 4388 4384 4386 4387 4378 4380 4387 4389 4378 4379 4381 4383 4380 4379 4383 4375 4377 4382 4381 4375 4382 4397 4398 4399 4399 4400 4397 4401 4402 4403 4404 4405 4403 4401 4403 4405 4404 4406 4407 4407 4405 4404 4408 4406 4409 4406 4408 4407 4410 4411 4409 4408 4409 4411 4412 4411 4410 4413 4402 4401 4414 4413 4415 4413 4414 4402 4416 4417 4415 4414 4415 4417 4416 4418 4419 4419 4417 4416 4420 4418 4421 4418 4420 4419 4420 4421 4422 4423 4424 4425 4425 4426 4423 4427 4428 4429 4428 4427 4430 4431 4432 4433 4434 4435 4436 4437 4438 4439 4440 4441 4442 4443 4444 4445 4446 4447 4448 4448 4449 4446 4450 4447 4451 4446 4451 4447 4452 4450 4451 4449 4441 4440 4441 4449 4448 4444 4442 4445 4444 4440 4442 4443 4434 4436 4443 4445 4434 4435 4437 4439 4436 4435 4439 4431 4433 4438 4437 4431 4438 4453 4454 4455 4454 4453 4456 4457 4458 4459 4460 4461 4459 4457 4459 4461 4460 4462 4463 4463 4461 4460 4464 4462 4465 4462 4464 4463 4466 4467 4465 4464 4465 4467 4468 4467 4466 4469 4458 4457 4470 4469 4471 4469 4470 4458 4472 4473 4471 4470 4471 4473 4472 4474 4475 4475 4473 4472 4476 4474 4477 4474 4476 4475 4476 4477 4478 4479 4480 4481 4479 4482 4480 4480 4482 4483 4480 4484 4485 4484 4480 4483 4486 4487 4488 4484 4486 4485 4489 4490 4488 4488 4491 4489 4487 4491 4488 4488 4485 4486 4492 4493 4494 4492 4495 4493 4496 4497 4498 4499 4500 4501 4502 4503 4504 4505 4506 4507 4508 4509 4510 4511 4512 4513 4514 4515 4516 4517 4518 4519 4520 4521 4522 4523 4524 4525 4526 4527 4528 4529 4530 4531 4532 4533 4534 4535 4536 4537 4538 4539 4540 4541 4542 4543 4544 4545 4546 4547 4548 4549 4550 4551 4552 4553 4551 4554 4550 4552 4555 4555 4556 4557 4557 4550 4555 4558 4559 4556 4557 4556 4559 4560 4558 4561 4558 4560 4559 4561 4562 4563 4563 4560 4561 4564 4565 4562 4563 4562 4565 4566 4564 4567 4564 4566 4565 4567 4568 4569 4569 4566 4567 4499 4570 4568 4569 4568 4570 4546 4553 4554 4499 4501 4570 4551 4553 4552 4547 4545 4544 4544 4546 4554 4539 4549 4548 4549 4545 4547 4538 4540 4543 4539 4548 4540 4542 4541 4532 4538 4543 4542 4533 4536 4534 4541 4533 4532 4537 4528 4535 4536 4535 4534 4529 4527 4526 4526 4528 4537 4521 4531 4530 4531 4527 4529 4520 4522 4525 4521 4530 4522 4524 4523 4514 4520 4525 4524 4515 4518 4516 4523 4515 4514 4519 4510 4517 4518 4517 4516 4511 4509 4508 4508 4510 4519 4503 4513 4512 4513 4509 4511 4502 4504 4505 4503 4512 4504 4507 4506 4498 4502 4505 4507 4496 4500 4497 4506 4496 4498 4499 4497 4500 4571 4572 4573 4574 4575 4576 4577 4578 4579 4580 4581 4582 4583 4584 4585 4586 4587 4588 4589 4590 4591 4592 4593 4594 4595 4596 4597 4598 4599 4600 4601 4602 4603 4604 4605 4606 4607 4608 4609 4610 4611 4612 4613 4614 4615 4616 4617 4618 4619 4620 4621 4622 4623 4624 4625 4626 4627 4628 4626 4629 4625 4627 4630 4630 4631 4632 4632 4625 4630 4633 4634 4631 4632 4631 4634 4635 4633 4636 4633 4635 4634 4636 4637 4638 4638 4635 4636 4639 4640 4637 4638 4637 4640 4641 4639 4642 4639 4641 4640 4642 4643 4644 4644 4641 4642 4574 4645 4643 4644 4643 4645 4627 4626 4628 4574 4576 4645 4629 4621 4628 4622 4620 4619 4619 4621 4629 4614 4624 4623 4624 4620 4622 4613 4615 4618 4614 4623 4615 4617 4616 4607 4613 4618 4617 4608 4611 4609 4616 4608 4607 4612 4603 4610 4611 4610 4609 4604 4602 4601 4601 4603 4612 4596 4606 4605 4606 4602 4604 4595 4597 4600 4596 4605 4597 4599 4598 4589 4595 4600 4599 4590 4593 4591 4598 4590 4589 4594 4585 4592 4593 4592 4591 4586 4584 4583 4583 4585 4594 4578 4588 4587 4588 4584 4586 4577 4579 4580 4578 4587 4579 4582 4581 4573 4577 4580 4582 4571 4575 4572 4581 4571 4573 4574 4572 4575 4646 4647 4648 4649 4650 4651 4652 4653 4654 4655 4656 4657 4658 4659 4660 4661 4662 4663 4664 4665 4666 4667 4668 4669 4670 4671 4672 4673 4674 4675 4676 4677 4678 4679 4680 4681 4682 4683 4684 4685 4686 4687 4688 4689 4690 4691 4692 4693 4694 4695 4696 4697 4698 4699 4700 4701 4702 4703 4701 4704 4700 4702 4705 4705 4706 4707 4707 4700 4705 4708 4709 4706 4707 4706 4709 4710 4708 4711 4708 4710 4709 4711 4712 4713 4713 4710 4711 4714 4715 4712 4713 4712 4715 4716 4714 4717 4714 4716 4715 4717 4718 4719 4719 4716 4717 4649 4720 4718 4719 4718 4720 4702 4701 4703 4649 4651 4720 4704 4696 4703 4697 4695 4694 4694 4696 4704 4689 4699 4698 4699 4695 4697 4688 4690 4693 4689 4698 4690 4692 4691 4682 4688 4693 4692 4683 4686 4684 4691 4683 4682 4687 4678 4685 4686 4685 4684 4679 4677 4676 4676 4678 4687 4671 4681 4680 4681 4677 4679 4670 4672 4675 4671 4680 4672 4674 4673 4664 4670 4675 4674 4665 4668 4666 4673 4665 4664 4669 4660 4667 4668 4667 4666 4661 4659 4658 4658 4660 4669 4653 4663 4662 4663 4659 4661 4652 4654 4655 4653 4662 4654 4657 4656 4648 4652 4655 4657 4646 4650 4647 4656 4646 4648 4649 4647 4650 4721 4722 4723 4724 4725 4726 4727 4728 4729 4730 4731 4732 4733 4734 4735 4736 4737 4738 4739 4740 4741 4742 4743 4744 4745 4746 4747 4748 4749 4750 4751 4752 4753 4754 4755 4756 4757 4758 4759 4760 4761 4762 4763 4764 4765 4766 4767 4768 4769 4770 4771 4772 4773 4774 4775 4776 4777 4778 4776 4779 4775 4777 4780 4780 4781 4782 4782 4775 4780 4783 4784 4781 4782 4781 4784 4785 4783 4786 4783 4785 4784 4786 4787 4788 4788 4785 4786 4789 4790 4787 4788 4787 4790 4791 4789 4792 4789 4791 4790 4792 4793 4794 4794 4791 4792 4724 4795 4793 4794 4793 4795 4777 4776 4778 4724 4726 4795 4779 4771 4778 4772 4770 4769 4769 4771 4779 4764 4774 4773 4774 4770 4772 4763 4765 4768 4764 4773 4765 4767 4766 4757 4763 4768 4767 4758 4761 4759 4766 4758 4757 4762 4753 4760 4761 4760 4759 4754 4752 4751 4751 4753 4762 4746 4756 4755 4756 4752 4754 4745 4747 4750 4746 4755 4747 4749 4748 4739 4745 4750 4749 4740 4743 4741 4748 4740 4739 4744 4735 4742 4743 4742 4741 4736 4734 4733 4733 4735 4744 4728 4738 4737 4738 4734 4736 4727 4729 4730 4728 4737 4729 4732 4731 4723 4727 4730 4732 4721 4725 4722 4731 4721 4723 4724 4722 4725 4796 4797 4798 4799 4800 4801 4802 4803 4804 4805 4806 4807 4808 4809 4810 4811 4812 4813 4814 4815 4816 4817 4818 4819 4820 4821 4822 4823 4824 4825 4826 4827 4828 4829 4830 4831 4832 4833 4834 4835 4836 4837 4838 4839 4840 4841 4842 4843 4844 4845 4846 4847 4848 4849 4850 4851 4852 4853 4851 4854 4850 4852 4855 4855 4856 4857 4857 4850 4855 4858 4859 4856 4857 4856 4859 4860 4858 4861 4858 4860 4859 4861 4862 4863 4863 4860 4861 4864 4865 4862 4863 4862 4865 4866 4864 4867 4864 4866 4865 4867 4868 4869 4869 4866 4867 4799 4870 4868 4869 4868 4870 4852 4851 4853 4799 4801 4870 4854 4846 4853 4847 4845 4844 4844 4846 4854 4839 4849 4848 4849 4845 4847 4838 4840 4843 4839 4848 4840 4842 4841 4832 4838 4843 4842 4833 4836 4834 4841 4833 4832 4837 4828 4835 4836 4835 4834 4829 4827 4826 4826 4828 4837 4821 4831 4830 4831 4827 4829 4820 4822 4825 4821 4830 4822 4824 4823 4814 4820 4825 4824 4815 4818 4816 4823 4815 4814 4819 4810 4817 4818 4817 4816 4811 4809 4808 4808 4810 4819 4803 4813 4812 4813 4809 4811 4802 4804 4805 4803 4812 4804 4807 4806 4798 4802 4805 4807 4796 4800 4797 4806 4796 4798 4799 4797 4800 4871 4872 4873 4874 4875 4876 4877 4878 4879 4880 4881 4882 4883 4884 4885 4886 4887 4888 4889 4890 4891 4892 4893 4894 4895 4896 4897 4898 4899 4900 4901 4902 4903 4904 4905 4906 4907 4908 4909 4910 4911 4912 4913 4914 4915 4916 4917 4918 4919 4920 4921 4922 4923 4924 4925 4926 4927 4928 4926 4929 4925 4927 4930 4930 4931 4932 4932 4925 4930 4933 4934 4931 4932 4931 4934 4935 4933 4936 4933 4935 4934 4936 4937 4938 4938 4935 4936 4939 4940 4937 4938 4937 4940 4941 4939 4942 4939 4941 4940 4942 4943 4944 4944 4941 4942 4874 4945 4943 4944 4943 4945 4927 4926 4928 4874 4876 4945 4929 4921 4928 4922 4920 4919 4919 4921 4929 4914 4924 4923 4924 4920 4922 4913 4915 4918 4914 4923 4915 4917 4916 4907 4913 4918 4917 4908 4911 4909 4916 4908 4907 4912 4903 4910 4911 4910 4909 4904 4902 4901 4901 4903 4912 4896 4906 4905 4906 4902 4904 4895 4897 4900 4896 4905 4897 4899 4898 4889 4895 4900 4899 4890 4893 4891 4898 4890 4889 4894 4885 4892 4893 4892 4891 4886 4884 4883 4883 4885 4894 4878 4888 4887 4888 4884 4886 4877 4879 4880 4878 4887 4879 4882 4881 4873 4877 4880 4882 4871 4875 4872 4881 4871 4873 4874 4872 4875 4946 4947 4948 4949 4950 4951 4952 4953 4954 4955 4956 4957 4958 4959 4960 4961 4962 4963 4964 4965 4966 4967 4968 4969 4970 4971 4972 4973 4974 4975 4976 4977 4978 4979 4980 4981 4982 4983 4984 4985 4986 4987 4988 4989 4990 4991 4992 4993 4994 4995 4996 4997 4998 4999 5000 5001 5002 5003 5001 5004 5000 5002 5005 5005 5006 5007 5007 5000 5005 5008 5009 5006 5007 5006 5009 5010 5008 5011 5008 5010 5009 5011 5012 5013 5013 5010 5011 5014 5015 5012 5013 5012 5015 5016 5014 5017 5014 5016 5015 5017 5018 5019 5019 5016 5017 4949 5020 5018 5019 5018 5020 5003 5002 5001 4949 4951 5020 4996 5003 5004 4994 4997 4995 5004 4994 4996 4998 4989 4999 4997 4999 4995 4993 4988 4990 4990 4989 4998 4982 4992 4991 4992 4988 4993 4984 4983 4986 4982 4991 4983 4985 4987 4978 4984 4986 4985 4976 4979 4977 4987 4976 4978 4980 4971 4981 4979 4981 4977 4975 4970 4972 4972 4971 4980 4964 4974 4973 4974 4970 4975 4966 4965 4968 4964 4973 4965 4967 4969 4960 4966 4968 4967 4958 4961 4959 4969 4958 4960 4962 4953 4963 4961 4963 4959 4955 4952 4954 4954 4953 4962 4948 4957 4956 4957 4952 4955 4947 4946 4950 4948 4956 4946 4950 4949 4947 5021 5022 5023 5024 5025 5026 5027 5028 5029 5030 5031 5032 5033 5034 5035 5036 5037 5038 5039 5040 5041 5042 5043 5044 5045 5046 5047 5048 5049 5050 5051 5052 5053 5054 5055 5056 5057 5058 5059 5060 5061 5062 5063 5064 5065 5066 5067 5068 5069 5070 5071 5072 5073 5074 5075 5076 5077 5078 5076 5079 5075 5077 5080 5080 5081 5082 5082 5075 5080 5083 5084 5081 5082 5081 5084 5085 5083 5086 5083 5085 5084 5086 5087 5088 5088 5085 5086 5089 5090 5087 5088 5087 5090 5091 5089 5092 5089 5091 5090 5092 5093 5094 5094 5091 5092 5024 5095 5093 5094 5093 5095 5071 5078 5079 5024 5026 5095 5076 5078 5077 5072 5070 5069 5069 5071 5079 5064 5074 5073 5074 5070 5072 5063 5065 5068 5064 5073 5065 5067 5066 5057 5063 5068 5067 5058 5061 5059 5066 5058 5057 5062 5053 5060 5061 5060 5059 5054 5052 5051 5051 5053 5062 5046 5056 5055 5056 5052 5054 5045 5047 5050 5046 5055 5047 5049 5048 5039 5045 5050 5049 5040 5043 5041 5048 5040 5039 5044 5035 5042 5043 5042 5041 5036 5034 5033 5033 5035 5044 5028 5038 5037 5038 5034 5036 5027 5029 5030 5028 5037 5029 5032 5031 5023 5027 5030 5032 5021 5025 5022 5031 5021 5023 5024 5022 5025 5096 5097 5098 5099 5100 5101 5102 5103 5104 5105 5106 5107 5108 5109 5110 5111 5112 5113 5114 5115 5116 5117 5118 5119 5120 5121 5122 5123 5124 5125 5126 5127 5128 5129 5130 5131 5132 5133 5134 5135 5136 5137 5138 5139 5140 5141 5142 5143 5144 5145 5146 5147 5148 5149 5150 5151 5152 5153 5151 5154 5150 5152 5155 5155 5156 5157 5157 5150 5155 5158 5159 5156 5157 5156 5159 5160 5158 5161 5158 5160 5159 5161 5162 5163 5163 5160 5161 5164 5165 5162 5163 5162 5165 5166 5164 5167 5164 5166 5165 5167 5168 5169 5169 5166 5167 5099 5170 5168 5169 5168 5170 5153 5152 5151 5099 5101 5170 5146 5153 5154 5144 5147 5145 5154 5144 5146 5148 5139 5149 5147 5149 5145 5143 5138 5140 5140 5139 5148 5132 5142 5141 5142 5138 5143 5134 5133 5136 5132 5141 5133 5135 5137 5128 5134 5136 5135 5126 5129 5127 5137 5126 5128 5130 5121 5131 5129 5131 5127 5125 5120 5122 5122 5121 5130 5114 5124 5123 5124 5120 5125 5116 5115 5118 5114 5123 5115 5117 5119 5110 5116 5118 5117 5108 5111 5109 5119 5108 5110 5112 5103 5113 5111 5113 5109 5105 5102 5104 5104 5103 5112 5098 5107 5106 5107 5102 5105 5097 5096 5100 5098 5106 5096 5100 5099 5097 5171 5172 5173 5174 5175 5176 5177 5178 5179 5180 5181 5182 5183 5184 5185 5186 5187 5188 5189 5190 5191 5192 5193 5194 5195 5196 5197 5198 5199 5200 5201 5202 5203 5204 5205 5206 5207 5208 5209 5210 5211 5212 5213 5214 5215 5216 5217 5218 5219 5220 5221 5222 5223 5224 5225 5226 5227 5228 5226 5229 5225 5227 5230 5230 5231 5232 5232 5225 5230 5233 5234 5231 5232 5231 5234 5235 5233 5236 5233 5235 5234 5236 5237 5238 5238 5235 5236 5239 5240 5237 5238 5237 5240 5241 5239 5242 5239 5241 5240 5242 5243 5244 5244 5241 5242 5174 5245 5243 5244 5243 5245 5227 5226 5228 5174 5176 5245 5229 5221 5228 5222 5220 5219 5219 5221 5229 5214 5224 5223 5224 5220 5222 5213 5215 5218 5214 5223 5215 5217 5216 5207 5213 5218 5217 5208 5211 5209 5216 5208 5207 5212 5203 5210 5211 5210 5209 5204 5202 5201 5201 5203 5212 5196 5206 5205 5206 5202 5204 5195 5197 5200 5196 5205 5197 5199 5198 5189 5195 5200 5199 5190 5193 5191 5198 5190 5189 5194 5185 5192 5193 5192 5191 5186 5184 5183 5183 5185 5194 5178 5188 5187 5188 5184 5186 5177 5179 5180 5178 5187 5179 5182 5181 5173 5177 5180 5182 5171 5175 5172 5181 5171 5173 5174 5172 5175 5246 5247 5248 5249 5250 5251 5252 5253 5254 5255 5256 5257 5258 5259 5260 5261 5262 5263 5264 5265 5266 5267 5268 5269 5270 5271 5272 5273 5274 5275 5276 5277 5278 5279 5280 5281 5282 5283 5284 5285 5286 5287 5288 5289 5290 5291 5292 5293 5294 5295 5296 5297 5298 5299 5300 5301 5302 5303 5301 5304 5300 5302 5305 5305 5306 5307 5307 5300 5305 5308 5309 5306 5307 5306 5309 5310 5308 5311 5308 5310 5309 5311 5312 5313 5313 5310 5311 5314 5315 5312 5313 5312 5315 5316 5314 5317 5314 5316 5315 5317 5318 5319 5319 5316 5317 5249 5320 5318 5319 5318 5320 5296 5303 5304 5249 5251 5320 5301 5303 5302 5297 5295 5294 5294 5296 5304 5289 5299 5298 5299 5295 5297 5288 5290 5293 5289 5298 5290 5292 5291 5282 5288 5293 5292 5283 5286 5284 5291 5283 5282 5287 5278 5285 5286 5285 5284 5279 5277 5276 5276 5278 5287 5271 5281 5280 5281 5277 5279 5270 5272 5275 5271 5280 5272 5274 5273 5264 5270 5275 5274 5265 5268 5266 5273 5265 5264 5269 5260 5267 5268 5267 5266 5261 5259 5258 5258 5260 5269 5253 5263 5262 5263 5259 5261 5252 5254 5255 5253 5262 5254 5257 5256 5248 5252 5255 5257 5246 5250 5247 5256 5246 5248 5249 5247 5250 5321 5322 5323 5324 5325 5326 5327 5328 5329 5330 5331 5332 5333 5334 5335 5336 5337 5338 5339 5340 5341 5342 5343 5344 5345 5346 5347 5348 5349 5350 5351 5352 5353 5354 5355 5356 5357 5358 5359 5360 5361 5362 5363 5364 5365 5366 5367 5368 5369 5370 5371 5372 5373 5374 5375 5376 5377 5378 5376 5379 5375 5377 5380 5380 5381 5382 5382 5375 5380 5383 5384 5381 5382 5381 5384 5385 5383 5386 5383 5385 5384 5386 5387 5388 5388 5385 5386 5389 5390 5387 5388 5387 5390 5391 5389 5392 5389 5391 5390 5392 5393 5394 5394 5391 5392 5324 5395 5393 5394 5393 5395 5371 5378 5379 5324 5326 5395 5376 5378 5377 5372 5370 5369 5369 5371 5379 5364 5374 5373 5374 5370 5372 5363 5365 5368 5364 5373 5365 5367 5366 5357 5363 5368 5367 5358 5361 5359 5366 5358 5357 5362 5353 5360 5361 5360 5359 5354 5352 5351 5351 5353 5362 5346 5356 5355 5356 5352 5354 5345 5347 5350 5346 5355 5347 5349 5348 5339 5345 5350 5349 5340 5343 5341 5348 5340 5339 5344 5335 5342 5343 5342 5341 5336 5334 5333 5333 5335 5344 5328 5338 5337 5338 5334 5336 5327 5329 5330 5328 5337 5329 5332 5331 5323 5327 5330 5332 5321 5325 5322 5331 5321 5323 5324 5322 5325 5396 5397 5398 5399 5400 5401 5402 5403 5404 5405 5406 5407 5408 5409 5410 5411 5412 5413 5414 5415 5416 5417 5418 5419 5420 5421 5422 5423 5424 5425 5426 5427 5428 5429 5430 5431 5432 5433 5434 5435 5436 5437 5438 5439 5440 5441 5442 5443 5444 5445 5446 5447 5448 5449 5450 5451 5452 5453 5451 5454 5450 5452 5455 5455 5456 5457 5457 5450 5455 5458 5459 5456 5457 5456 5459 5460 5458 5461 5458 5460 5459 5461 5462 5463 5463 5460 5461 5464 5465 5462 5463 5462 5465 5466 5464 5467 5464 5466 5465 5467 5468 5469 5469 5466 5467 5399 5470 5468 5469 5468 5470 5446 5453 5454 5399 5401 5470 5451 5453 5452 5447 5445 5444 5444 5446 5454 5439 5449 5448 5449 5445 5447 5438 5440 5443 5439 5448 5440 5442 5441 5432 5438 5443 5442 5433 5436 5434 5441 5433 5432 5437 5428 5435 5436 5435 5434 5429 5427 5426 5426 5428 5437 5421 5431 5430 5431 5427 5429 5420 5422 5425 5421 5430 5422 5424 5423 5414 5420 5425 5424 5415 5418 5416 5423 5415 5414 5419 5410 5417 5418 5417 5416 5411 5409 5408 5408 5410 5419 5403 5413 5412 5413 5409 5411 5402 5404 5405 5403 5412 5404 5407 5406 5398 5402 5405 5407 5396 5400 5397 5406 5396 5398 5399 5397 5400 5471 5472 5473 5474 5475 5476 5477 5478 5479 5480 5481 5482 5483 5484 5485 5486 5487 5488 5489 5490 5491 5492 5493 5494 5495 5496 5497 5498 5499 5500 5501 5502 5503 5504 5505 5506 5507 5508 5509 5510 5511 5512 5513 5514 5515 5516 5517 5518 5519 5520 5521 5522 5523 5524 5525 5526 5527 5528 5526 5529 5525 5527 5530 5530 5531 5532 5532 5525 5530 5533 5534 5531 5532 5531 5534 5535 5533 5536 5533 5535 5534 5536 5537 5538 5538 5535 5536 5539 5540 5537 5538 5537 5540 5541 5539 5542 5539 5541 5540 5542 5543 5544 5544 5541 5542 5474 5545 5543 5544 5543 5545 5521 5528 5529 5474 5476 5545 5526 5528 5527 5522 5520 5519 5519 5521 5529 5514 5524 5523 5524 5520 5522 5513 5515 5518 5514 5523 5515 5517 5516 5507 5513 5518 5517 5508 5511 5509 5516 5508 5507 5512 5503 5510 5511 5510 5509 5504 5502 5501 5501 5503 5512 5496 5506 5505 5506 5502 5504 5495 5497 5500 5496 5505 5497 5499 5498 5489 5495 5500 5499 5490 5493 5491 5498 5490 5489 5494 5485 5492 5493 5492 5491 5486 5484 5483 5483 5485 5494 5478 5488 5487 5488 5484 5486 5477 5479 5480 5478 5487 5479 5482 5481 5473 5477 5480 5482 5471 5475 5472 5481 5471 5473 5474 5472 5475 5546 5547 5548 5549 5550 5551 5552 5553 5554 5555 5556 5557 5558 5559 5560 5561 5562 5563 5564 5565 5566 5567 5568 5569 5570 5571 5572 5573 5574 5575 5576 5577 5578 5579 5580 5581 5582 5583 5584 5585 5586 5587 5588 5589 5590 5591 5592 5593 5594 5595 5596 5597 5598 5599 5600 5601 5602 5603 5604 5605 5605 5599 5603 5606 5607 5604 5605 5604 5607 5608 5606 5609 5606 5608 5607 5609 5610 5611 5611 5608 5609 5612 5613 5610 5611 5610 5613 5614 5612 5615 5612 5614 5613 5615 5616 5617 5617 5614 5615 5618 5619 5616 5617 5616 5619 5548 5618 5620 5618 5548 5619 5598 5597 5602 5599 5598 5603 5592 5601 5600 5600 5602 5597 5595 5591 5593 5591 5601 5592 5594 5596 5585 5595 5593 5596 5587 5586 5588 5594 5585 5587 5589 5581 5590 5586 5589 5588 5579 5584 5580 5581 5580 5590 5574 5583 5582 5582 5584 5579 5577 5573 5575 5573 5583 5574 5575 5578 5577 5576 5567 5569 5576 5578 5567 5568 5571 5570 5569 5568 5570 5563 5562 5572 5571 5563 5572 5564 5566 5561 5561 5566 5562 5555 5565 5556 5556 5565 5564 5559 5557 5560 5559 5555 5557 5558 5549 5551 5558 5560 5549 5550 5552 5554 5551 5550 5554 5547 5546 5553 5552 5547 5553 5548 5620 5546 5621 5622 5623 5621 5624 5622 5622 5625 5626 5623 5622 5626 5622 5627 5628 5625 5622 5628 5622 5629 5630 5627 5622 5630 5622 5631 5632 5629 5622 5632 5622 5633 5634 5631 5622 5634 5622 5635 5636 5633 5622 5636 5622 5637 5638 5635 5622 5638 5622 5639 5640 5637 5622 5640 5622 5641 5642 5639 5622 5642 5643 5641 5622 5644 5645 5622 5622 5645 5643 5646 5647 5622 5622 5647 5644 5648 5649 5622 5622 5649 5646 5650 5651 5622 5622 5651 5648 5652 5653 5622 5622 5653 5650 5654 5655 5622 5622 5655 5652 5656 5657 5622 5622 5657 5654 5658 5659 5622 5622 5659 5656 5622 5624 5658 5660 5661 5662 5663 5664 5665 5666 5667 5668 5669 5670 5671 5672 5673 5674 5675 5676 5677 5678 5679 5680 5681 5682 5683 5684 5685 5686 5687 5688 5689 5690 5691 5692 5693 5694 5695 5696 5697 5698 5699 5700 5701 5702 5703 5704 5705 5706 5707 5708 5709 5710 5711 5712 5713 5714 5715 5716 5717 5718 5719 5719 5713 5717 5720 5721 5718 5719 5718 5721 5722 5720 5723 5720 5722 5721 5723 5724 5725 5725 5722 5723 5726 5727 5724 5725 5724 5727 5728 5726 5729 5726 5728 5727 5729 5730 5731 5731 5728 5729 5732 5733 5730 5731 5730 5733 5662 5732 5734 5732 5662 5733 5712 5711 5716 5713 5712 5717 5706 5715 5714 5714 5716 5711 5709 5705 5707 5705 5715 5706 5708 5710 5699 5709 5707 5710 5701 5700 5702 5708 5699 5701 5703 5695 5704 5700 5703 5702 5693 5698 5694 5695 5694 5704 5688 5697 5696 5696 5698 5693 5691 5687 5689 5687 5697 5688 5689 5692 5691 5690 5681 5683 5690 5692 5681 5682 5685 5684 5683 5682 5684 5677 5676 5686 5685 5677 5686 5678 5680 5675 5675 5680 5676 5669 5679 5670 5670 5679 5678 5673 5671 5674 5673 5669 5671 5672 5663 5665 5672 5674 5663 5664 5666 5668 5665 5664 5668 5661 5660 5667 5666 5661 5667 5662 5734 5660 5735 5736 5737 5735 5738 5736 5736 5739 5740 5737 5736 5740 5736 5741 5742 5739 5736 5742 5736 5743 5744 5741 5736 5744 5736 5745 5746 5743 5736 5746 5736 5747 5748 5745 5736 5748 5736 5749 5750 5747 5736 5750 5736 5751 5752 5749 5736 5752 5736 5753 5754 5751 5736 5754 5736 5755 5756 5753 5736 5756 5757 5755 5736 5758 5759 5736 5736 5759 5757 5760 5761 5736 5736 5761 5758 5762 5763 5736 5736 5763 5760 5764 5765 5736 5736 5765 5762 5766 5767 5736 5736 5767 5764 5768 5769 5736 5736 5769 5766 5770 5771 5736 5736 5771 5768 5772 5773 5736 5736 5773 5770 5736 5738 5772 5774 5775 5776 5777 5778 5779 5780 5781 5782 5783 5784 5785 5786 5787 5788 5789 5790 5791 5792 5793 5794 5795 5796 5797 5798 5799 5800 5801 5802 5803 5804 5805 5806 5807 5808 5809 5810 5811 5812 5813 5814 5815 5816 5817 5818 5819 5820 5821 5822 5823 5824 5825 5826 5827 5828 5829 5830 5831 5832 5833 5833 5827 5831 5834 5835 5832 5833 5832 5835 5836 5834 5837 5834 5836 5835 5837 5838 5839 5839 5836 5837 5840 5841 5838 5839 5838 5841 5842 5840 5843 5840 5842 5841 5843 5844 5845 5845 5842 5843 5846 5847 5844 5845 5844 5847 5776 5846 5848 5846 5776 5847 5826 5825 5830 5827 5826 5831 5820 5829 5828 5828 5830 5825 5823 5819 5821 5819 5829 5820 5822 5824 5813 5823 5821 5824 5815 5814 5816 5822 5813 5815 5817 5809 5818 5814 5817 5816 5807 5812 5808 5809 5808 5818 5802 5811 5810 5810 5812 5807 5805 5801 5803 5801 5811 5802 5803 5806 5805 5804 5795 5797 5804 5806 5795 5796 5799 5798 5797 5796 5798 5791 5790 5800 5799 5791 5800 5792 5794 5789 5789 5794 5790 5783 5793 5784 5784 5793 5792 5787 5785 5788 5787 5783 5785 5786 5777 5779 5786 5788 5777 5778 5780 5782 5779 5778 5782 5775 5774 5781 5780 5775 5781 5776 5848 5774 5849 5850 5851 5849 5852 5850 5850 5853 5854 5851 5850 5854 5850 5855 5856 5853 5850 5856 5850 5857 5858 5855 5850 5858 5850 5859 5860 5857 5850 5860 5850 5861 5862 5859 5850 5862 5850 5863 5864 5861 5850 5864 5850 5865 5866 5863 5850 5866 5850 5867 5868 5865 5850 5868 5850 5869 5870 5867 5850 5870 5871 5869 5850 5872 5873 5850 5850 5873 5871 5874 5875 5850 5850 5875 5872 5876 5877 5850 5850 5877 5874 5878 5879 5850 5850 5879 5876 5880 5881 5850 5850 5881 5878 5882 5883 5850 5850 5883 5880 5884 5885 5850 5850 5885 5882 5886 5887 5850 5850 5887 5884 5850 5852 5886 5888 5889 5890 5891 5892 5893 5894 5895 5896 5897 5898 5899 5900 5901 5902 5903 5904 5905 5906 5907 5908 5909 5910 5911 5912 5913 5914 5915 5916 5917 5918 5919 5920 5921 5922 5923 5924 5925 5926 5927 5928 5929 5930 5931 5932 5933 5934 5935 5936 5937 5938 5939 5940 5941 5942 5943 5944 5945 5946 5947 5947 5941 5945 5948 5949 5946 5947 5946 5949 5950 5948 5951 5948 5950 5949 5951 5952 5953 5953 5950 5951 5954 5955 5952 5953 5952 5955 5956 5954 5957 5954 5956 5955 5957 5958 5959 5959 5956 5957 5960 5961 5958 5959 5958 5961 5890 5960 5962 5960 5890 5961 5940 5939 5944 5941 5940 5945 5934 5943 5942 5942 5944 5939 5937 5933 5935 5933 5943 5934 5936 5938 5927 5937 5935 5938 5929 5928 5930 5936 5927 5929 5931 5923 5932 5928 5931 5930 5921 5926 5922 5923 5922 5932 5916 5925 5924 5924 5926 5921 5919 5915 5917 5915 5925 5916 5917 5920 5919 5918 5909 5911 5918 5920 5909 5910 5913 5912 5911 5910 5912 5905 5904 5914 5913 5905 5914 5906 5908 5903 5903 5908 5904 5897 5907 5898 5898 5907 5906 5901 5899 5902 5901 5897 5899 5900 5891 5893 5900 5902 5891 5892 5894 5896 5893 5892 5896 5889 5888 5895 5894 5889 5895 5890 5962 5888 5963 5964 5965 5963 5966 5964 5964 5967 5968 5965 5964 5968 5964 5969 5970 5967 5964 5970 5964 5971 5972 5969 5964 5972 5964 5973 5974 5971 5964 5974 5964 5975 5976 5973 5964 5976 5964 5977 5978 5975 5964 5978 5964 5979 5980 5977 5964 5980 5964 5981 5982 5979 5964 5982 5964 5983 5984 5981 5964 5984 5985 5983 5964 5986 5987 5964 5964 5987 5985 5988 5989 5964 5964 5989 5986 5990 5991 5964 5964 5991 5988 5992 5993 5964 5964 5993 5990 5994 5995 5964 5964 5995 5992 5996 5997 5964 5964 5997 5994 5998 5999 5964 5964 5999 5996 6000 6001 5964 5964 6001 5998 5964 5966 6000 6002 6003 6004 6002 6005 6003 6003 6006 6007 6004 6003 6007 6003 6008 6009 6006 6003 6009 6003 6010 6011 6008 6003 6011 6003 6012 6013 6010 6003 6013 6003 6014 6015 6012 6003 6015 6003 6016 6017 6014 6003 6017 6003 6018 6019 6016 6003 6019 6003 6020 6021 6018 6003 6021 6003 6022 6023 6020 6003 6023 6024 6022 6003 6025 6026 6003 6003 6026 6024 6027 6028 6003 6003 6028 6025 6029 6030 6003 6003 6030 6027 6031 6032 6003 6003 6032 6029 6033 6034 6003 6003 6034 6031 6035 6036 6003 6003 6036 6033 6037 6038 6003 6003 6038 6035 6039 6040 6003 6003 6040 6037 6003 6005 6039 6041 6042 6043 6041 6044 6042 6042 6045 6046 6043 6042 6046 6042 6047 6048 6045 6042 6048 6042 6049 6050 6047 6042 6050 6042 6051 6052 6049 6042 6052 6042 6053 6054 6051 6042 6054 6042 6055 6056 6053 6042 6056 6042 6057 6058 6055 6042 6058 6042 6059 6060 6057 6042 6060 6042 6061 6062 6059 6042 6062 6063 6061 6042 6064 6065 6042 6042 6065 6063 6066 6067 6042 6042 6067 6064 6068 6069 6042 6042 6069 6066 6070 6071 6042 6042 6071 6068 6072 6073 6042 6042 6073 6070 6074 6075 6042 6042 6075 6072 6076 6077 6042 6042 6077 6074 6078 6079 6042 6042 6079 6076 6042 6044 6078 6080 6081 6082 6080 6083 6081 6081 6084 6085 6082 6081 6085 6081 6086 6087 6084 6081 6087 6081 6088 6089 6086 6081 6089 6081 6090 6091 6088 6081 6091 6081 6092 6093 6090 6081 6093 6081 6094 6095 6092 6081 6095 6081 6096 6097 6094 6081 6097 6081 6098 6099 6096 6081 6099 6081 6100 6101 6098 6081 6101 6102 6100 6081 6103 6104 6081 6081 6104 6102 6105 6106 6081 6081 6106 6103 6107 6108 6081 6081 6108 6105 6109 6110 6081 6081 6110 6107 6111 6112 6081 6081 6112 6109 6113 6114 6081 6081 6114 6111 6115 6116 6081 6081 6116 6113 6117 6118 6081 6081 6118 6115 6081 6083 6117 6119 6120 6121 6119 6122 6120 6120 6123 6124 6121 6120 6124 6120 6125 6126 6123 6120 6126 6120 6127 6128 6125 6120 6128 6120 6129 6130 6127 6120 6130 6120 6131 6132 6129 6120 6132 6120 6133 6134 6131 6120 6134 6120 6135 6136 6133 6120 6136 6120 6137 6138 6135 6120 6138 6120 6139 6140 6137 6120 6140 6141 6139 6120 6142 6143 6120 6120 6143 6141 6144 6145 6120 6120 6145 6142 6146 6147 6120 6120 6147 6144 6148 6149 6120 6120 6149 6146 6150 6151 6120 6120 6151 6148 6152 6153 6120 6120 6153 6150 6154 6155 6120 6120 6155 6152 6156 6157 6120 6120 6157 6154 6120 6122 6156</p>
        </triangles>
      </mesh>
    </geometry>
  </library_geometries>

  <library_visual_scenes>
    <visual_scene id="ID1">
      <node id="ID2" name="Stab Rave Omni">
        <node>
          <matrix>-1 0 0 0 0 1 0 0 0 0 -1 0 0 0 0 1</matrix>
          <instance_node url="#ID3"/>
        </node>
        <node>
          <matrix>1 1.11022e-16 -1.65888e-15 0 -2.22045e-16 1 -3.80626e-16 0 1.4557e-15 -2.36043e-16 1 0 0 0 0 1</matrix>
          <instance_node url="#ID3"/>
        </node>
        <node>
          <matrix>-0.5 -0.866025 -2.19418e-17 0 0.866025 -0.5 1.75069e-17 0 6.16298e-33 -5.55112e-17 1 0 0 0 0 1</matrix>
          <instance_node url="#ID11"/>
        </node>
        <node>
          <matrix>1 0 0 0 0 1 0 0 0 0 1 0 0 0 0 1</matrix>
          <instance_node url="#ID11"/>
        </node>
        <node>
          <matrix>1 0 0 0 0 1 0 0 0 0 1 0 0 0 0 1</matrix>
          <instance_node url="#ID19"/>
        </node>
      </node>
    </visual_scene>
  </library_visual_scenes>

  <scene>
    <instance_visual_scene url="#ID1"/>
  </scene>

  <library_nodes>
    <node id="ID3" name="Stab Rave Omni Plate">
      <instance_geometry url="#ID4">
        <bind_material>
          <technique_common>
            <instance_material symbol="ID10" target="#ID10"/>
          </technique_common>
        </bind_material>
      </instance_geometry>
    </node>
    <node id="ID11" name="Stab Rave Omni Wheel Guard">
      <instance_geometry url="#ID12">
        <bind_material>
          <technique_common>
            <instance_material symbol="ID18" target="#ID18"/>
          </technique_common>
        </bind_material>
      </instance_geometry>
    </node>
    <node id="ID19" name="Stab Rave Omni Chassis">
      <instance_geometry url="#ID20">
        <bind_material>
          <technique_common>
            <instance_material symbol="ID18" target="#ID18"/>
          </technique_common>
        </bind_material>
      </instance_geometry>
    </node>
  </library_nodes>

</COLLADA>
